{"type": "FeatureCollection", "features": [{"type": "Feature", "geometry": {"type": "Polygon", "coordinates": [[[39.75098528065731, 21.41287062547862], [39.75240127433779, 21.41317508804324], [39.7532522750398, 21.41335771821442], [39.75468580827417, 21.41363811803098], [39.75557107292083, 21.41378114040272], [39.75644087530537, 21.41389554201103], [39.75719565931945, 21.41398177388562], [39.75782760034532, 21.41400760221482], [39.75821453830291, 21.41404529348529], [39.75897672314956, 21.41408128474072], [39.76072696981226, 21.41414506081168], [39.76311289581722, 21.41421668250943], [39.76404352357371, 21.41424471274379], [39.7659776414062, 21.4143219378559], [39.7671306346245, 21.41440271826634], [39.76800042892751, 21.4145134737344], [39.76910060634836, 21.41474507858036], [39.77004006010662, 21.41499534302223], [39.77076899296069, 21.41526091300031], [39.77176271821767, 21.41563641397011], [39.77213511922027, 21.41582115082007], [39.77267660312928, 21.4161198457038], [39.7735330388708, 21.41659995256331], [39.77455513430856, 21.41726932551729], [39.7757462128663, 21.41803113579059], [39.77632651547071, 21.41842645151906], [39.77706846246421, 21.4189751952734], [39.77801756934127, 21.41959468662558], [39.77892460136368, 21.42022153962234], [39.77963196975787, 21.42074533321724], [39.77959453459298, 21.42090685962024], [39.77877215533226, 21.4203585006662], [39.77845281279423, 21.42007313674568], [39.77822220613168, 21.41991285582188], [39.77737305348712, 21.4193681998445], [39.77686182037518, 21.41900125343099], [39.77611993177344, 21.41846326415465], [39.77395711181656, 21.4171430071328], [39.77346128671921, 21.41679032107806], [39.77266998253523, 21.4163170852243], [39.7716178532137, 21.41575899218668], [39.77072006124563, 21.41542249061812], [39.7691822367035, 21.41497776958406], [39.76845764349741, 21.41480898389909], [39.76699378098097, 21.41459338225717], [39.76619311577314, 21.41452174698425], [39.76439680272902, 21.41443672511615], [39.76378021300141, 21.41441802244688], [39.7619188830332, 21.41434761181425], [39.76123331462915, 21.41431845765473], [39.7595022669319, 21.41426535653643], [39.75867883483569, 21.41423322993712], [39.75767147831316, 21.41417683188352], [39.75701256723089, 21.41411885404826], [39.75630001256447, 21.41405394493584], [39.75569844560921, 21.41397777478156], [39.75461025870511, 21.41383925375061], [39.75399674550938, 21.41367349055168], [39.75193847477895, 21.41327756349969], [39.75079196746961, 21.41303961263946], [39.7507885184541, 21.41303889628595], [39.75096377447342, 21.41286600125474], [39.75098528065731, 21.41287062547862]]]}, "properties": {"layer": "roads", "name": "مكة - جدة السريع", "road_id": "1416", "municipality": "الحديبية", "district": "حي الحمراء", "length_m": "2920.600741", "type": "Main Axis", "color": "#38bdf8"}}, {"type": "Feature", "geometry": {"type": "Polygon", "coordinates": [[[39.75130768541204, 21.41258879415548], [39.75213507097195, 21.41278545023753], [39.75324287143176, 21.41301712600526], [39.75499463395882, 21.41337856249414], [39.75584523384467, 21.41348229715608], [39.75815162714073, 21.4137264571966], [39.75842352632181, 21.41373239855148], [39.75998233510871, 21.41380063464824], [39.76232994704489, 21.413868855563], [39.76289673815126, 21.4138842036062], [39.76514098541665, 21.41395644143429], [39.76653505580532, 21.41400744024122], [39.76704069515557, 21.4140445680626], [39.76757328755873, 21.41411025667871], [39.76774191598, 21.41413816908116], [39.76895305665131, 21.41435492414064], [39.76965846603017, 21.41451662417727], [39.77113443864887, 21.41502105248665], [39.77123707366368, 21.41505612858849], [39.77127343271857, 21.41506855457323], [39.77224033577271, 21.41544059033994], [39.77296618085646, 21.41584600411651], [39.77471831209871, 21.41698889355775], [39.77585591347907, 21.41777605026554], [39.77666689315134, 21.41834599035914], [39.7770743564352, 21.41864170673777], [39.77759307675291, 21.41897634714894], [39.77852690707306, 21.41960307720802], [39.77972742886754, 21.42040371787849], [39.77973356974342, 21.42040781358479], [39.77970655228873, 21.42048498442859], [39.77967698759083, 21.42056942911897], [39.77879294485931, 21.41994605932423], [39.77808201975291, 21.41947247644041], [39.77716750784283, 21.41887792485576], [39.77676013850015, 21.41860013653467], [39.7764640622788, 21.41836844360862], [39.77612196065743, 21.41812262182414], [39.77568781063927, 21.41784854064367], [39.77442752596508, 21.41703326502625], [39.77352064571437, 21.4164278998289], [39.77309423858694, 21.41616811829822], [39.77265645908291, 21.4159299012583], [39.77218408620293, 21.41566674343101], [39.77180406555788, 21.41548921343858], [39.77097146320227, 21.41517034117076], [39.77039589943792, 21.41494350940051], [39.77001235406184, 21.4148233611578], [39.76941415719337, 21.41466117043172], [39.76852472813293, 21.41445728611851], [39.7678540075397, 21.41433844963706], [39.76683863551991, 21.41421401717258], [39.76571638828969, 21.41415460743655], [39.76317720763841, 21.41406579345737], [39.76126617875788, 21.4140099442352], [39.75907934764922, 21.41393380946896], [39.75849722164696, 21.41391493207466], [39.75748211733141, 21.41384063958573], [39.75683850549098, 21.41377900602613], [39.75624848168039, 21.41371354321889], [39.75513724795793, 21.41356078710303], [39.75392611247851, 21.41334034560198], [39.75252697138983, 21.41304544135311], [39.75114011300291, 21.41273527667397], [39.75111240952614, 21.41272908111538], [39.75127630631995, 21.41258133579727], [39.75130768541204, 21.41258879415548]]]}, "properties": {"layer": "roads", "name": "مكة - جدة السريع", "road_id": "1417", "municipality": "الشوقية", "district": "حي الملك فهد", "length_m": "2898.064751", "type": "Main Axis", "color": "#38bdf8"}}, {"type": "Feature", "geometry": {"type": "Polygon", "coordinates": [[[39.75007364140556, 21.4128623533887], [39.74815401474294, 21.41244865158546], [39.74594620720016, 21.4120067033006], [39.74513741366854, 21.41183819132012], [39.74352834190971, 21.41166964189329], [39.74276245149256, 21.4116551096728], [39.74171726046301, 21.41168483780036], [39.74136421109613, 21.41171618355003], [39.7412002733468, 21.41172680883607], [39.74106649189861, 21.41173174972957], [39.74095763394404, 21.41174024929851], [39.74092107715569, 21.41174786450567], [39.74087178812813, 21.41175765280921], [39.74083519387985, 21.41176492032938], [39.74076672627243, 21.41177851655896], [39.74029754026709, 21.41187169063779], [39.74030166108993, 21.4118713318286], [39.74027823252277, 21.41187552530456], [39.74006407679752, 21.41188953523319], [39.73959847384621, 21.41192934283149], [39.73954397974411, 21.41193400125602], [39.73915542780798, 21.41196722013961], [39.7390409700206, 21.41197634397229], [39.7384651770784, 21.41202224121975], [39.73839273048166, 21.412028015554], [39.73810465781876, 21.41205097764294], [39.73778295518243, 21.41207001356529], [39.73733016258551, 21.41210001190641], [39.73729685664703, 21.41210257430282], [39.73671488837013, 21.4121335927722], [39.73592646952774, 21.41220877025282], [39.73530638297679, 21.41225451961608], [39.73444905860946, 21.41233357744285], [39.73391687696507, 21.41234666552113], [39.73313618519562, 21.41243613771507], [39.73241305163077, 21.41255045395128], [39.7316246633971, 21.41263278197214], [39.73070970191247, 21.41267263064375], [39.72994790107632, 21.41271180638379], [39.72906756000196, 21.41278376624026], [39.72851608903151, 21.41276823605866], [39.72741282779206, 21.41267263065713], [39.72686100157224, 21.41258538385703], [39.72627455591543, 21.41246601431249], [39.72575302776995, 21.41231050566952], [39.72500892159674, 21.41205555969435], [39.72431427723777, 21.41173585557436], [39.72367324237386, 21.4114159170135], [39.72312399933793, 21.41107406561776], [39.72252051889825, 21.41060336319494], [39.72188235236278, 21.41008619434881], [39.72098171048768, 21.40913987453983], [39.72025357531269, 21.40823225104993], [39.71926338110638, 21.4069779404194], [39.71817690413553, 21.40560570853561], [39.71770678961859, 21.40499457627869], [39.71632347974221, 21.40320408120247], [39.71525608058272, 21.40180664855704], [39.71492856001419, 21.40138135290046], [39.71356075525167, 21.39961586585662], [39.71270163370519, 21.39854760172179], [39.71257703043326, 21.39839266387304], [39.71256327159158, 21.39837555549715], [39.71249354470829, 21.39828885298853], [39.71247029757814, 21.3982599458415], [39.71267189929892, 21.39811151440092], [39.71269960172948, 21.39814762763842], [39.7127671345995, 21.39823566568274], [39.71279710014912, 21.39827472905224], [39.71289926567093, 21.39840791531178], [39.71455704460762, 21.40056899325931], [39.71573997108166, 21.40210577772981], [39.71735042364598, 21.40415347374261], [39.71887637019037, 21.40613697223538], [39.72032521762278, 21.40800604714534], [39.72059874146888, 21.40834550798474], [39.72136141049262, 21.40926732383207], [39.72204262355866, 21.40997434848892], [39.72254624624632, 21.41038452811834], [39.72316885339155, 21.41085156208789], [39.72370667858692, 21.41120780521674], [39.72412127142393, 21.41142115265231], [39.72481212096154, 21.4117480457667], [39.72521120616144, 21.41192201571273], [39.72561780820697, 21.41206726704943], [39.72627349268763, 21.41225088079756], [39.72728547568774, 21.41247238693551], [39.72820871690985, 21.4125580188668], [39.72883692870735, 21.41260548728238], [39.72912027746532, 21.41260425475976], [39.73025326248282, 21.41251685142965], [39.7308772162912, 21.41247827555531], [39.73202165098049, 21.41238363956836], [39.73242727762381, 21.41233166801748], [39.73299352746332, 21.41223955132238], [39.73365947363997, 21.41217568136751], [39.73460509866837, 21.41214285398649], [39.73491515937008, 21.41212356712261], [39.73566902735073, 21.41203061859699], [39.73671389975247, 21.41193638772956], [39.73731498300455, 21.4119194018369], [39.73788142569305, 21.4118667095733], [39.73832161772469, 21.41183608586779], [39.73872729420999, 21.41179485649553], [39.73920938907138, 21.41172101731972], [39.73950796124763, 21.41170177266476], [39.73983721945388, 21.41169314777281], [39.7405031231634, 21.41162208013079], [39.74147149822841, 21.41154608607754], [39.74252810359852, 21.41150196552658], [39.7431024525877, 21.4114994198784], [39.74373051766312, 21.41151814809905], [39.74485301336479, 21.41163148888469], [39.74533201941756, 21.41170465763613], [39.74551985955713, 21.41174684964283], [39.7479231427129, 21.41222737304939], [39.74934899769777, 21.41250785335908], [39.750254309344, 21.4126967547196], [39.75025746281867, 21.4126974127789], [39.75096377447342, 21.41286600125474], [39.7507885184541, 21.41303889628595], [39.75009367562111, 21.41286667081407], [39.75007364140556, 21.4128623533887]]]}, "properties": {"layer": "roads", "name": "مكة - جدة السريع", "road_id": "1418", "municipality": "العمرة", "district": "حي ام الجود", "length_m": "4324.681312", "type": "Main Axis", "color": "#38bdf8"}}, {"type": "Feature", "geometry": {"type": "Polygon", "coordinates": [[[39.75039388009889, 21.41256882549145], [39.74877331095239, 21.41224867586054], [39.74796447679018, 21.41207300612912], [39.7462357182477, 21.41171139283888], [39.74543854106711, 21.41156792969481], [39.74496334550701, 21.41149115844875], [39.74412811529162, 21.41139447150219], [39.74325864351053, 21.41134095973251], [39.74281065194027, 21.41134294590985], [39.7420066176715, 21.41135726425817], [39.7407472932801, 21.4114453051416], [39.73999339614165, 21.41153110479234], [39.73952244725896, 21.4115367694111], [39.73928125598742, 21.4115450043197], [39.73901718135046, 21.4115712690595], [39.73847391298614, 21.41166330470165], [39.7380490195044, 21.4116902755685], [39.7371648246749, 21.41175512299457], [39.73670164006997, 21.41178225887813], [39.73641072472784, 21.41180146580415], [39.73564533581852, 21.4118872964892], [39.73468087230532, 21.41198116822691], [39.73418317122985, 21.41199769181828], [39.73344823282513, 21.41204752325942], [39.7326254402656, 21.41214076314903], [39.73219308184736, 21.41220719448635], [39.73153094611231, 21.41226745614076], [39.73131283448455, 21.41229709311986], [39.73060469611946, 21.412346795196], [39.72990042109524, 21.41240364827924], [39.72923050112386, 21.41243883557865], [39.72886296697587, 21.4124511911096], [39.72848761519975, 21.4124313097896], [39.72807393721988, 21.41240442241511], [39.7273842313088, 21.41231060454703], [39.72693575629709, 21.41221573853433], [39.72670578348215, 21.41217012242061], [39.72624208083332, 21.41209324805805], [39.72581268162205, 21.41198395379558], [39.72530638225323, 21.41181044934024], [39.72486501922743, 21.4116043915223], [39.7240437197572, 21.41122427699001], [39.72349073662391, 21.41090037226725], [39.7229066125596, 21.4104726153366], [39.72234160074826, 21.41003760216864], [39.72179146885043, 21.40951288261252], [39.72132570032401, 21.40901289733219], [39.72048970365002, 21.40797306920143], [39.71936837916921, 21.40652569762701], [39.71826265610378, 21.4051320353529], [39.71704502564122, 21.40355597610632], [39.71580826098451, 21.40197640292683], [39.71489124204926, 21.40079346415587], [39.7129790403848, 21.3983515302256], [39.71288038077381, 21.3982255360946], [39.71284681864545, 21.39818267538398], [39.71277754427892, 21.39809420839826], [39.71274750693242, 21.39805584822882], [39.71294069775456, 21.39791360847517], [39.71297545949865, 21.39795856283073], [39.71306206058403, 21.39807055832002], [39.7130773770628, 21.39809036592536], [39.71317320490812, 21.39821429400234], [39.71402256735124, 21.39931270543603], [39.71564868106092, 21.401442821795], [39.71618423142609, 21.40212898072201], [39.71717053691211, 21.40338332829404], [39.71819929256099, 21.40470202874515], [39.71881964564993, 21.40549897067775], [39.71986388624165, 21.40684627860731], [39.72095428669614, 21.40823282354308], [39.7215705952515, 21.40897957224376], [39.72192091415472, 21.40936172781657], [39.7222710586818, 21.4097080265079], [39.72263634444666, 21.41001840319901], [39.72303995631443, 21.41033578543793], [39.72356639848257, 21.41071359157247], [39.72403879529639, 21.41100198830581], [39.72442649688269, 21.41119752365829], [39.72502509509992, 21.41145310191369], [39.72548946781144, 21.41166623053536], [39.7261950517841, 21.41187472785222], [39.72688493238748, 21.41200440582996], [39.72742923892872, 21.41212037032717], [39.72826838216436, 21.41223505206737], [39.72873951352229, 21.41226527501462], [39.72937112536403, 21.41222667056051], [39.72983436583722, 21.4122103113071], [39.73102839844115, 21.41207961026073], [39.73235265026789, 21.41195550257625], [39.73396954121459, 21.41178952755448], [39.73454177343351, 21.41173078334469], [39.7353210980248, 21.41175062285154], [39.73550299836905, 21.41175525267854], [39.7356321964774, 21.41174166577848], [39.73657916983957, 21.4116420778846], [39.73681951292367, 21.41161680128612], [39.73785686696473, 21.41155128146115], [39.73843477574654, 21.41149495193147], [39.73910425619639, 21.41137367484671], [39.73959810685166, 21.41135356783972], [39.7400115663886, 21.41133740021811], [39.74059711364632, 21.4112774436889], [39.74195207006822, 21.41117105317165], [39.74272156977404, 21.41114254474912], [39.74332275719131, 21.41114705114388], [39.74377463273598, 21.41115580302613], [39.74488177341136, 21.41126204103697], [39.74549127338879, 21.41139558517029], [39.74613137086188, 21.41152181913943], [39.74717398754829, 21.41173948323526], [39.74903300800499, 21.41211484711911], [39.75055451706289, 21.41242158784699], [39.75058155672881, 21.41242703930878], [39.75127630631995, 21.41258133579727], [39.75111240952614, 21.41272908111538], [39.75040615428173, 21.41257125053908], [39.75039388009889, 21.41256882549145]]]}, "properties": {"layer": "roads", "name": "مكة - جدة السريع", "road_id": "1419", "municipality": "الشوقية", "district": "حي البساتين", "length_m": "4321.959085", "type": "Main Axis", "color": "#38bdf8"}}, {"type": "Feature", "geometry": {"type": "Polygon", "coordinates": [[[39.62196793862073, 21.35231784548769], [39.62199455379055, 21.35211935545476], [39.62356948647442, 21.3521541487025], [39.6250776618318, 21.35217722878982], [39.62704148410224, 21.35223803763857], [39.62913150934851, 21.35227325107486], [39.63084646513282, 21.35231701942271], [39.63264950176793, 21.35237119541878], [39.63429548632142, 21.35239725857726], [39.63601042908567, 21.35243738824247], [39.63794360437031, 21.35249101451261], [39.63891661036546, 21.35251119627015], [39.64057340873538, 21.35254554918429], [39.64251038212109, 21.35259193646953], [39.64438227104361, 21.3526349660579], [39.64568763756753, 21.35266939569573], [39.64663319856918, 21.3527016156918], [39.64722667344088, 21.35274594429851], [39.64807679850561, 21.35283589422129], [39.64918759316745, 21.35301447624395], [39.64961665842685, 21.35309887422902], [39.65025266438631, 21.35323984133109], [39.65125668886511, 21.35350846562575], [39.65195430467805, 21.35373165911656], [39.6530737973691, 21.35414325217569], [39.65385229118898, 21.35447727961761], [39.65400109473978, 21.35455033868084], [39.6543043720762, 21.3546992387232], [39.65483047615523, 21.35495753881243], [39.65571304183297, 21.35545250918661], [39.65689909746942, 21.35619370045456], [39.65810436739272, 21.35694915141739], [39.65946706516333, 21.35781154568207], [39.66127501377623, 21.35894468939939], [39.66307147469764, 21.36007068731509], [39.6641847143345, 21.36077625614431], [39.66476437024389, 21.36114328924922], [39.66653404023551, 21.36225859696315], [39.66827682851164, 21.36334889268555], [39.66978169711583, 21.36430386234032], [39.671593614663, 21.36543328971383], [39.67324437858547, 21.36647369986395], [39.67454965223527, 21.36729675481585], [39.67599299215694, 21.36817302829978], [39.67708685192405, 21.36879970165302], [39.6780616245176, 21.36933362055481], [39.67909007864863, 21.36988524415877], [39.68055216301538, 21.37066458805042], [39.68200276223568, 21.37144037954671], [39.68323459602404, 21.37209155029014], [39.68466604920848, 21.37286022503469], [39.685579442892, 21.37335490606013], [39.68681520317311, 21.3740203763067], [39.68825052149368, 21.37478900272666], [39.68960141659904, 21.37551135032777], [39.69091009888377, 21.37620876101497], [39.69240301587197, 21.37700579984797], [39.69314203691238, 21.37740079959796], [39.693723399444, 21.3777115292526], [39.69380768080006, 21.37775657593903], [39.69485927102286, 21.3783187607817], [39.69562317879027, 21.3787602194238], [39.69633734134316, 21.37920546679306], [39.69685962241643, 21.37955110934629], [39.6977316330186, 21.38018214953403], [39.69865773931497, 21.38091694422474], [39.6993612205172, 21.38152716271705], [39.69974575075918, 21.38188412672688], [39.70017270056708, 21.3823054551651], [39.70023842635797, 21.38237324409103], [39.70069207771149, 21.3828411367545], [39.70105673925606, 21.38323754850123], [39.70162766792955, 21.38389846160392], [39.70286026359172, 21.38547099557348], [39.70439345622309, 21.38745102404979], [39.70487879000154, 21.38806571945058], [39.70605758184887, 21.3895810840224], [39.70732883360455, 21.39121078963621], [39.7088081681362, 21.39311211682756], [39.70922427913716, 21.39365537786596], [39.71017205989963, 21.39488483418681], [39.71117380452274, 21.3961857678658], [39.71174394601965, 21.39690765259451], [39.71249912028924, 21.39788691493118], [39.71267189929892, 21.39811151440092], [39.71247029757814, 21.3982599458415], [39.7113913992596, 21.39684460644264], [39.71025916345173, 21.39547968396349], [39.70885673697686, 21.39365693177733], [39.70763104386365, 21.39195533289439], [39.70620581720179, 21.39015416590671], [39.70551228979068, 21.3892391545168], [39.70374050089016, 21.38700914202468], [39.70266211314267, 21.38566545175299], [39.70115982823824, 21.3837354766087], [39.70025170645702, 21.38276396741972], [39.69877473315829, 21.38131434267221], [39.69772174729066, 21.38046533509863], [39.69680760803013, 21.37983088398083], [39.69590889007332, 21.37921787724557], [39.69489543634481, 21.37862685511296], [39.69392816518413, 21.37808583546632], [39.69267717892653, 21.37745275353967], [39.69019014712889, 21.37610044326521], [39.6885860682085, 21.37526798403772], [39.68698180634755, 21.37439248073996], [39.68448738791435, 21.37307597051987], [39.68231509748737, 21.37187285450233], [39.680005000648, 21.37066309591776], [39.67814773126263, 21.36968813109806], [39.67656639264951, 21.36877657590002], [39.67585268438265, 21.36840653995934], [39.67510792900939, 21.36794339663653], [39.67412509301555, 21.36731626509954], [39.67356451424907, 21.36694560319066], [39.67185252967584, 21.36591261234447], [39.67010180065266, 21.36477218786258], [39.6680369251866, 21.36356845084148], [39.66650112841966, 21.36254187401986], [39.6648044249168, 21.36148006233361], [39.66359146066266, 21.36073186368069], [39.6614186165999, 21.35932767002133], [39.65969146082597, 21.35828743920102], [39.65716558702101, 21.35666943302114], [39.65607534355676, 21.35595655421537], [39.65494721839988, 21.35532987345336], [39.65391125012001, 21.35476736822904], [39.65291429646755, 21.35436964742731], [39.65194815891593, 21.35401483027835], [39.65061438915257, 21.35361840258467], [39.64931924976072, 21.35330069980476], [39.64797093938104, 21.35307642168674], [39.6469141249936, 21.35298726653819], [39.64595685880229, 21.35290489376468], [39.64510714231537, 21.35290815941022], [39.64205552239544, 21.35281332929707], [39.64140916283861, 21.35279323602767], [39.64110998625399, 21.35278690458226], [39.64110993995786, 21.35278690385548], [39.64026077255175, 21.35276893174363], [39.63869900551925, 21.3527461919767], [39.63552951210018, 21.35269367086745], [39.63105821997368, 21.35254558584298], [39.62949642368395, 21.35251558954981], [39.62613549480019, 21.35244926544316], [39.62439754138437, 21.35239836350264], [39.62196793862073, 21.35231784548769]]]}, "properties": {"layer": "roads", "name": "مكة - جدة السريع", "road_id": "1420", "municipality": "الحديبية", "district": "حي الحديبية", "length_m": "10219.387145", "type": "Main Axis", "color": "#38bdf8"}}, {"type": "Feature", "geometry": {"type": "Polygon", "coordinates": [[[39.62201666055608, 21.35198518424607], [39.62205488173185, 21.35175472828224], [39.62375181074864, 21.35176250372651], [39.62389984480771, 21.35177581706981], [39.62406880347005, 21.35179101130407], [39.62459420380887, 21.35183825879864], [39.62588047076852, 21.35188367148569], [39.6271360865025, 21.35192201686361], [39.63355175034415, 21.35206288433879], [39.6368744257084, 21.35213637615887], [39.63867364827529, 21.35219408787635], [39.63919438011994, 21.35223513560504], [39.6414682190884, 21.35229101056468], [39.64320604695985, 21.35231305057933], [39.64389519246551, 21.3523534387069], [39.64590857153948, 21.35236722234797], [39.64728689472389, 21.35245514528059], [39.64796857511996, 21.35253857386952], [39.64866572413779, 21.3526577974251], [39.64914824778786, 21.35271330455597], [39.64993748074472, 21.35288236717719], [39.65129382671281, 21.35319265517476], [39.65269696613664, 21.35369637946426], [39.65348681301683, 21.35400167896513], [39.6544455848641, 21.35442105893276], [39.65568418650409, 21.3551119517719], [39.65584999061689, 21.35520443633884], [39.65692456529748, 21.35583849230006], [39.65783342660053, 21.35642488470635], [39.65783453216314, 21.35642559864465], [39.65828348217586, 21.35671525513819], [39.66010279474214, 21.3578268529482], [39.66169211884824, 21.35886045186958], [39.66258269151805, 21.35942348129019], [39.66398751013158, 21.36027850039788], [39.66675891946355, 21.36198865291392], [39.66781853731799, 21.36268006694819], [39.66916982786864, 21.36353525390495], [39.67092825548482, 21.36469000164554], [39.67287823490774, 21.36587264714278], [39.67459830813463, 21.36699882310635], [39.67702422927464, 21.36844484729091], [39.67855933328175, 21.36929204242948], [39.68131443829864, 21.37071515688939], [39.68296459665579, 21.37159770058021], [39.68529027624078, 21.37285755369094], [39.68779225384507, 21.37415250645991], [39.69021025874721, 21.37549079506181], [39.69219823947349, 21.37655113921071], [39.69370271837943, 21.37736246119028], [39.69443172441179, 21.3777108419535], [39.6951762835103, 21.3781093548225], [39.69619000600112, 21.37875774490422], [39.69705789292374, 21.37932784938812], [39.69777973535425, 21.37977664441096], [39.69846394700738, 21.38036184766375], [39.6991402005865, 21.3808825396157], [39.6993846519643, 21.38111260611932], [39.69961856871073, 21.38133275626857], [39.69962863028458, 21.38134222518858], [39.6996291418889, 21.38134270641407], [39.70016928300473, 21.38185105624809], [39.700809167195, 21.38245327147219], [39.70143273175957, 21.38316062904475], [39.70217163107952, 21.38404413866371], [39.70301862709344, 21.38505688268408], [39.70303448373393, 21.38507584248225], [39.70412107560345, 21.38653423712821], [39.70623983286241, 21.38926477806927], [39.70802769132792, 21.39163812039528], [39.70912141750139, 21.39296736558536], [39.71009978768882, 21.39418952143432], [39.71138692473497, 21.39591952527766], [39.71235008768559, 21.39715607468424], [39.71294069775456, 21.39791360847517], [39.71274750693242, 21.39805584822882], [39.71183576483728, 21.39689291934117], [39.71047183310073, 21.39512021791568], [39.7098786647461, 21.39438408326328], [39.70913904789297, 21.39344776994421], [39.70755188682515, 21.39141781726199], [39.70670437932134, 21.39033134927833], [39.70503237318564, 21.38815830155745], [39.70420038856349, 21.38710761052365], [39.70255932403226, 21.38498460542344], [39.70165050149243, 21.38386968081771], [39.70095740835733, 21.38303353087032], [39.70048041335048, 21.38255504381523], [39.70001880270192, 21.382090832868], [39.69938813866121, 21.3814982414276], [39.69888845626285, 21.38107721472083], [39.69803518571896, 21.38036363191589], [39.69719764380481, 21.37973603605073], [39.69609162681395, 21.37900197928411], [39.69505510282526, 21.37838953932607], [39.69411852555792, 21.37786273627648], [39.69351225664077, 21.377564046779], [39.69267549188928, 21.37709419266224], [39.69101762721012, 21.37622612308751], [39.68978936819144, 21.37553555451136], [39.68857670210409, 21.37490228341164], [39.68469303546827, 21.37284564846849], [39.68182252151119, 21.37131548952918], [39.68061754557429, 21.37067495598174], [39.67847617611141, 21.36952186301903], [39.67736319831153, 21.36890244798753], [39.67623491804606, 21.36828308696444], [39.67517554990395, 21.36766344095101], [39.67433860263251, 21.36712895112725], [39.6735324483546, 21.3666301907177], [39.67272620025376, 21.36610991209881], [39.67034606414653, 21.36461344162733], [39.66923279925323, 21.36391508719729], [39.66694469728946, 21.36243971336924], [39.66549377767996, 21.36155621725175], [39.66418871845101, 21.36075818784367], [39.66233070739791, 21.35956790309584], [39.66130188731898, 21.35890501738527], [39.65975888257485, 21.35795728945129], [39.65856890671271, 21.35720179174883], [39.65794716161698, 21.35683131538106], [39.6573099491722, 21.35642503973855], [39.65651902855533, 21.3558831064376], [39.65543686524356, 21.35526342026437], [39.65430884260603, 21.35465824833486], [39.65352645543589, 21.35430989540767], [39.65213852255009, 21.35378460547583], [39.65072023117401, 21.3533167926783], [39.64894253897229, 21.35293641349771], [39.64824548305204, 21.3528387054432], [39.64672911277812, 21.3526939507809], [39.64493741251707, 21.35260761103914], [39.6438886019454, 21.35259729198935], [39.64085684174638, 21.3525300014248], [39.63902696349113, 21.3524652588687], [39.6376411427395, 21.35241315314634], [39.63510709006231, 21.35237255421387], [39.63329255547129, 21.35231486203518], [39.63055178647458, 21.35226780167476], [39.62879080805545, 21.3522026887607], [39.62631034371564, 21.35216175545044], [39.62201666055608, 21.35198518424607]]]}, "properties": {"layer": "roads", "name": "مكة - جدة السريع", "road_id": "1421", "municipality": "الشوقية", "district": "حي الشميسي", "length_m": "10242.674412", "type": "Main Axis", "color": "#38bdf8"}}, {"type": "Feature", "geometry": {"type": "Polygon", "coordinates": [[[39.8213201921392, 21.42219444537784], [39.82149527916163, 21.42211888773976], [39.82151487659569, 21.42219946711717], [39.82133661451895, 21.42227802896056], [39.82109498402529, 21.42243757670573], [39.82075568313898, 21.42282170103611], [39.82012454070933, 21.42351800393908], [39.8198801488094, 21.42375525129381], [39.81971798971747, 21.42386062388739], [39.81954926450732, 21.42393316089492], [39.81922088777313, 21.42398855049742], [39.81873319062771, 21.42408655074125], [39.8180634531729, 21.4241585465557], [39.81756264125081, 21.42419385914396], [39.81752070937343, 21.42411338827288], [39.81853822054487, 21.42403073157513], [39.81880294334129, 21.42400553430264], [39.81933214050873, 21.42391031950336], [39.81950743071013, 21.42387061815442], [39.81965705945671, 21.42380713867482], [39.81979382403191, 21.42372579393315], [39.81991780781012, 21.42364152302341], [39.82003196799933, 21.4235124808001], [39.82020002406573, 21.42332042722475], [39.82037132146618, 21.4231373216583], [39.82056473945475, 21.42291526368589], [39.82082145858727, 21.42260026810816], [39.82096736029047, 21.42244118990371], [39.82111661943604, 21.42231197496349], [39.8213201921392, 21.42219444537784]]]}, "properties": {"layer": "roads", "name": "ام القرى", "road_id": "1", "municipality": "الغزة", "district": "حي جرول", "length_m": "457.288852", "type": "Main street", "color": "#38bdf8"}}, {"type": "Feature", "geometry": {"type": "Polygon", "coordinates": [[[39.82089702592902, 21.4222032050343], [39.82176715596483, 21.42167544416615], [39.82191340774046, 21.4218073930792], [39.821960200696, 21.42195775795966], [39.82166074371695, 21.42203441307602], [39.82138681865256, 21.42212539589409], [39.82113237354137, 21.42227604157221], [39.82106247261303, 21.42233016844115], [39.8208783453867, 21.42250138579455], [39.82064062260059, 21.42278939626819], [39.82028556434835, 21.42320945304989], [39.81990815120021, 21.42362663081784], [39.81980962960532, 21.42369882445118], [39.81965380199875, 21.42379520195295], [39.81950417326768, 21.42385868233281], [39.81922686928247, 21.42391680979322], [39.81879649519523, 21.4239936140621], [39.81861148149897, 21.42400647005707], [39.81823187978254, 21.42403222820326], [39.81750776145061, 21.42408058389255], [39.81747862689466, 21.42400602598262], [39.81860512588027, 21.42391039917699], [39.81902209477013, 21.42383306376382], [39.81918264245189, 21.42378208116055], [39.81956480710209, 21.42364395965127], [39.81968656222568, 21.42350352592069], [39.8197891316742, 21.4233560153036], [39.82006696388935, 21.42304988155422], [39.82022322128638, 21.42291645014271], [39.82053134587714, 21.42254921147522], [39.82089702592902, 21.4222032050343]]]}, "properties": {"layer": "roads", "name": "ام القرى", "road_id": "2", "municipality": "الغزة", "district": "حي جرهم الشمالي", "length_m": "516.100381", "type": "Main street", "color": "#38bdf8"}}, {"type": "Feature", "geometry": {"type": "Polygon", "coordinates": [[[39.81718403693846, 21.42416941248262], [39.81721501012971, 21.42423021636206], [39.81702743628777, 21.42424188784162], [39.81649925685578, 21.42429107586034], [39.81594044391213, 21.42434041143992], [39.81493232815412, 21.42443430711771], [39.81483245493907, 21.42444360975558], [39.81468660868439, 21.42445719242999], [39.81467916184756, 21.42442990283644], [39.81467710932206, 21.42442238254582], [39.81466917027155, 21.4243543677261], [39.81487650562958, 21.42433841886193], [39.81518909614397, 21.42431299440677], [39.816286337522, 21.4242209992493], [39.81716982685279, 21.42413900476492], [39.81718403693846, 21.42416941248262]]]}, "properties": {"layer": "roads", "name": "ام القرى", "road_id": "3", "municipality": "الغزة", "district": "حي جرول", "length_m": "248.276627", "type": "Main street", "color": "#38bdf8"}}, {"type": "Feature", "geometry": {"type": "Polygon", "coordinates": [[[39.81715304382261, 21.42410502289378], [39.81613884801063, 21.42421036422224], [39.81556088771676, 21.42425979091459], [39.81464782745292, 21.42433580981673], [39.81463950787756, 21.42430582043292], [39.81462729732047, 21.42426180761499], [39.81462499415318, 21.42426180707065], [39.81462265897232, 21.42425359972315], [39.81538057450748, 21.42419971460767], [39.81611162505888, 21.42413519956233], [39.81672005813073, 21.42405693692041], [39.81712197094424, 21.42402629229477], [39.81715304382261, 21.42410502289378]]]}, "properties": {"layer": "roads", "name": "ام القرى", "road_id": "4", "municipality": "الغزة", "district": "حي جرول", "length_m": "245.531219", "type": "Main street", "color": "#38bdf8"}}, {"type": "Feature", "geometry": {"type": "Polygon", "coordinates": [[[39.80947045610023, 21.42365558018369], [39.81081836356031, 21.4238821251025], [39.81238974775295, 21.42412550261184], [39.81327745603634, 21.42422876196057], [39.81323992406588, 21.42436639179713], [39.8119561031887, 21.42417933499236], [39.81190815354294, 21.42417234881849], [39.81157280451077, 21.42412348622943], [39.81152771523802, 21.42411658004659], [39.81148057000726, 21.42410935947166], [39.81129251928873, 21.4240805575877], [39.81122087344195, 21.42406958430299], [39.81121044297639, 21.42406798691696], [39.8112099263316, 21.42406790810815], [39.81104522716004, 21.42404268255905], [39.81104509003137, 21.42404266154011], [39.8101355777947, 21.42390335581225], [39.80969514879725, 21.42382872336723], [39.80966191153138, 21.42382309107861], [39.80927211289967, 21.42375703771375], [39.80921894298209, 21.42374802785367], [39.80901243081977, 21.42371303266259], [39.80894964661999, 21.42370239324237], [39.80845547328476, 21.42361865002844], [39.80851471579292, 21.42351141060846], [39.8085236435775, 21.42349524991382], [39.80852498584596, 21.42349281947044], [39.80947045610023, 21.42365558018369]]]}, "properties": {"layer": "roads", "name": "ام القرى", "road_id": "5", "municipality": "الغزة", "district": "حي جرول", "length_m": "469.776361", "type": "Main street", "color": "#38bdf8"}}, {"type": "Feature", "geometry": {"type": "Polygon", "coordinates": [[[39.81329813541517, 21.42417842780438], [39.81328637970701, 21.4242194392768], [39.81231293030649, 21.42408404348045], [39.81183387680139, 21.42401465339758], [39.81092685907843, 21.42388159991683], [39.80979617290227, 21.42369583851749], [39.80852123288344, 21.42345994104702], [39.80850564200831, 21.42345705658313], [39.80853696027523, 21.42334933757881], [39.80854330888248, 21.42334333149723], [39.80854363143501, 21.42334338324413], [39.80915273493515, 21.42344080954026], [39.80920409507655, 21.42344902409381], [39.809467128664, 21.42349109553777], [39.80952957054133, 21.42350108322344], [39.80966757562898, 21.42352315616411], [39.80991003361899, 21.42356314722465], [39.80991011184647, 21.42356316039822], [39.81008288023912, 21.42359165741136], [39.81008376583272, 21.42359180310194], [39.81114444020216, 21.4237667457669], [39.81114493370444, 21.42376682739836], [39.81117837297852, 21.4237723418679], [39.81139235640497, 21.42380763426767], [39.811604217172, 21.42383855673702], [39.81164159381023, 21.42384401228469], [39.81224722681323, 21.42393240678926], [39.81229685380742, 21.42393965034926], [39.81271114839893, 21.42400011731304], [39.81279537395289, 21.4240124102991], [39.81333413349148, 21.4240910400617], [39.81332932028449, 21.42411657963537], [39.81331652011403, 21.42411429551826], [39.81329813541517, 21.42417842780438]]]}, "properties": {"layer": "roads", "name": "ام القرى", "road_id": "6", "municipality": "الغزة", "district": "حي جرول", "length_m": "470.757886", "type": "Main street", "color": "#38bdf8"}}, {"type": "Feature", "geometry": {"type": "Polygon", "coordinates": [[[39.80282252681106, 21.42248150632923], [39.80282246701051, 21.42248151022962], [39.80255130154532, 21.42250044855903], [39.80195478362153, 21.42265748513502], [39.80157834681374, 21.42278255860926], [39.80157815418976, 21.42278262277277], [39.80152567642673, 21.4228000584731], [39.80095210223497, 21.42299063091593], [39.8008543332495, 21.42302311496347], [39.80085412425202, 21.42302318462515], [39.80025763055725, 21.42322136839358], [39.7991684008901, 21.42361381241998], [39.79759382124988, 21.42418784000767], [39.79726133569988, 21.42431133317485], [39.79699762139822, 21.42440581380868], [39.79685724743064, 21.42444066746468], [39.79685715010748, 21.42444069141747], [39.79681964547684, 21.42445000375429], [39.79670315483044, 21.42447892632591], [39.79657396873801, 21.42449513885284], [39.79645649893714, 21.4245098816671], [39.79641570057532, 21.42451500218495], [39.79641557715187, 21.42451501722703], [39.79596075887303, 21.42457209552545], [39.79502716881606, 21.42471636678437], [39.79397373037066, 21.42480569179332], [39.79389361406523, 21.42481248514682], [39.79361507022573, 21.4248361023308], [39.79358409422279, 21.42483872906994], [39.7932439174599, 21.42486757138902], [39.79324372360576, 21.42486758766576], [39.79316042455424, 21.42487465051666], [39.79292196565413, 21.424894868574], [39.79199125816081, 21.42496671367698], [39.79194573445288, 21.42497022742752], [39.79155910305493, 21.42500007196925], [39.79151816738139, 21.42500323145149], [39.79125241290851, 21.42502374506548], [39.79125229234934, 21.42502375466953], [39.79113612287166, 21.42503272087497], [39.79113607271826, 21.42503272472566], [39.79089322756578, 21.42505146901832], [39.79096511501514, 21.42488977778485], [39.79207149340846, 21.42483076625315], [39.79357592406924, 21.4247340057901], [39.79437195261134, 21.42464417858778], [39.79553918765211, 21.42450955714947], [39.79645376528302, 21.42439047236314], [39.79691662264799, 21.42429863111078], [39.79749004080629, 21.42411662238196], [39.79819705470846, 21.42385509275199], [39.80045964271689, 21.42304829424211], [39.80189288956329, 21.42254304271692], [39.80224089925163, 21.42245890830114], [39.80261202049526, 21.42239976040478], [39.80300637204202, 21.42238711406295], [39.80338165560106, 21.42238890057277], [39.80410598858683, 21.42249657822612], [39.80491124637896, 21.42269709040952], [39.80512980728791, 21.42274982363125], [39.80509210415986, 21.42285757275443], [39.80459341397314, 21.42272606416357], [39.80454701389654, 21.42271382838371], [39.80434430399981, 21.42266037141449], [39.80385369122593, 21.42257667233912], [39.80383579880413, 21.42257404783247], [39.80377966590787, 21.42256581386007], [39.80345128811108, 21.42251764763379], [39.80307205714032, 21.42249436716114], [39.80288021966538, 21.42248406306987], [39.8028269085337, 21.42248119983908], [39.80282252681106, 21.42248150632923]]]}, "properties": {"layer": "roads", "name": "ام القرى", "road_id": "7", "municipality": "العتيبية", "district": "حي الزهراء", "length_m": "1392.86921", "type": "Main street", "color": "#38bdf8"}}, {"type": "Feature", "geometry": {"type": "Polygon", "coordinates": [[[39.79399287192067, 21.42464956076182], [39.79357942422639, 21.42467303397016], [39.79297828289092, 21.42468663734912], [39.79253402638054, 21.42467798329499], [39.79214713161394, 21.42465471444979], [39.79114967232916, 21.4246452242909], [39.79113994965252, 21.42464513198208], [39.79116491737353, 21.42458501916794], [39.7911810951482, 21.42454607156886], [39.79119665471762, 21.42450861126623], [39.7912015666402, 21.42450873442574], [39.7919166782638, 21.42452672195038], [39.79342961637546, 21.42458768948232], [39.79378957064662, 21.42458598413462], [39.79452057681121, 21.42451080671373], [39.79594029178659, 21.42432837192204], [39.79682046255677, 21.42422020518567], [39.79721419715359, 21.42409283649896], [39.79769188323883, 21.42391128267464], [39.79903328482549, 21.42341366324676], [39.80067290827622, 21.42283213995187], [39.80165899254755, 21.42248679280962], [39.80210251761909, 21.42236275947314], [39.802389415977, 21.42230760202387], [39.80270317715748, 21.42226307190246], [39.80312435315629, 21.42225388166591], [39.80371047936363, 21.42229768352263], [39.80423172487659, 21.42238123599135], [39.80464964020433, 21.42247604059563], [39.80497938687298, 21.42255333879105], [39.80517489314962, 21.42259184131456], [39.80513730898364, 21.42272110291841], [39.80509133765243, 21.42271773804987], [39.80410966004693, 21.42246787593843], [39.80304825893313, 21.42234388627171], [39.8027496372533, 21.42235607401338], [39.80245494387729, 21.42238617055389], [39.80209915905535, 21.42244882958006], [39.80176271502501, 21.42254725159202], [39.80045940822361, 21.42300526833991], [39.79952682883182, 21.42333242505158], [39.79818156228236, 21.4238228960687], [39.7974744706261, 21.4240700836542], [39.79696999852573, 21.42425535013001], [39.79662965969262, 21.42434302310031], [39.79620871094892, 21.42439522313861], [39.79560409144106, 21.42447339347114], [39.79479278645337, 21.42457046969622], [39.79399287192067, 21.42464956076182]]]}, "properties": {"layer": "roads", "name": "ام القرى", "road_id": "8", "municipality": "العتيبية", "district": "حي الزهراء", "length_m": "1373.175685", "type": "Main street", "color": "#38bdf8"}}, {"type": "Feature", "geometry": {"type": "Polygon", "coordinates": [[[39.78990984518801, 21.4246437528972], [39.78990734544076, 21.42465546353774], [39.78844230773493, 21.4247197351187], [39.7870023108269, 21.42469304184612], [39.78670061235251, 21.42460840388502], [39.78610216601376, 21.42441042012667], [39.78566228086218, 21.42426427899399], [39.785268322358, 21.42411314029851], [39.78482161413775, 21.42392400175479], [39.78448360264473, 21.42373196244214], [39.78358479687842, 21.42321984247503], [39.78237058426723, 21.42244385618935], [39.78107884657521, 21.42148894180466], [39.7800643897202, 21.42082674568677], [39.78006555778159, 21.42077035001013], [39.78006760727169, 21.42067135398822], [39.78008705019028, 21.42068461927868], [39.78053391868485, 21.42098949682921], [39.78130235501643, 21.42147355719515], [39.78172805585086, 21.42183491220659], [39.78269150832701, 21.4225045077481], [39.7839471242912, 21.42319576411418], [39.78404341054674, 21.42324877195546], [39.78455035488085, 21.42352368485561], [39.78470852467976, 21.42359811614976], [39.7847238971903, 21.42360535039556], [39.78570718364761, 21.42406805530203], [39.7868629193686, 21.42440684831747], [39.78760894510313, 21.42451330018021], [39.78847689311932, 21.42450443679277], [39.78994718801196, 21.42446882490323], [39.78994055935018, 21.42449987542389], [39.78990984518801, 21.4246437528972]]]}, "properties": {"layer": "roads", "name": "مكة - جدة السريع", "road_id": "1413", "municipality": "العتيبية", "district": "حي النزهة", "length_m": "1057.114144", "type": "Main Axis", "color": "#38bdf8"}}, {"type": "Feature", "geometry": {"type": "Polygon", "coordinates": [[[39.78500805806415, 21.42413826472812], [39.78512577113645, 21.42419030147349], [39.78512581743895, 21.42419896269769], [39.78512648674397, 21.42432416061564], [39.78512653785729, 21.4243337216602], [39.78451742380759, 21.42404972786786], [39.78447731902175, 21.42418855839044], [39.78421207392207, 21.42400302957364], [39.7841569711814, 21.42396448675559], [39.78368294741531, 21.42363292280397], [39.783487401701, 21.4235163763171], [39.78348728651703, 21.42351630819307], [39.78341915209135, 21.4234756993314], [39.78341900302669, 21.42347561058625], [39.78316561473493, 21.42332458995129], [39.78236104068987, 21.42276899548528], [39.78116719735623, 21.42198095229758], [39.78002416926352, 21.42114485622536], [39.7800234838108, 21.42101577785052], [39.78129923256966, 21.42184647485432], [39.78162721457572, 21.42207442317562], [39.78262140505844, 21.42276299823251], [39.78334890934839, 21.42322811733681], [39.78416832068297, 21.42369280202722], [39.78470605427919, 21.42399625502162], [39.78500805806415, 21.42413826472812]]]}, "properties": {"layer": "roads", "name": "مكة - جدة السريع", "road_id": "1414", "municipality": "العتيبية", "district": "حي النزهة", "length_m": "601.806604", "type": "Main Axis", "color": "#38bdf8"}}, {"type": "Feature", "geometry": {"type": "Polygon", "coordinates": [[[39.78512581743895, 21.42419896269769], [39.78546859553492, 21.42432733790149], [39.78584218373616, 21.42448813294866], [39.78623078181749, 21.42459148718945], [39.78682876705351, 21.42470341838881], [39.78721226123805, 21.42480679429076], [39.78853054316238, 21.42498704459691], [39.78937299110629, 21.42498307671818], [39.78964870066874, 21.42498177722265], [39.78964376750418, 21.42499852254667], [39.78960357161208, 21.42513497579188], [39.78958298291897, 21.42513589047052], [39.78876130258341, 21.42517240983544], [39.78754059303765, 21.42509687947292], [39.7867943082349, 21.42494262039569], [39.78585844741667, 21.42466494625112], [39.78519845207246, 21.42441465865959], [39.78520332807186, 21.42437160867076], [39.78512648674397, 21.42432416061564], [39.7851111184862, 21.42431467136155], [39.78511558559558, 21.42419513030624], [39.78512581743895, 21.42419896269769]]]}, "properties": {"layer": "roads", "name": "مكة - جدة السريع", "road_id": "1415", "municipality": "العتيبية", "district": "حي النزهة", "length_m": "453.825353", "type": "Main Axis", "color": "#38bdf8"}}, {"type": "Feature", "geometry": {"type": "Polygon", "coordinates": [[[39.81440749409897, 21.42490678567596], [39.8143683450719, 21.42490819838118], [39.81435963682033, 21.42490851265676], [39.81435501266132, 21.42489799275547], [39.81430306848453, 21.42489769326989], [39.81427934273798, 21.42484370176409], [39.81421768365092, 21.42470339000749], [39.81421717354518, 21.42470222884065], [39.81421163080914, 21.42468961558386], [39.81419363232533, 21.42467124102417], [39.81419030976438, 21.42466784844891], [39.81398270064671, 21.42445589567517], [39.81381891719586, 21.42443326675834], [39.81381730267921, 21.4244330433184], [39.8137234879922, 21.42442008099988], [39.81368557131506, 21.42441419398597], [39.81368554234442, 21.42441418960943], [39.81324759882001, 21.42434619851623], [39.81326828719665, 21.42428180298824], [39.81327806843424, 21.42425135884701], [39.81328521351229, 21.42422350866731], [39.81328637970701, 21.4242194392768], [39.81329813541517, 21.42417842780438], [39.81331652011403, 21.42411429551826], [39.81332932028449, 21.42411657963537], [39.81370782024536, 21.42418410672215], [39.81375304684941, 21.42416423422647], [39.81375358682972, 21.42416399670574], [39.81379377166799, 21.4241463395632], [39.81377158531117, 21.42405179174996], [39.81374964900893, 21.42395831059783], [39.81372681511414, 21.42386878279118], [39.81369425902113, 21.42375240914057], [39.81372030622285, 21.42375613855013], [39.81376211462241, 21.42376212500803], [39.81377788759549, 21.42376476596901], [39.8137868026277, 21.42376625852891], [39.81379058362128, 21.4237668915499], [39.81382520748267, 21.42377268883822], [39.81392016982551, 21.4241883268452], [39.8139201975223, 21.42418844958014], [39.81392638977615, 21.42421554925912], [39.81404479005757, 21.42423924154974], [39.81413276816785, 21.42426474758058], [39.81433849911849, 21.4242617175129], [39.81462499415318, 21.42426180707065], [39.81462729732047, 21.42426180761499], [39.81463950787756, 21.42430582043292], [39.81464782745292, 21.42433580981673], [39.81465171844741, 21.42434983415293], [39.81466788968083, 21.42438859852546], [39.81467710932206, 21.42442238254582], [39.81467916184756, 21.42442990283644], [39.81468660868439, 21.42445719242999], [39.81469557718017, 21.42449005524574], [39.81422487988407, 21.4244893561313], [39.81440749409897, 21.42490678567596]]]}, "properties": {"layer": "roads", "name": "", "road_id": "1038", "municipality": "الغزة", "district": "حي جرول", "length_m": "242.530333", "type": "Intersection", "color": "#38bdf8"}}, {"type": "Feature", "geometry": {"type": "Polygon", "coordinates": [[[39.80693277463426, 21.42334834978433], [39.80692998712406, 21.42353081653831], [39.80695312638358, 21.42353145223047], [39.80695414422875, 21.42371670225825], [39.80693610552709, 21.42371699062335], [39.8069076354976, 21.42371744487573], [39.80688713657582, 21.42371777218982], [39.80686274568534, 21.42371816161349], [39.80683835479459, 21.42371855103359], [39.80682012892096, 21.42371884209462], [39.80680996476301, 21.42371934096874], [39.80680432658171, 21.42371961747717], [39.80678635289478, 21.42372049998538], [39.80675793833956, 21.42372033869338], [39.80674444702564, 21.42372026272861], [39.80674021108875, 21.42372023885938], [39.80671860298087, 21.42372011615408], [39.80667782315143, 21.42371988429929], [39.8066526136671, 21.42346301654726], [39.80664373274531, 21.42345454426264], [39.8066427918792, 21.42338653591073], [39.80661361273222, 21.42330301300537], [39.80659506320949, 21.4232664998062], [39.80656379895241, 21.42323901098609], [39.80650770119949, 21.42319296733631], [39.80644208865997, 21.42315742784968], [39.80636218025882, 21.42313026079265], [39.80628224970115, 21.42310590715773], [39.80620236764989, 21.42308687007487], [39.80512729342745, 21.42283177807013], [39.80512658040533, 21.42276243147926], [39.80517618568816, 21.42260215525514], [39.80517496025463, 21.4225285757345], [39.80569744533586, 21.42266351060287], [39.80602171907648, 21.42273216891983], [39.80609519483436, 21.42274675488834], [39.80642928641362, 21.42279624718135], [39.80651983110462, 21.42280966032407], [39.80654601507234, 21.42279706208431], [39.80659310451087, 21.42277666756719], [39.80659309902822, 21.42277531783396], [39.80659296999198, 21.42274286098225], [39.80660577607904, 21.42260236830483], [39.80660323882469, 21.4222856540814], [39.80668422470242, 21.42228526593453], [39.80676521153818, 21.42228487684042], [39.80679961682565, 21.4222847147614], [39.80680467223053, 21.4222846244623], [39.80683380543669, 21.42228410199209], [39.80684185356504, 21.42228395842973], [39.80686774031881, 21.42228349495514], [39.8069003216178, 21.42228291069319], [39.80691423266292, 21.42228266209429], [39.80691435064836, 21.42257249665373], [39.80694308657709, 21.42257534595828], [39.80694321204167, 21.4227434193304], [39.80694375714365, 21.42279627144555], [39.80701043190686, 21.42291854980455], [39.80713758783927, 21.42302696053968], [39.80724420718095, 21.42308332822419], [39.80734046796918, 21.42309708469052], [39.80747205238831, 21.42313078532479], [39.80759682161899, 21.42312651946106], [39.80769506067799, 21.42313803646187], [39.80781139905081, 21.42310731731857], [39.80807732736242, 21.42317448307841], [39.80811865527319, 21.42318492097447], [39.80833487108242, 21.42323953051804], [39.80837860490792, 21.42325057650839], [39.80837886385489, 21.42325064211435], [39.80855503403958, 21.4232951371111], [39.80854363143501, 21.42334338324413], [39.80854330888248, 21.42334333149723], [39.80853696027523, 21.42334933757881], [39.80850564200831, 21.42345705658313], [39.80852123288344, 21.42345994104702], [39.8085236435775, 21.42349524991382], [39.80851471579292, 21.42351141060846], [39.80787924476367, 21.42340354778396], [39.80763016310772, 21.42337188120322], [39.80738588458034, 21.42334317881977], [39.80695021851403, 21.42332884421736], [39.80693277463426, 21.42334834978433]]]}, "properties": {"layer": "roads", "name": "", "road_id": "33001", "municipality": "العتيبية", "district": "حي التيسير", "length_m": "452.101408", "type": "Intersection", "color": "#38bdf8"}}, {"type": "Feature", "geometry": {"type": "Polygon", "coordinates": [[[39.79010115226777, 21.42551434600236], [39.79009908849378, 21.42551741845266], [39.79008048865308, 21.42551730561767], [39.79005107589906, 21.42551712813879], [39.7900379606788, 21.42551704905836], [39.79002692196733, 21.4255169818661], [39.78998183212219, 21.4255167093683], [39.78997683286335, 21.42551667964176], [39.78994592953629, 21.42551456312996], [39.78994102705129, 21.42551422757784], [39.78993160167619, 21.42551434701392], [39.78993087323132, 21.42551435586991], [39.78989832680694, 21.42551477135399], [39.789875182591, 21.4255150657017], [39.78986505193242, 21.42551519478402], [39.78984351704511, 21.42551546889019], [39.78982198119275, 21.42551574299815], [39.78980879300387, 21.42551591088731], [39.78979893539248, 21.42551603687127], [39.7897890777762, 21.42551616195121], [39.78979787300693, 21.42550275294614], [39.79004071256478, 21.42513251256336], [39.79005138288161, 21.42511450604874], [39.7895810652152, 21.42514082786298], [39.78958298291897, 21.42513589047052], [39.7896361134511, 21.42499913503324], [39.78964376750418, 21.42499852254667], [39.79008128865325, 21.42496349958611], [39.7901578554284, 21.42493482321299], [39.79018961097761, 21.42488123399217], [39.7901919715134, 21.42477622771618], [39.79018951435096, 21.42476428748766], [39.79018705622408, 21.42475234726364], [39.79015487207689, 21.42470170317014], [39.79010203475664, 21.42466759035215], [39.79003967233679, 21.42464248653189], [39.78990984518801, 21.4246437528972], [39.78989129142023, 21.42464393344427], [39.78994055935018, 21.42449987542389], [39.78994784257113, 21.42447858004569], [39.79043258171417, 21.42447119521074], [39.79045973583332, 21.4244253693682], [39.79060154795107, 21.42399937651802], [39.79060419332534, 21.42399142897849], [39.79063157686154, 21.42399182916136], [39.79064921240502, 21.42399208652723], [39.79065705170812, 21.42399220040349], [39.79068279288901, 21.42399257670882], [39.79068459446501, 21.42399260343998], [39.79068624260944, 21.42399262728151], [39.79069423148468, 21.42399274406386], [39.79072979089766, 21.42399179291735], [39.79076072113741, 21.42399215646122], [39.79078026602867, 21.42399238582751], [39.79080148123654, 21.42399263531341], [39.79082814257357, 21.42399294852787], [39.79084669164575, 21.42399316632542], [39.79085311140224, 21.42399324172149], [39.79075171855147, 21.42442399129292], [39.79078223552439, 21.42446119700493], [39.79084940074375, 21.42448926650534], [39.79121318259551, 21.42448754863016], [39.7912015666402, 21.42450873442574], [39.79119665471762, 21.42450861126623], [39.7911810951482, 21.42454607156886], [39.79116936070448, 21.4245674738479], [39.79116491737353, 21.42458501916794], [39.79113994965252, 21.42464513198208], [39.79114967232916, 21.4246452242909], [39.79114754940893, 21.42465361025688], [39.79105122646968, 21.42463472488121], [39.79081988225573, 21.42463731154035], [39.79076892931661, 21.42465697367536], [39.79073867067164, 21.42466757401809], [39.79070212599828, 21.424696133111], [39.79069269743, 21.42472306898298], [39.79070248795944, 21.42476336117286], [39.79072014889415, 21.42478695467575], [39.79073944289236, 21.42481099400244], [39.79075876561431, 21.42484377141674], [39.79078360957057, 21.42486457004185], [39.79081320706783, 21.42487936986066], [39.79096638760841, 21.42487954917242], [39.79092657449843, 21.42495301014588], [39.7908731355215, 21.42505161266918], [39.79074396096606, 21.42505748242734], [39.79038864791095, 21.42507649667986], [39.79035664624011, 21.42513400990346], [39.79012586683897, 21.42547755634043], [39.79010115226777, 21.42551434600236]]]}, "properties": {"layer": "roads", "name": "", "road_id": "1031", "municipality": "العتيبية", "district": "حي الزهراء", "length_m": "341.681967", "type": "Intersection", "color": "#38bdf8"}}, {"type": "Feature", "geometry": {"type": "Polygon", "coordinates": [[[39.47832786729491, 21.37782318580014], [39.47840034195938, 21.37783084869987], [39.47923045608805, 21.37791861703506], [39.48046222114353, 21.37805925569232], [39.48128840103993, 21.37814437356877], [39.48211429726868, 21.37823187648086], [39.4821755872816, 21.37823800049536], [39.48241034750794, 21.37825888150374], [39.4830157751564, 21.37822487323438], [39.48414842518395, 21.37835441298585], [39.48512874115333, 21.3784665242201], [39.4853940456747, 21.37849580563945], [39.48679106032232, 21.37865756021634], [39.48687409068189, 21.37866871698888], [39.48737496849129, 21.37873602116966], [39.49100595019754, 21.37912013632578], [39.4913114708832, 21.37915276914213], [39.49149402636112, 21.37917374957922], [39.49165743297155, 21.379192395263], [39.49211834555036, 21.37926156413201], [39.49257922254106, 21.37931997476475], [39.49292900090761, 21.37935600015484], [39.49327495679092, 21.37939323228296], [39.49399876196694, 21.37946520893741], [39.49478771002857, 21.37955491852458], [39.49523834004345, 21.37960139964033], [39.49630172637281, 21.37971180782256], [39.49726428130339, 21.37981653052635], [39.49783235639111, 21.37987460895253], [39.49890469585446, 21.37998975441927], [39.49930299087867, 21.38003159885304], [39.50041874868632, 21.38015497270219], [39.50108002652335, 21.38022590981701], [39.50161773063596, 21.3802739040992], [39.50215610952301, 21.38031472781154], [39.50246027743069, 21.3803287914805], [39.50276463383406, 21.38033864884952], [39.50306911242131, 21.38034429777146], [39.50337364685396, 21.38034573701606], [39.50373494941493, 21.38034473542298], [39.5040961535727, 21.38033677578635], [39.50445710657893, 21.38032186147321], [39.50481765579167, 21.38029999879157], [39.50500837133221, 21.38028801877081], [39.50519882744862, 21.38027284439779], [39.50538892171654, 21.38025448478603], [39.50578735452582, 21.38021082477852], [39.50618485261555, 21.38016024067186], [39.50658127881587, 21.38010274992292], [39.50697649632732, 21.3800383723719], [39.50737036876809, 21.37996713023547], [39.50776276022115, 21.37988904809913], [39.5081535352812, 21.37980415290867], [39.50854255910141, 21.37971247396088], [39.50892969744008, 21.37961404289345], [39.50931481670698, 21.37950889367399], [39.50964302500209, 21.37940531581911], [39.5099252493282, 21.37932265486469], [39.51020511988438, 21.37923324895099], [39.51048245294543, 21.37913715677193], [39.51075706645304, 21.37903444141066], [39.51102878013537, 21.37892517029819], [39.5110686885502, 21.3789107147643], [39.51206131748101, 21.37851130161748], [39.512250830273, 21.37843244966164], [39.51243810090234, 21.37834903063662], [39.51262300393557, 21.37826110041832], [39.51280541552574, 21.37816871790425], [39.51298521349544, 21.37807194497399], [39.5134322908163, 21.37783152666094], [39.51366402653887, 21.37770315728045], [39.5138931697029, 21.37757076826553], [39.51411964084319, 21.3774344055322], [39.51434336142191, 21.37729411637451], [39.51444201825708, 21.37722870431373], [39.51536344533276, 21.37661776904427], [39.51557457218973, 21.37646875992211], [39.51578252927801, 21.37631379538989], [39.5158130510375, 21.3762900236197], [39.51612891182403, 21.37606862167486], [39.51635289864261, 21.37589581547466], [39.51695575225552, 21.37540000931543], [39.51698869587058, 21.37537434969686], [39.51795490734047, 21.37459044237555], [39.51853463037015, 21.37408353932151], [39.51882264450429, 21.37384305163382], [39.51939137595239, 21.37339194442529], [39.5197158926435, 21.37314232626773], [39.52007138386629, 21.37286975303335], [39.52012449505332, 21.37282585465944], [39.52070100553183, 21.3723493505861], [39.52245059177322, 21.3709994130129], [39.52264855267843, 21.37086601184608], [39.52284248859602, 21.37072752082347], [39.52303225041823, 21.37058404643266], [39.52321769224809, 21.37043569899265], [39.5233986715116, 21.37028259256902], [39.52372601224846, 21.37000414205431], [39.524049564672, 21.36972183411035], [39.52436927699134, 21.3694357139458], [39.524473546077, 21.36935360114602], [39.52457492199747, 21.36926836899022], [39.52467329844468, 21.3691801068617], [39.5247685722567, 21.36908890732115], [39.52479380680961, 21.36906014961832], [39.52493488014115, 21.36889937658768], [39.52550971084628, 21.36826677425449], [39.52573718915102, 21.36800710799212], [39.52596042238255, 21.36774422938668], [39.52617935886594, 21.36747819931781], [39.52629881988454, 21.36733622958037], [39.52641402361904, 21.36719120560002], [39.52652488112998, 21.36704323935422], [39.52678895637143, 21.36666949144787], [39.5268722886042, 21.36655553682643], [39.52695110716952, 21.36643879851922], [39.52702530621686, 21.36631943331793], [39.52709478610092, 21.36619760154203], [39.52718120036385, 21.36605591199892], [39.52727114397888, 21.36591616303647], [39.52750086954804, 21.36557240327673], [39.52759627405742, 21.36542354540203], [39.52768635982019, 21.36527180774941], [39.52777102789297, 21.36511735700421], [39.5279631750122, 21.36474724497726], [39.52799912859111, 21.36467640431857], [39.528113160941, 21.36445171987664], [39.528328428821, 21.36398825038861], [39.52842346548052, 21.36380650188988], [39.52866289075768, 21.36332286486501], [39.52882508665568, 21.36300800287823], [39.52896887031991, 21.36273829953717], [39.52899940643282, 21.36267396465156], [39.52931529987473, 21.36200842039314], [39.52946352964977, 21.36171392057548], [39.52958870846357, 21.36144716836799], [39.5296123203775, 21.36139478679959], [39.52983320328635, 21.3609047619375], [39.53000398100648, 21.36052579115546], [39.53027764561106, 21.35995432676809], [39.53061583736443, 21.35926359691675], [39.53094143487449, 21.35861952036839], [39.53126205151489, 21.35801012164388], [39.53139774371545, 21.35775692527825], [39.53154020262649, 21.35750701194799], [39.53168933776723, 21.35726054032153], [39.53189778494164, 21.35692294220636], [39.5321079596979, 21.35658628560501], [39.53234528547768, 21.35623412882171], [39.53254649752748, 21.35595966869254], [39.53279973097604, 21.35564961624523], [39.53334553792038, 21.35504171263374], [39.53353415825819, 21.35484636637691], [39.5339880930352, 21.35439755134544], [39.5343569533056, 21.35405813750642], [39.53451286963789, 21.3539278105456], [39.53487492041497, 21.35363119337396], [39.5350710697859, 21.35347517199355], [39.53527117639751, 21.35332362507302], [39.53547512396571, 21.35317664066841], [39.53568279397567, 21.35303430418446], [39.53597917831153, 21.35283922409502], [39.53614180473269, 21.35272915453014], [39.53630741446236, 21.35262306068271], [39.53647589677593, 21.35252101348146], [39.53664713902906, 21.35242308114956], [39.53682102673296, 21.35232932915905], [39.5372265627695, 21.35211533439655], [39.53763317166242, 21.35190313484234], [39.53788186093933, 21.35178297803253], [39.5381335501422, 21.35166843463055], [39.5382842812732, 21.35159974385811], [39.53843698933351, 21.35153499863441], [39.5385915566703, 21.35147424884069], [39.53873882405635, 21.35142069428699], [39.53884596043316, 21.35138150927592], [39.5393407187393, 21.35119808078216], [39.53942703722289, 21.35116781832973], [39.53973768443766, 21.35106355297544], [39.5400507040268, 21.35096571309405], [39.54036594458075, 21.35087434600917], [39.540575695581, 21.35082359947385], [39.54078611856649, 21.35077535648638], [39.5411096127257, 21.35070293401463], [39.54143473350404, 21.35063721502761], [39.54176132265381, 21.35057823151183], [39.54208922121322, 21.35052601217538], [39.54237323481657, 21.35048236156818], [39.54265833226802, 21.35044542938595], [39.54294433252217, 21.3504152390809], [39.5432310539607, 21.3503918098239], [39.54351831450767, 21.35037515649235], [39.54380593174507, 21.35036528966075], [39.54409280801105, 21.35035296953235], [39.5443798652113, 21.35034518278881], [39.54496755641707, 21.35035307297711], [39.54497143872586, 21.35035319861736], [39.54557153318368, 21.35038392932474], [39.54661561203295, 21.35043558253908], [39.54820573187965, 21.35056377501532], [39.54841947661779, 21.35057545343298], [39.54986307117731, 21.3507187875737], [39.55004056619658, 21.35073517143467], [39.55145018410366, 21.35085516823388], [39.55159244239609, 21.35086577441982], [39.55209694983758, 21.35090863230145], [39.55394173517264, 21.35105069712055], [39.55634095823201, 21.35123919358341], [39.55642149831345, 21.35124606082107], [39.55662567959839, 21.35126346963269], [39.55660682791358, 21.35146454636348], [39.55423293991625, 21.35126997549179], [39.55077173981403, 21.35099449875437], [39.54492916837696, 21.35055457619521], [39.54459895884499, 21.3505507379608], [39.54426873744264, 21.35055354159103], [39.54393865636129, 21.3505629857947], [39.54360886772779, 21.35057906622013], [39.54327952353432, 21.35060177545715], [39.54295077556846, 21.35063110304045], [39.54262277534331, 21.35066703545448], [39.54229567402768, 21.35070955613964], [39.54196962237647, 21.35075864549989], [39.54164477066134, 21.35081428091178], [39.54132126860137, 21.35087643673487], [39.54099926529423, 21.35094508432354], [39.54067890914749, 21.35102019204018], [39.54036034781023, 21.35110172526974], [39.5400437281051, 21.35118964643569], [39.53972919596067, 21.35128391501731], [39.53941689634422, 21.35138448756833], [39.53910697319503, 21.351491317737], [39.53880802185881, 21.35160552006092], [39.53851184780744, 21.35172590629226], [39.53821859677001, 21.35185241719981], [39.53792841303857, 21.35198499053879], [39.53764143939716, 21.35212356108137], [39.5373578170516, 21.3522680606488], [39.53707768556008, 21.3524184181449], [39.53680118276446, 21.352574559591], [39.53652844472253, 21.35273640816236], [39.53625960564109, 21.35290388422587], [39.53599479780985, 21.3530769053793], [39.53573415153649, 21.35325538649171], [39.53547779508246, 21.3534392397454], [39.53522670467383, 21.35362423471728], [39.53498036172127, 21.35381474912397], [39.53473890445446, 21.35401067607768], [39.5345024683636, 21.35421190565351], [39.53427118612338, 21.35441832495099], [39.53404518751857, 21.3546298181574], [39.53382459937114, 21.35484626661279], [39.53360954546914, 21.35506754887641], [39.53340014649717, 21.35529354079489], [39.53319651996872, 21.35552411557183], [39.53299878016014, 21.3557591438389], [39.53280703804653, 21.35599849372843], [39.53262140123945, 21.3562420309473], [39.53244197392645, 21.35648961885232], [39.5322599334398, 21.35675022846157], [39.53208337666774, 21.35701412828939], [39.53191237138025, 21.35728121708471], [39.5317469832184, 21.35755139237234], [39.53158727566917, 21.35782455049234], [39.53143331004105, 21.35810058663971], [39.53128514544047, 21.35837939490462], [39.52956009334541, 21.36193474983056], [39.52828336672268, 21.36457072255538], [39.52812410002809, 21.36487773560054], [39.52795900339931, 21.36518203452052], [39.52778812949402, 21.365483522192], [39.52761153281486, 21.36578210238833], [39.527429269692, 21.36607767981024], [39.52724139826529, 21.36637016011629], [39.52704797846564, 21.36665944995299], [39.52684907199598, 21.36694545698462], [39.5266447423116, 21.36722808992273], [39.5264350545999, 21.36750725855523], [39.5262200757596, 21.36778287377532], [39.52597362538762, 21.36807598055368], [39.52572165632098, 21.36836494140822], [39.52546424800754, 21.36864966518953], [39.52520148161235, 21.36893006208422], [39.52493343999207, 21.36920604364324], [39.52466020766877, 21.36947752280978], [39.52438187080337, 21.36974441394681], [39.52409851716846, 21.37000663286404], [39.52381023612056, 21.37026409684458], [39.52351711857201, 21.370516724671], [39.52321925696229, 21.37076443665101], [39.52291674522881, 21.37100715464259], [39.52260967877737, 21.37124480207871], [39.52229815445198, 21.37147730399144], [39.52198227050436, 21.37170458703569], [39.52032287515562, 21.37301078484514], [39.51866006438502, 21.37431318336468], [39.51699384805586, 21.3756117747912], [39.51671276667237, 21.37584997177627], [39.5164268363605, 21.3760830510403], [39.51613616329927, 21.37631092601108], [39.51584085543082, 21.37653351204893], [39.51554102242029, 21.37675072647829], [39.51523677561514, 21.37696248861834], [39.51492822800373, 21.37716871981305], [39.51461549417338, 21.37736934346043], [39.51429869026779, 21.37756428504098], [39.51397793394386, 21.37775347214539], [39.51365334432801, 21.37793683450149], [39.5133250419719, 21.37811430400041], [39.51299314880758, 21.37828581472177], [39.51265778810229, 21.37845130295835], [39.51231908441252, 21.37861070723969], [39.51197716353784, 21.37876396835492], [39.511632152474, 21.3789110293749], [39.51128417936586, 21.37905183567322], [39.51093337345969, 21.37918633494666], [39.51057986505512, 21.37931447723455], [39.51022378545672, 21.3794362149374], [39.5098652669252, 21.37955150283454], [39.50950444262821, 21.379660298101], [39.50914616283003, 21.37976366441874], [39.50878585781373, 21.37986065967642], [39.5084236567206, 21.37995124910696], [39.50805968937232, 21.38003540023926], [39.50769408622438, 21.38011308290982], [39.5073269783193, 21.38018426927361], [39.50695849723957, 21.38024893381406], [39.50658877506049, 21.38030705335218], [39.50621794430275, 21.38035860705489], [39.50584613788487, 21.38040357644256], [39.5054734890755, 21.38044194539552], [39.50510013144566, 21.38047370015997], [39.50472619882073, 21.38049882935284], [39.50435182523246, 21.3805173239659], [39.50389953945774, 21.38052664951173], [39.50344715160197, 21.38052909633534], [39.50299478093288, 21.3805246637904], [39.50254254671369, 21.38051335304425], [39.50209056817165, 21.38049516707758], [39.50163896446654, 21.38047011068369], [39.50118785465916, 21.38043819046713], [39.50073735768002, 21.38039941484206], [39.50028759229776, 21.38035379402995], [39.49983867708792, 21.38030134005697], [39.49630508457265, 21.3799293469522], [39.48968726578956, 21.37922207366921], [39.48436644013465, 21.37863510591118], [39.4809044124585, 21.3782721422749], [39.47830443886161, 21.37800527283747], [39.47832786729491, 21.37782318580014]]]}, "properties": {"layer": "roads", "name": "مكة - جدة السريع", "road_id": "1425", "municipality": "بحرة", "district": "", "length_m": "0", "type": "Main Axis", "color": "#38bdf8"}}, {"type": "Feature", "geometry": {"type": "Polygon", "coordinates": [[[39.47829201286053, 21.37810184826161], [39.47980140659491, 21.37825671408327], [39.48131018057306, 21.37841680127304], [39.48506328420971, 21.37881477254538], [39.48833389218653, 21.37917103516441], [39.49273043282608, 21.37963867670658], [39.49851339962679, 21.38025986282606], [39.49997636918822, 21.38041328352669], [39.50040505217484, 21.38046554491723], [39.50083459571334, 21.38051118965787], [39.50126488337733, 21.38055020537791], [39.50169579853845, 21.38058258150344], [39.50212722439806, 21.38060830926018], [39.50255904401892, 21.38062738167584], [39.50299114035693, 21.38063979358208], [39.50342339629294, 21.38064554161584], [39.50385569466449, 21.3806446242203], [39.50428791829765, 21.38063704164526], [39.50468409098568, 21.38061624381583], [39.50507978182394, 21.38058854515393], [39.50547485378404, 21.38055395525273], [39.50586917005219, 21.38051248609181], [39.50626259407672, 21.380464152033], [39.50665498961529, 21.38040896981546], [39.50704622078226, 21.3803469585498], [39.50743615209573, 21.38027813971152], [39.50782464852448, 21.3802025371335], [39.50821157553489, 21.38012017699779], [39.50859679913748, 21.38003108782647], [39.5089801859334, 21.37993530047186], [39.50936160316072, 21.3798328481057], [39.5097229296185, 21.37972439577012], [39.51008206429614, 21.37960973534115], [39.51043888560955, 21.37948890563922], [39.51079327275875, 21.37936194757332], [39.51114510576885, 21.37922890412713], [39.51149426553063, 21.37908982034447], [39.511840633841, 21.37894474331399], [39.51218409344295, 21.37879372215327], [39.51252452806534, 21.37863680799211], [39.51286182246228, 21.37847405395524], [39.51319586245216, 21.37830551514431], [39.51352653495636, 21.3781312486192], [39.5138537280375, 21.3779513133787], [39.51417733093744, 21.3777657703405], [39.51449723411475, 21.37757468232055], [39.51481332928179, 21.37737811401177], [39.51512550944143, 21.37717613196214], [39.51607258305932, 21.37650627023264], [39.51806548028962, 21.37495107997709], [39.52079129104406, 21.37281270110298], [39.52257790423975, 21.3714087003819], [39.52334141291252, 21.37081108578913], [39.52360950575019, 21.37059161228809], [39.52387306340403, 21.37036737155782], [39.5241319892849, 21.37013844579692], [39.52438618850285, 21.36990491892092], [39.52463556790185, 21.36966687653152], [39.52488003609399, 21.36942440588519], [39.52511950349292, 21.36917759586111], [39.52536629365085, 21.36891930911412], [39.52560796328338, 21.3686568088612], [39.52584443043793, 21.36839018414941], [39.52607561492804, 21.3681195254244], [39.52630143836055, 21.36784492449978], [39.5265218241622, 21.36756647452584], [39.52673669760556, 21.36728426995806], [39.52694598583436, 21.36699840652491], [39.52714961788815, 21.36670898119548], [39.52734752472637, 21.36641609214648], [39.52753963925175, 21.36611983872897], [39.527725896333, 21.36582032143461], [39.5283953742217, 21.36463491323682], [39.52899573380018, 21.36339234897988], [39.52990751862573, 21.36146750498786], [39.53133613785953, 21.35850832082964], [39.53147432329103, 21.35823909889275], [39.53161862688276, 21.35797270868581], [39.53176898251556, 21.35770927220604], [39.53192532129967, 21.35744891009728], [39.53208757160647, 21.35719174159477], [39.53225565910122, 21.35693788447058], [39.53242950677719, 21.3566874549797], [39.53260903499099, 21.35644056780678], [39.532794161499, 21.35619733601373], [39.53298480149517, 21.35595787098782], [39.5331808676498, 21.35572228239088], [39.53338227014964, 21.35549067810891], [39.53358891673899, 21.35526316420285], [39.53380071276196, 21.35503984485999], [39.53401756120591, 21.35482082234624], [39.53425719606359, 21.35459814932101], [39.53450174326385, 21.35438021392591], [39.53475109608474, 21.35416711124955], [39.53500514570901, 21.35395893427147], [39.53526378127156, 21.35375577382169], [39.53552688990779, 21.353557718541], [39.5357943568029, 21.35336485484242], [39.5360660652419, 21.35317726687344], [39.53634189666062, 21.35299503647937], [39.53662173069735, 21.35281824316766], [39.5369054452454, 21.35264696407322], [39.53719291650633, 21.3524812739248], [39.53748401904394, 21.35232124501241], [39.53776983142293, 21.35217994818608], [39.53805878974421, 21.35204438354488], [39.53835076303214, 21.35191461253135], [39.53864561894572, 21.35179069396197], [39.53894322383851, 21.35167268400047], [39.53924344281912, 21.35156063613245], [39.53954613981238, 21.35145460114115], [39.53985117762094, 21.3513546270844], [39.5401584179874, 21.35126075927296], [39.54046772165697, 21.35117304024987], [39.54077894844053, 21.3510915097713], [39.5410773798073, 21.35102144700398], [39.54137732463515, 21.35095730711132], [39.54167864900842, 21.35089911872867], [39.54198121839605, 21.35084690783415], [39.5422848977116, 21.35080069773716], [39.54258955137358, 21.35076050906793], [39.54289504336584, 21.35072635976832], [39.54320123729831, 21.35069826508387], [39.54350799646786, 21.35067623755692], [39.5438151839192, 21.35066028702106], [39.54412266250605, 21.35065042059677], [39.54445529761269, 21.35065067298512], [39.54478787023219, 21.35065671769597], [39.54512026545847, 21.35066855263997], [39.54545236844665, 21.35068617372721], [39.54578406445279, 21.35070957486861], [39.54711645651042, 21.35081281272461], [39.5490231450957, 21.35095719388294], [39.55388571967826, 21.35135717876395], [39.5565970330663, 21.35156902022174], [39.55657921963317, 21.35175901122429], [39.55637643242776, 21.3517406283013], [39.55630453961168, 21.35173411097423], [39.55629402888506, 21.3517335341168], [39.55626122145428, 21.35173173458049], [39.55540123048998, 21.35166676749773], [39.55414334625927, 21.35156573958975], [39.55268943346713, 21.35145004842492], [39.55159695359126, 21.35136184417897], [39.550347246815, 21.35126267359058], [39.54992168218483, 21.35122433967588], [39.54977629819331, 21.35121510749284], [39.54963159238064, 21.3512059190429], [39.54935198515587, 21.351187767201], [39.54819263405727, 21.35112793315521], [39.54817458306464, 21.35112700183016], [39.5476223711888, 21.35108060955023], [39.54649518625813, 21.35099057244348], [39.54524961609552, 21.35090473655714], [39.544936057461, 21.35088493719903], [39.5446221374813, 21.3508710442299], [39.54430798290193, 21.35086306325988], [39.54399372056299, 21.35086099751212], [39.54367947734819, 21.35086484782148], [39.54361717422531, 21.3508681123125], [39.54328907684115, 21.35088793050316], [39.54296131577894, 21.35091214584268], [39.54281058334831, 21.35092771867933], [39.54249518987842, 21.35096914093296], [39.54218050320912, 21.35101503975655], [39.54186659572643, 21.35106540459283], [39.54155353963736, 21.35112022385725], [39.54119215517473, 21.35120026458375], [39.54083214688655, 21.35128557531906], [39.54047360232582, 21.35137613531713], [39.54011660869001, 21.35147192255532], [39.53971198226962, 21.35160771119971], [39.53930931784837, 21.35174852630038], [39.53890868656396, 21.35189434298261], [39.53866219881431, 21.35199010954573], [39.53841834231032, 21.35209161624608], [39.53817726933784, 21.35219879969662], [39.53793913044554, 21.35231159296518], [39.53770407435083, 21.35242992561627], [39.53747224784712, 21.35255372375501], [39.53740400582719, 21.35258744199336], [39.53718055591565, 21.35270306215167], [39.53696085733047, 21.35282482834557], [39.53674510264261, 21.35295263384994], [39.53653348096777, 21.353086366646], [39.53632617780063, 21.35322590951946], [39.53589763194293, 21.3535042617866], [39.53559429547734, 21.35371583558133], [39.53556811199097, 21.35373536234651], [39.53534880742511, 21.35390885906555], [39.53504856783063, 21.35414638584176], [39.53497090192431, 21.35420991784016], [39.53485884912955, 21.35429364811112], [39.53475166082883, 21.35438279240401], [39.53464963475349, 21.35447710311521], [39.53455305429809, 21.35457631829053], [39.53373004538757, 21.35539945904187], [39.53340938504659, 21.35575232875256], [39.53327908456465, 21.35588955836304], [39.53315338027647, 21.3560305000904], [39.53303239263452, 21.35617501889657], [39.53291623757324, 21.35632297631585], [39.53280502639788, 21.35647423058748], [39.53269886567788, 21.35662863679149], [39.53252602066979, 21.35689520544287], [39.53232328617179, 21.35720833104021], [39.5322386387192, 21.35733355586845], [39.53215699308076, 21.35746051775125], [39.5320783898658, 21.35758915355196], [39.5320372895119, 21.35765917474476], [39.53175122526764, 21.35814602799292], [39.53133280735015, 21.35893548164482], [39.53084668827992, 21.35994535779735], [39.53062631484821, 21.36040144607598], [39.53028929995028, 21.36112559256335], [39.53018750068376, 21.36132219437194], [39.52982980209219, 21.36208807455229], [39.52974152491079, 21.36225898787811], [39.52965740713727, 21.36243173216096], [39.52957749203318, 21.36260621858936], [39.52950182069978, 21.3627823574559], [39.52920290724084, 21.3633728048984], [39.52912806406247, 21.36353924095742], [39.52872647776334, 21.36434872434972], [39.52872008336912, 21.36436174129786], [39.52848734495369, 21.36483549384094], [39.52818962502954, 21.36540301941449], [39.52797226214655, 21.36578560876914], [39.52765655749467, 21.36628906603942], [39.52751822341001, 21.36649867035294], [39.52734604947302, 21.36675476821784], [39.52717553032876, 21.36701012074817], [39.52692919663365, 21.36734915087872], [39.5268364674533, 21.3674665767298], [39.52651146203934, 21.36787021557288], [39.52632959465627, 21.36809277517712], [39.52591485740507, 21.36859407675793], [39.52561161151485, 21.36893101640514], [39.52524804303246, 21.36931702619146], [39.52509418924804, 21.36947050034841], [39.52501026217368, 21.36955204057691], [39.52475409277248, 21.36979860550739], [39.52440366715633, 21.37013482946481], [39.5240250189781, 21.3704842245365], [39.52364306802371, 21.37083045202223], [39.52346298837356, 21.37097592651899], [39.52328014869555, 21.37111834859963], [39.52309460794807, 21.37125767233234], [39.52286419714377, 21.37141377280015], [39.52277255161888, 21.37147860229993], [39.52247862966324, 21.37171737308907], [39.5220867487357, 21.37204011557258], [39.52172660638316, 21.37231733969225], [39.52129394823467, 21.37265694078035], [39.52095295558144, 21.37293768887194], [39.52083843186512, 21.37302888373225], [39.52053566532418, 21.37325732996933], [39.52050330904985, 21.37328374467774], [39.52032747040546, 21.37341577045508], [39.51964988405184, 21.37396367072553], [39.51881475372347, 21.37458537963687], [39.51858689232157, 21.37477711485435], [39.51846121278205, 21.37488286633409], [39.51833320947615, 21.37498614368639], [39.51820293790635, 21.37508690212594], [39.51740200180088, 21.37569872903315], [39.51666563026861, 21.37626616246012], [39.51661852437317, 21.37630483532137], [39.51597833757943, 21.37679818915597], [39.51562888819387, 21.37705483828307], [39.51521439487067, 21.37733249214365], [39.51502740389198, 21.37745969582926], [39.51480260420547, 21.37761256556691], [39.5145739382283, 21.37776031925465], [39.5143415386454, 21.37790287114958], [39.51410554030959, 21.37804013852719], [39.51386608016319, 21.37817204172935], [39.51347754503764, 21.37836992668261], [39.51309031514386, 21.3785700444638], [39.51288342783509, 21.37867816829793], [39.51267427378654, 21.37878239638122], [39.51246293660789, 21.37888268704568], [39.51224950078215, 21.3789790001973], [39.51128991522826, 21.37937056992146], [39.51025489184546, 21.37973444194286], [39.51002886695167, 21.37980443913027], [39.50945820422855, 21.37998783992387], [39.5094215908798, 21.37999960620576], [39.50915033357963, 21.38007662503621], [39.50887736110707, 21.38014813090753], [39.50860280117323, 21.38021409036428], [39.5085296312294, 21.38023067176877], [39.50844475110789, 21.38024990786591], [39.50830727399988, 21.38028106228746], [39.50812451045545, 21.3803218007159], [39.50777262466377, 21.38040012947394], [39.50753550799015, 21.38045234341487], [39.50729727657871, 21.38049989845938], [39.50705803476985, 21.38054277377874], [39.50681788734681, 21.38058095059386], [39.50657693948975, 21.38061441218348], [39.50653938359113, 21.38062093859164], [39.50650118983354, 21.38062487478083], [39.50619556523794, 21.38066786355632], [39.50588904542723, 21.38070484122786], [39.5055817651681, 21.38073579153681], [39.50527385956185, 21.38076070087459], [39.50465383624156, 21.38081276697183], [39.50364292908647, 21.38085340612935], [39.50294897019261, 21.38084765704815], [39.50179706286075, 21.38078981524177], [39.49846862695998, 21.38044470264599], [39.49827175781802, 21.38042175754562], [39.4960330037927, 21.38020233242791], [39.49141003394205, 21.37969292698488], [39.49000032782767, 21.37956766465511], [39.48935487113809, 21.37951689225403], [39.48755419704869, 21.37931479232045], [39.48459572725299, 21.37903877124571], [39.48267453595141, 21.3788356430957], [39.48194785747268, 21.37866917462978], [39.48184112713902, 21.37865641831544], [39.4806993745884, 21.37853729830754], [39.47841786690713, 21.37828372930751], [39.47835011025961, 21.37827674234177], [39.4782950996013, 21.37827106975431], [39.47827056486125, 21.37826853940578], [39.47829201286053, 21.37810184826161]]]}, "properties": {"layer": "roads", "name": "مكة - جدة السريع", "road_id": "1424", "municipality": "بحرة", "district": "", "length_m": "0", "type": "Main Axis", "color": "#38bdf8"}}, {"type": "Feature", "geometry": {"type": "Polygon", "coordinates": [[[39.55662567959839, 21.35126346963269], [39.55677978178733, 21.35127660893325], [39.55685001356273, 21.35128259669784], [39.55788918861339, 21.35136692050703], [39.55870013257319, 21.35143378897859], [39.55973007997204, 21.35151713549278], [39.5605984523289, 21.35158738846396], [39.56146298216665, 21.35165334732887], [39.56203194053243, 21.35169877691786], [39.56271035670493, 21.35175615166418], [39.5634811133355, 21.35181872343692], [39.56435214983158, 21.35188849624674], [39.56464907861114, 21.3519092789291], [39.56466207599607, 21.35190993273569], [39.56470342184906, 21.35191201453295], [39.56565904004816, 21.35193080379341], [39.56591810635884, 21.35196674135985], [39.56634324100216, 21.35200125278868], [39.56676811665249, 21.352038458935], [39.56737225185505, 21.35211293816275], [39.56774894166859, 21.35214497089047], [39.56911189419434, 21.352255092415], [39.57049803074614, 21.35236992255549], [39.57166682393483, 21.35246632607856], [39.57174289310998, 21.35247219647283], [39.57584229795079, 21.35281859814809], [39.57741516635792, 21.35290583010795], [39.57857312198333, 21.35292873884586], [39.5795109423234, 21.35294044602115], [39.5802923989928, 21.35293476022312], [39.58108330730354, 21.35290906638407], [39.58137870421506, 21.352906800092], [39.58210962947771, 21.35286721544901], [39.58247231431378, 21.35277163260257], [39.58309558175729, 21.35272582412198], [39.58371914020311, 21.3526836372836], [39.5844592109391, 21.35263865835303], [39.58519903581905, 21.35259026418871], [39.58593859686756, 21.35253845596763], [39.58635867681098, 21.35251965234081], [39.58677834182519, 21.35249397559283], [39.58719746376222, 21.35246143356559], [39.58761591464021, 21.35242203619734], [39.58971411907997, 21.35226826482063], [39.58997923045185, 21.35225903941867], [39.59024398208716, 21.352243153162], [39.59050818331602, 21.35222061749246], [39.59077164386519, 21.35219144864067], [39.5910341739952, 21.35215566761432], [39.59129558463709, 21.35211330018303], [39.59149302595483, 21.35208281384476], [39.59168946055904, 21.35204707328995], [39.59188472915378, 21.35200610750247], [39.59207867338905, 21.35195994970355], [39.59227113598931, 21.35190863732474], [39.59246196088098, 21.3518522119776], [39.59266198989223, 21.35180602033122], [39.59286361558721, 21.3517663867373], [39.59306659305746, 21.35173335933673], [39.59327067575317, 21.35170697824607], [39.59347561578257, 21.3516872755088], [39.59415807754635, 21.35166303710369], [39.59484060983137, 21.35164061383422], [39.5950374655355, 21.35163011968814], [39.59523459381605, 21.35162613541256], [39.59543174945948, 21.35162866596305], [39.59562868721821, 21.35163770819115], [39.59582516211571, 21.35165325084836], [39.59602092975103, 21.35167527460007], [39.59636716783878, 21.35173849618054], [39.59671246726024, 21.35180607372969], [39.59705676558286, 21.35187799502846], [39.59740000055479, 21.35195424707234], [39.6056828707173, 21.35185013084319], [39.60601486836333, 21.35184270834889], [39.60708974794289, 21.35183285038872], [39.60828255800534, 21.35180164184529], [39.60882798406545, 21.35179966581802], [39.61083064817645, 21.35177755806338], [39.61126499158726, 21.35176052385007], [39.61283661962048, 21.35170220699927], [39.61406380618953, 21.35165469661085], [39.61425922979918, 21.35165806043947], [39.61480678240338, 21.35165818133365], [39.61520230154494, 21.35165478891812], [39.61536683749561, 21.35164966246289], [39.61536975866566, 21.3516496391125], [39.6154569655641, 21.3516489401459], [39.61575018676299, 21.35164658980851], [39.61596761280567, 21.35164484669187], [39.61667632328281, 21.35162015604826], [39.6168420565701, 21.35162162644843], [39.62186517322445, 21.35174701292046], [39.62205488173185, 21.35175472828224], [39.62201666055608, 21.35198518424607], [39.6181767199388, 21.35195043063644], [39.61591060172315, 21.35190855460182], [39.61003973132786, 21.35207340864391], [39.60532479650663, 21.35224106701672], [39.60165860252248, 21.35240483909125], [39.59693601562972, 21.35257946167193], [39.59467803155759, 21.35265918560659], [39.59042230348751, 21.35281045696584], [39.58156955840641, 21.3531568866312], [39.5784078147198, 21.35313194722097], [39.57672338634311, 21.3530660244747], [39.57177661469173, 21.35269567565446], [39.56490766930238, 21.35213802544499], [39.55919507888314, 21.35167664869883], [39.55660682791358, 21.35146454636348], [39.55662567959839, 21.35126346963269]]]}, "properties": {"layer": "roads", "name": "مكة - جدة السريع", "road_id": "1423", "municipality": "بحرة", "district": "", "length_m": "0", "type": "Main Axis", "color": "#38bdf8"}}, {"type": "Feature", "geometry": {"type": "Polygon", "coordinates": [[[39.5565970330663, 21.35156902022174], [39.5595216523708, 21.35179747707993], [39.56872614602385, 21.35254108728163], [39.57450765996476, 21.35299473093883], [39.57517657463293, 21.35305053476208], [39.57584610005076, 21.3530994926548], [39.57651615635344, 21.3531415987792], [39.57718666361269, 21.35317684811479], [39.57785754184626, 21.35320523645899], [39.57852871102757, 21.35322676042766], [39.57920009109526, 21.35324141745543], [39.57987160196274, 21.35324920579608], [39.58054316352786, 21.35325012452272], [39.58121469568243, 21.35324417352789], [39.58466671356005, 21.35311027753058], [39.58769014581655, 21.35300649666619], [39.594050741633, 21.35276897767337], [39.59758696593885, 21.35264168971844], [39.60240907074768, 21.35246669283157], [39.6055164988848, 21.35231926157495], [39.60811132244464, 21.35224534490741], [39.61535979305969, 21.35199663156071], [39.61743432573052, 21.351989018813], [39.62199455379055, 21.35211935545476], [39.62196793862073, 21.35231784548769], [39.62173613560472, 21.35231333332382], [39.62161843055227, 21.352311179566], [39.61838933525341, 21.35225204828813], [39.61772029956565, 21.35223978948628], [39.61685611546178, 21.35222395050972], [39.61659289496756, 21.35221802333307], [39.61627752795997, 21.35222491784434], [39.61566402684957, 21.35220995616432], [39.61548462304199, 21.35221497296773], [39.61511685669871, 21.35221714231622], [39.61511031122694, 21.35221718074163], [39.61504827734548, 21.35221825356312], [39.61409436414859, 21.35222743751018], [39.61163867260275, 21.35232660991722], [39.61160661160716, 21.35232888961205], [39.6105242019275, 21.35235690803559], [39.60997710808944, 21.35242757260541], [39.60946310288536, 21.35243718131104], [39.60893740532958, 21.3524404006986], [39.60832356602926, 21.35245468559131], [39.60730279818551, 21.3524985719603], [39.6071934076215, 21.35250045367164], [39.60632610111353, 21.35251537358071], [39.6053674639305, 21.3525467689828], [39.60524360397527, 21.35255128194003], [39.60334538162041, 21.35262026305303], [39.60199317659138, 21.35267531536106], [39.60105168907769, 21.35270259152115], [39.6001663881317, 21.35274161483974], [39.59930910768767, 21.3527685803452], [39.59794158764588, 21.35282365473094], [39.59663782074401, 21.35286892900779], [39.59545907858522, 21.35291136026834], [39.59429566513558, 21.35295850940607], [39.59334908968167, 21.3529905417265], [39.59211678612942, 21.35304030977647], [39.59118805241918, 21.35306748576172], [39.5897006224769, 21.35313008617147], [39.58873873386846, 21.35316214630817], [39.58798607763225, 21.35319107889336], [39.58666444010836, 21.3532363384243], [39.58508002131634, 21.35329445543037], [39.58412580360363, 21.35333124374741], [39.58281950161236, 21.35338359165793], [39.58144425487156, 21.35342421489748], [39.58008675652191, 21.35343608059935], [39.57875980343969, 21.35342870584781], [39.57741484742947, 21.35338552466148], [39.57597536539351, 21.35331397094356], [39.5747654298292, 21.35321293360881], [39.57287908879088, 21.35306399596209], [39.57127350771384, 21.35293081510714], [39.56998702475391, 21.35283000354682], [39.56795635512853, 21.35266551188248], [39.56794752383551, 21.35266479636068], [39.56689069100506, 21.35258131475748], [39.56638688864504, 21.35254912693786], [39.56559776047704, 21.35252228145833], [39.56505710085727, 21.35244997570258], [39.56505642801665, 21.35244980625705], [39.56505573825979, 21.35244971415345], [39.56505504167835, 21.35244970073933], [39.56504712261942, 21.35244894495243], [39.56503797827103, 21.35244807312213], [39.56500066543737, 21.35244494966754], [39.56483632200851, 21.35242956202747], [39.5623938291326, 21.3522255627859], [39.56200252876739, 21.35219531788772], [39.56159819538171, 21.3521600949271], [39.56116093699329, 21.35212283066901], [39.56056824543953, 21.35207747736222], [39.56011492502157, 21.35204384904253], [39.55961564384312, 21.35200248420441], [39.55908803040386, 21.35195906095779], [39.5585351722251, 21.35192002243698], [39.55760859674086, 21.35184421393876], [39.5573999891702, 21.35182666472355], [39.55687500044315, 21.35178510686852], [39.55681261619088, 21.35178016826599], [39.55673647255765, 21.35177326587018], [39.55657921963317, 21.35175901122429], [39.5565970330663, 21.35156902022174]]]}, "properties": {"layer": "roads", "name": "مكة - جدة السريع", "road_id": "1422", "municipality": "بحرة", "district": "", "length_m": "0", "type": "Main Axis", "color": "#38bdf8"}}, {"type": "Feature", "geometry": {"type": "Polygon", "coordinates": [[[39.47830443886161, 21.37800527283747], [39.47582887880559, 21.37775113539586], [39.47367444664216, 21.37764248479424], [39.47237771133868, 21.37757920585996], [39.47179055360616, 21.37757856568281], [39.4712034306973, 21.37758459398624], [39.47061642891073, 21.37759728988564], [39.47002963452736, 21.37761665151632], [39.46944313379772, 21.37764267603383], [39.46885701292935, 21.37767535961431], [39.46827135807414, 21.37771469745514], [39.46768625531573, 21.37776068377553], [39.46710179065683, 21.37781331181747], [39.46651805000671, 21.37787257384667], [39.46593511916848, 21.37793846115368], [39.46535308382663, 21.3780109640552], [39.46477202953444, 21.3780900718955], [39.46419204170135, 21.37817577304794], [39.46365383757672, 21.3782555284951], [39.46311672110408, 21.37834147792178], [39.46258077351506, 21.37843360833067], [39.46204607586498, 21.37853190578963], [39.46151270902066, 21.37863635543381], [39.46098075364816, 21.37874694146791], [39.46045029020063, 21.37886364716852], [39.45992139890622, 21.37898645488666], [39.45939415975588, 21.37911534605047], [39.45886865249138, 21.37925030116798], [39.4583449565932, 21.37939129983004], [39.45782315126861, 21.37953832071343], [39.45730331543967, 21.37969134158406], [39.45678552773131, 21.37985033930033], [39.45621680258978, 21.38003111445063], [39.45565043023667, 21.38021825949517], [39.45508649198021, 21.38041174757146], [39.45452506878026, 21.38061155090641], [39.4539662412366, 21.38081764082025], [39.45341008957749, 21.38102998773068], [39.45285669364812, 21.38124856115704], [39.45230613289915, 21.38147332972475], [39.45175848637542, 21.38170426116975], [39.4512138327045, 21.38194132234315], [39.45067225008553, 21.38218447921594], [39.45013381627796, 21.38243369688388], [39.44959860859043, 21.38268893957253], [39.44906670386968, 21.38295017064231], [39.446691319876, 21.38406571494375], [39.44196077638099, 21.38626796427311], [39.44157816382086, 21.38645259028141], [39.44119220248002, 21.38663099824825], [39.44080300755258, 21.38680313491973], [39.44041069519915, 21.38696894891367], [39.44001538251209, 21.38712839073496], [39.43961718748054, 21.38728141279038], [39.4392162289552, 21.38742796940279], [39.43881262661276, 21.38756801682481], [39.43840650092018, 21.38770151325187], [39.43799797309868, 21.38782841883474], [39.43758716508753, 21.38794869569141], [39.43717419950758, 21.38806230791844], [39.43675919962465, 21.38816922160166], [39.43634228931266, 21.38826940482635], [39.43592359301661, 21.38836282768675], [39.43550323571542, 21.38844946229501], [39.43508134288456, 21.38852928278952], [39.43465804045851, 21.38860226534266], [39.43423345479317, 21.38866838816789], [39.43380771262805, 21.38872763152631], [39.43338094104843, 21.38877997773251], [39.43295326744734, 21.38882541115992], [39.43250486375694, 21.3888570482518], [39.43205603558167, 21.38888287298784], [39.43160686882781, 21.3889028804243], [39.43115744946657, 21.38891706673086], [39.43070786351767, 21.38892542919136], [39.43025819703275, 21.38892796620434], [39.42699616984117, 21.38895420359725], [39.42700199026171, 21.38878114954707], [39.43228004532016, 21.3886528858376], [39.4327253227656, 21.38861893126633], [39.43316993947573, 21.38857808320538], [39.43361377377319, 21.3885303528346], [39.43405670419507, 21.38847575321727], [39.43449860952629, 21.38841429929654], [39.43493936883273, 21.38834600789131], [39.43537886149445, 21.38827089769167], [39.4358169672387, 21.38818898925372], [39.4362535661729, 21.38810030499396], [39.43680439782759, 21.38797653893367], [39.4369836124634, 21.38793108490593], [39.43793525271697, 21.3876447457533], [39.43827189718328, 21.38755302737328], [39.43847908457077, 21.38748861512956], [39.43868463232923, 21.38741974921384], [39.43888843133053, 21.38734646618904], [39.43909037337544, 21.38726880496317], [39.43921702808338, 21.38721274357713], [39.43934628909443, 21.38716216892572], [39.43947788561255, 21.38711718695935], [39.44006175192745, 21.38690528993563], [39.44032769605394, 21.38680498183798], [39.44059597534894, 21.38671028580134], [39.44077812008222, 21.38663367085971], [39.44101438902565, 21.38652396899329], [39.44124907571857, 21.38641132763259], [39.44148213847107, 21.38629576678925], [39.44655133756944, 21.38393161192216], [39.44804963359094, 21.38318361475093], [39.44875305146225, 21.38284706086774], [39.44921187537813, 21.38265220051761], [39.44950246480095, 21.38252950621172], [39.45022623626011, 21.38217376813905], [39.45069777340393, 21.38196452653934], [39.45116420430509, 21.38175529735943], [39.45215964119514, 21.38131535921926], [39.45231998154079, 21.38123962457515], [39.45262263304944, 21.3810983651695], [39.45347657667939, 21.38074943405323], [39.45432423659751, 21.38043338509834], [39.45491183976117, 21.3802499513147], [39.45705642924617, 21.3795489302721], [39.45803274849784, 21.3792651260187], [39.4586728396585, 21.37909604073784], [39.45948632347146, 21.37887627790963], [39.46026558272969, 21.37870280837347], [39.46030345175463, 21.37869282379367], [39.46096586703341, 21.37854258342543], [39.46119987405816, 21.37849179694663], [39.4625699433906, 21.37822236538069], [39.46347595153115, 21.37806876102334], [39.46598352821907, 21.3777075813354], [39.4678665141877, 21.3775073437163], [39.46881034171554, 21.37744139675305], [39.4696879454909, 21.37739757953675], [39.4704902779014, 21.37737047034889], [39.47091286760675, 21.37735207332122], [39.47178260899435, 21.37733433145317], [39.47229711420743, 21.37732714698811], [39.47256402064586, 21.37732645475502], [39.47283087500099, 21.37733144131075], [39.47309753957832, 21.3773421040817], [39.47339566123878, 21.37734891241063], [39.47404909874386, 21.37737001677636], [39.4740946069393, 21.37737134104791], [39.47428119538699, 21.37740846669043], [39.47446686812991, 21.3774494225481], [39.47465153556141, 21.37749418885525], [39.47500665309157, 21.37751865737627], [39.47517418658996, 21.3775274484886], [39.47522297345454, 21.37753112492248], [39.47590778729639, 21.37758272573734], [39.47676457054188, 21.37766157185462], [39.47717091702263, 21.37769949696158], [39.47749128988903, 21.37773411858482], [39.47795495156874, 21.37778422413424], [39.47799073721036, 21.37778753924923], [39.4781955492079, 21.37780919542787], [39.47832786729491, 21.37782318580014], [39.47830443886161, 21.37800527283747]]]}, "properties": {"layer": "roads", "name": "مكة - جدة السريع", "road_id": "1427", "municipality": "بحرة", "district": "", "length_m": "0", "type": "Main Axis", "color": "#38bdf8"}}, {"type": "Feature", "geometry": {"type": "Polygon", "coordinates": [[[39.47827056486125, 21.37826853940578], [39.47825428717355, 21.37826686101402], [39.47818896316998, 21.37826012454779], [39.47814409025278, 21.37825549728474], [39.47730967234062, 21.37816944887835], [39.47624557617344, 21.37806920195461], [39.47542659185348, 21.37799885199169], [39.47477102921175, 21.37795289830244], [39.47408894926959, 21.37791466600686], [39.47389756461309, 21.37794355006491], [39.47370524228288, 21.37796632416182], [39.47351220456532, 21.37798296197481], [39.47296436330021, 21.37796450068405], [39.47228683386177, 21.37795396224531], [39.47198879219661, 21.37795924420868], [39.47151763725469, 21.37795439180864], [39.47104645586452, 21.3779556953545], [39.4705753396836, 21.37796315459378], [39.47010438035677, 21.37797676807653], [39.46960403269679, 21.37798527323533], [39.4694682082458, 21.37798473170042], [39.46827393256287, 21.3780382689418], [39.46688851151183, 21.3781783891134], [39.46519688974349, 21.37834086120694], [39.46416369309335, 21.37848715416307], [39.46300046484343, 21.37867682801776], [39.46204394267683, 21.37885875372266], [39.46162226839675, 21.37895437274738], [39.46151132407366, 21.37897888546025], [39.46037197578134, 21.37922544407637], [39.46028839201574, 21.379243531102], [39.45982964648064, 21.37934809172429], [39.45938210287741, 21.37945986381691], [39.45905644124967, 21.37954729885075], [39.4587322852576, 21.3796395122901], [39.45840971481032, 21.37973648140431], [39.45773908084015, 21.37993432170241], [39.45665513176561, 21.38028246296189], [39.45603285645111, 21.380472959449], [39.4558047195256, 21.38053854299993], [39.45538652349927, 21.38061333205433], [39.4553053894051, 21.38064388011753], [39.45495874312077, 21.38077388669992], [39.45458828054407, 21.38089559156298], [39.4533845168381, 21.38135100399124], [39.45333793377662, 21.38136844910969], [39.45317044239782, 21.38143117280657], [39.45305142300222, 21.38151569439153], [39.4514527209867, 21.38223767785202], [39.45137351792922, 21.38227344650795], [39.45087033629849, 21.38247324398189], [39.45059506097979, 21.38259590041596], [39.44979215324633, 21.38294707091044], [39.44936646554772, 21.3831275009804], [39.44906179242276, 21.38325799475497], [39.44831675143184, 21.3836209476909], [39.44814012668994, 21.38371313600175], [39.44799915015594, 21.38378671796475], [39.44789565767027, 21.38384073557156], [39.44726366836053, 21.38413439865019], [39.44699434682511, 21.38426794046462], [39.44680008959213, 21.38437382238558], [39.44660213881152, 21.38447352326418], [39.44640071860383, 21.38456693021472], [39.44619605701923, 21.3846539374775], [39.4459883857792, 21.38473444653866], [39.4446521367333, 21.38534784572654], [39.44454073151635, 21.38539960904513], [39.44360903956433, 21.38587758379147], [39.44294123497293, 21.3861829445302], [39.44239577676553, 21.38643299823162], [39.44193446538795, 21.38665653295433], [39.44096585978415, 21.38709176706564], [39.44076886014523, 21.38717024270896], [39.44033903783616, 21.3873408290597], [39.44000687266723, 21.38746943981367], [39.43966064508574, 21.38760054190157], [39.43931331473976, 21.38772906062851], [39.43901435837569, 21.38783729472757], [39.438714619858, 21.38794361493622], [39.43861670036453, 21.3879761441547], [39.4382747434551, 21.3880860991333], [39.4379309784165, 21.3881909927896], [39.43753587550619, 21.38830467503767], [39.43713864939868, 21.38841167150471], [39.43673942907319, 21.38851194744701], [39.43633834415729, 21.38860547030304], [39.43599729244785, 21.3886793730664], [39.43565507613348, 21.38874839289512], [39.4353117749198, 21.388812513713], [39.43525444810307, 21.38882272479707], [39.43459779075044, 21.38893651523993], [39.4339400458876, 21.38904465895719], [39.43368120032812, 21.38908625674123], [39.43342123542129, 21.38912119983813], [39.43316034618703, 21.38914946203372], [39.43289872833906, 21.38917102212569], [39.43188060071807, 21.38924855882739], [39.43145098490204, 21.38926793326404], [39.43133245013228, 21.38926328780912], [39.43070972070291, 21.38923134264474], [39.43054362943248, 21.38921558275515], [39.42940068020992, 21.38923457860873], [39.42784493043818, 21.38926387739784], [39.42712179531307, 21.38928137351211], [39.4269850280733, 21.3892854739654], [39.42698887612228, 21.38917107143567], [39.42699081920274, 21.38911329007167], [39.42699244706921, 21.38906490053805], [39.42699251899781, 21.3890627599522], [39.43037793754007, 21.38902567119285], [39.43180980147881, 21.38900764819792], [39.4325140995666, 21.38894846115974], [39.43344803036739, 21.38885999079536], [39.4341139778455, 21.3887793819102], [39.43481051102749, 21.38868434708088], [39.43516307663399, 21.3886240388057], [39.43551468039446, 21.3885589919769], [39.435865249697, 21.38848922002844], [39.43621471214364, 21.38841473737012], [39.43656299556533, 21.38833555938451], [39.43687947334929, 21.38826405916706], [39.43719447280005, 21.38818704585649], [39.43750788443074, 21.388104546222], [39.43781959930697, 21.38801658893973], [39.43812950908469, 21.38792320458271], [39.43843750604791, 21.38782442561029], [39.43874348314617, 21.38772028635679], [39.43901868904184, 21.38763253365397], [39.43929194105459, 21.38753957963246], [39.43956312712324, 21.38744146241458], [39.43983213603454, 21.38733822224006], [39.44009885746882, 21.38722990144954], [39.44036318204529, 21.38711654446717], [39.44062500136688, 21.38699819778239], [39.4412412407982, 21.3867255692883], [39.44185451463763, 21.38644713900816], [39.44246476061011, 21.38616293522403], [39.44307191674929, 21.38587298680417], [39.44496822633401, 21.3849930357306], [39.44830195017589, 21.38342793023832], [39.45058810477124, 21.3823532417114], [39.45231626934439, 21.38160274804279], [39.4529356575221, 21.38133572912285], [39.45345614792404, 21.38112736894466], [39.45397951911728, 21.38092544015185], [39.45450568052907, 21.38072997768406], [39.45503454110499, 21.38054101536189], [39.45556600932467, 21.38035858588104], [39.45609999321763, 21.38018272080665], [39.45663640037913, 21.38001345056789], [39.45717513798612, 21.37985080445267], [39.45771611281332, 21.37969481060262], [39.45826139971432, 21.37953901096245], [39.45880865594186, 21.37938939334069], [39.45935780162429, 21.37924597957132], [39.45990875661502, 21.37910879058285], [39.4604614405041, 21.37897784639529], [39.46101577262996, 21.37885316611721], [39.46157167209116, 21.37873476794297], [39.46212905775816, 21.3786226691501], [39.46268784828515, 21.37851688609675], [39.46324796212184, 21.3784174342193], [39.46382396800016, 21.37832216785936], [39.46440124515998, 21.37823391230944], [39.46497969636312, 21.37815268243391], [39.4655592241741, 21.3780784919137], [39.46613973097669, 21.37801135324401], [39.46672111899016, 21.37795127773217], [39.46730329028581, 21.37789827549579], [39.46788614680334, 21.37785235546103], [39.468394800749, 21.37781327593351], [39.46890389258015, 21.37777956988902], [39.46941335761107, 21.3777512416093], [39.46992313110874, 21.37772829469279], [39.47043314830107, 21.37771073205414], [39.47094334438513, 21.37769855592387], [39.47145365453531, 21.37769176784809], [39.47202407975535, 21.37769330256749], [39.4725944537693, 21.37770062237427], [39.47316470972462, 21.37771372640923], [39.47373478078259, 21.37773261313519], [39.47430460012612, 21.37775728033719], [39.47487410096756, 21.37778772512272], [39.47544321655651, 21.3778239439221], [39.47686787259871, 21.37796057198274], [39.47829201286053, 21.37810184826161], [39.47827056486125, 21.37826853940578]]]}, "properties": {"layer": "roads", "name": "مكة - جدة السريع", "road_id": "1426", "municipality": "بحرة", "district": "", "length_m": "0", "type": "Main Axis", "color": "#38bdf8"}}]}