{"type": "FeatureCollection", "features": [{"type": "Feature", "geometry": {"type": "LineString", "coordinates": [[39.41861057430218, 21.38960314518687], [39.41869212536871, 21.38958037569602], [39.41943596782131, 21.38942169862941], [39.41964823465661, 21.38938770097664], [39.42040246197615, 21.38929114760369], [39.42096079827166, 21.38924289245586], [39.42166215312822, 21.38922296319327], [39.42243704389127, 21.38921240761948], [39.42301318279863, 21.38919406466047]]}, "properties": {"name": "طريق جدة_مكة", "street": "طريق جدة_مكة", "segment_code": "1011081652", "from_street": "بداية منطقة 101108", "to_street": "نهاية منطقة 101108", "main_street_code": "1652", "region_no": "101108", "direction": "S", "direction_label": "جنوب", "municipality": "بلدية الجنوب", "district": "المرسلات", "sub_district": "المرسلات 1", "length_m": "916.087414", "width_m": "18.5", "area_m2": "8511.532916", "street_type": "طريق سريع", "color": "#38bdf8"}}, {"type": "Feature", "geometry": {"type": "LineString", "coordinates": [[39.41460192614609, 21.39133753493894], [39.41489849663926, 21.3911465160936], [39.41549480258535, 21.39080175939306], [39.4163951004268, 21.39036540686887], [39.41707936635558, 21.39007779971847], [39.41743837013293, 21.38994303696587], [39.41781783916953, 21.38982447744269], [39.41861057430218, 21.38960314518687]]}, "properties": {"name": "طريق جدة_مكة", "street": "طريق جدة_مكة", "segment_code": "1011081652R1", "from_street": "بداية منطقة 101108", "to_street": "نهاية منطقة 101108", "main_street_code": "1652", "region_no": "101108", "direction": "S", "direction_label": "جنوب", "municipality": "بلدية الجنوب", "district": "المرسلات", "sub_district": "المرسلات 1", "length_m": "916.087414", "width_m": "18.5", "area_m2": "8511.530936", "street_type": "طريق سريع", "color": "#38bdf8"}}, {"type": "Feature", "geometry": {"type": "LineString", "coordinates": [[39.42301318279863, 21.38919406466047], [39.42672429445918, 21.38914641587299], [39.42674614934997, 21.38914628257256]]}, "properties": {"name": "طريق جدة_مكة", "street": "طريق جدة_مكة", "segment_code": "1011091652", "from_street": "بداية منطقة 101109", "to_street": "نهاية منطقة 101109", "main_street_code": "1652", "region_no": "101109", "direction": "S", "direction_label": "جنوب", "municipality": "بلدية الجنوب", "district": "المرسلات", "sub_district": "المرسلات 1", "length_m": "386.993749", "width_m": "18.5", "area_m2": "7159.383605", "street_type": "طريق سريع", "color": "#38bdf8"}}, {"type": "Feature", "geometry": {"type": "LineString", "coordinates": [[39.31321276261556, 21.42377605819435], [39.31310204110009, 21.4238114153059], [39.31244133363441, 21.42406365558036], [39.31178321768868, 21.42433501302968], [39.31139808452814, 21.42451502002594], [39.31070444887958, 21.42489401295077], [39.31025822093819, 21.42516019084468], [39.30958990403781, 21.42559534594924]]}, "properties": {"name": "طريق جدة_مكة", "street": "طريق جدة_مكة", "segment_code": "1012041652", "from_street": "بداية منطقة 101204", "to_street": "نهاية منطقة 101204", "main_street_code": "1652", "region_no": "101204", "direction": "S", "direction_label": "جنوب", "municipality": "بلدية الجنوب", "district": "الأجاويد", "sub_district": "الأجاويد 3", "length_m": "1726.951405", "width_m": "18.5", "area_m2": "7910.928433", "street_type": "طريق سريع", "color": "#38bdf8"}}, {"type": "Feature", "geometry": {"type": "LineString", "coordinates": [[39.31725522230693, 21.42310384980894], [39.31650383263878, 21.42314045281256], [39.31581459856464, 21.42318239338988], [39.31518674891923, 21.42327680623668], [39.31454620601686, 21.42340470837151], [39.31387764406777, 21.42356373858445], [39.31321276261556, 21.42377605819435]]}, "properties": {"name": "طريق جدة_مكة", "street": "طريق جدة_مكة", "segment_code": "1012041652L1", "from_street": "بداية منطقة 101204", "to_street": "نهاية منطقة 101204", "main_street_code": "1652", "region_no": "101204", "direction": "S", "direction_label": "جنوب", "municipality": "بلدية الجنوب", "district": "الأجاويد", "sub_district": "الأجاويد 3", "length_m": "1726.951405", "width_m": "18.5", "area_m2": "7910.927316", "street_type": "طريق سريع", "color": "#38bdf8"}}, {"type": "Feature", "geometry": {"type": "LineString", "coordinates": [[39.32137853425674, 21.42296022570118], [39.31985570259776, 21.42300738764643], [39.317524946336, 21.42309070955131], [39.31725522230693, 21.42310384980894]]}, "properties": {"name": "طريق جدة_مكة", "street": "طريق جدة_مكة", "segment_code": "1012041652L2", "from_street": "بداية منطقة 101204", "to_street": "نهاية منطقة 101204", "main_street_code": "1652", "region_no": "101204", "direction": "S", "direction_label": "جنوب", "municipality": "بلدية الجنوب", "district": "الأجاويد", "sub_district": "الأجاويد 3", "length_m": "1726.951405", "width_m": "18.5", "area_m2": "7910.927984", "street_type": "طريق سريع", "color": "#38bdf8"}}, {"type": "Feature", "geometry": {"type": "LineString", "coordinates": [[39.32546623091502, 21.42252086537071], [39.3245041916169, 21.42272831781045], [39.32357516103393, 21.4228544231342], [39.32290638588476, 21.42291069564134], [39.3216656935123, 21.42295133067933], [39.32137853425674, 21.42296022570118]]}, "properties": {"name": "طريق جدة_مكة", "street": "طريق جدة_مكة", "segment_code": "1012041652L3", "from_street": "بداية منطقة 101204", "to_street": "نهاية منطقة 101204", "main_street_code": "1652", "region_no": "101204", "direction": "S", "direction_label": "جنوب", "municipality": "بلدية الجنوب", "district": "الأجاويد", "sub_district": "الأجاويد 3", "length_m": "1726.951405", "width_m": "18.5", "area_m2": "7910.928479", "street_type": "طريق سريع", "color": "#38bdf8"}}, {"type": "Feature", "geometry": {"type": "LineString", "coordinates": [[39.32942545239985, 21.4209943359991], [39.32876302241486, 21.42135131337742], [39.32836211876111, 21.42154429851181], [39.32798567171172, 21.42171428569246], [39.32771478465, 21.42182382503323], [39.32725563756975, 21.42200257825407], [39.32648263325002, 21.42225652771078], [39.32599123192484, 21.42239804801065], [39.32548598974448, 21.42251521077244]]}, "properties": {"name": "طريق جدة_مكة", "street": "طريق جدة_مكة", "segment_code": "1015011652", "from_street": "بداية منطقة 101501", "to_street": "نهاية منطقة 101501", "main_street_code": "1652", "region_no": "101501", "direction": "S", "direction_label": "جنوب", "municipality": "بلدية الجنوب", "district": "الشفا", "sub_district": "الشفا 1", "length_m": "2660.838638", "width_m": "18.5", "area_m2": "8204.253749", "street_type": "طريق سريع", "color": "#38bdf8"}}, {"type": "Feature", "geometry": {"type": "LineString", "coordinates": [[39.33280227496257, 21.4185446506416], [39.33243980512862, 21.41883542635205], [39.33200708999326, 21.41918052210868], [39.33157590088492, 21.41952417986744], [39.33113246192347, 21.41987072847184], [39.33085109670563, 21.42008643235044], [39.33056664222228, 21.42029066819652], [39.33029287999197, 21.42048197315117], [39.33008638712581, 21.42061577143093], [39.32943620594803, 21.42098854143341], [39.32942545239985, 21.4209943359991]]}, "properties": {"name": "طريق جدة_مكة", "street": "طريق جدة_مكة", "segment_code": "1015011652L1", "from_street": "بداية منطقة 101501", "to_street": "نهاية منطقة 101501", "main_street_code": "1652", "region_no": "101501", "direction": "S", "direction_label": "جنوب", "municipality": "بلدية الجنوب", "district": "الشفا", "sub_district": "الشفا 1", "length_m": "2660.838638", "width_m": "18.5", "area_m2": "8204.251788", "street_type": "طريق سريع", "color": "#38bdf8"}}, {"type": "Feature", "geometry": {"type": "LineString", "coordinates": [[39.3362202787528, 21.41615059776947], [39.33581020986921, 21.41636310494699], [39.3354430670704, 21.41657325107236], [39.33499949998857, 21.4168552661258], [39.33473492321032, 21.41703938786527], [39.33442754563426, 21.41726232171952], [39.3338755546235, 21.41769228472527], [39.3333954163023, 21.41806186242504], [39.33286639860386, 21.41849321119149], [39.33280227496257, 21.4185446506416]]}, "properties": {"name": "طريق جدة_مكة", "street": "طريق جدة_مكة", "segment_code": "1015011652L2", "from_street": "بداية منطقة 101501", "to_street": "نهاية منطقة 101501", "main_street_code": "1652", "region_no": "101501", "direction": "S", "direction_label": "جنوب", "municipality": "بلدية الجنوب", "district": "الشفا", "sub_district": "الشفا 1", "length_m": "2660.838638", "width_m": "18.5", "area_m2": "8204.252397", "street_type": "طريق سريع", "color": "#38bdf8"}}, {"type": "Feature", "geometry": {"type": "LineString", "coordinates": [[39.34031753398623, 21.41511559045974], [39.33984355428137, 21.41513436411534], [39.33959087367737, 21.41515926024688], [39.33892478187502, 21.41525383999769], [39.33843640485893, 21.41536240059266], [39.33794809211525, 21.41549964695059], [39.33739858122489, 21.41566857016884], [39.33680630282638, 21.41589064696044], [39.33629367249002, 21.41611256275307], [39.3362202787528, 21.41615059776947]]}, "properties": {"name": "طريق جدة_مكة", "street": "طريق جدة_مكة", "segment_code": "1015011652L3", "from_street": "بداية منطقة 101501", "to_street": "نهاية منطقة 101501", "main_street_code": "1652", "region_no": "101501", "direction": "S", "direction_label": "جنوب", "municipality": "بلدية الجنوب", "district": "الشفا", "sub_district": "الشفا 1", "length_m": "2660.838638", "width_m": "18.5", "area_m2": "8204.253605", "street_type": "طريق سريع", "color": "#38bdf8"}}, {"type": "Feature", "geometry": {"type": "LineString", "coordinates": [[39.34456108295259, 21.41554303885611], [39.34409799893175, 21.41546991986247], [39.34306060156823, 21.41529705981299], [39.34197886821947, 21.41516014133846], [39.34108725362166, 21.41510028228105], [39.34079774512068, 21.41509656878366], [39.34031753398623, 21.41511559045974]]}, "properties": {"name": "طريق جدة_مكة", "street": "طريق جدة_مكة", "segment_code": "1015011652L4", "from_street": "بداية منطقة 101501", "to_street": "نهاية منطقة 101501", "main_street_code": "1652", "region_no": "101501", "direction": "S", "direction_label": "جنوب", "municipality": "بلدية الجنوب", "district": "الشفا", "sub_district": "الشفا 1", "length_m": "2660.838638", "width_m": "18.5", "area_m2": "8204.252458", "street_type": "طريق سريع", "color": "#38bdf8"}}, {"type": "Feature", "geometry": {"type": "LineString", "coordinates": [[39.34877119488759, 21.41625821999885], [39.34742471657385, 21.41601527007447], [39.34639190987829, 21.41584385509859], [39.34537135605454, 21.41567097460553], [39.34456108295259, 21.41554303885611]]}, "properties": {"name": "طريق جدة_مكة", "street": "طريق جدة_مكة", "segment_code": "1015011652L5", "from_street": "بداية منطقة 101501", "to_street": "نهاية منطقة 101501", "main_street_code": "1652", "region_no": "101501", "direction": "S", "direction_label": "جنوب", "municipality": "بلدية الجنوب", "district": "الشفا", "sub_district": "الشفا 1", "length_m": "2660.838638", "width_m": "18.5", "area_m2": "8204.25173", "street_type": "طريق سريع", "color": "#38bdf8"}}, {"type": "Feature", "geometry": {"type": "LineString", "coordinates": [[39.35281084600007, 21.41664004300003], [39.35277073600002, 21.41664156000007], [39.35273062200002, 21.41664295500004], [39.35269050300008, 21.41664422600007], [39.35265038100005, 21.41664537500003], [39.35261025600005, 21.41664640000005], [39.35257012700004, 21.41664730300005], [39.35252999600004, 21.41664808200005], [39.35248986300007, 21.41664873900004], [39.35244972800007, 21.41664927200003], [39.35240959100003, 21.41664968300006], [39.35236945400004, 21.41664997000004], [39.35232931500008, 21.41665013500005], [39.35228917700005, 21.41665017600008], [39.35224903800002, 21.41665009500002], [39.35220890000005, 21.41664989000003], [39.35216876300007, 21.41664956300008], [39.35212862700007, 21.41664911200007], [39.35208849200006, 21.41664853800006], [39.35204836000003, 21.41664784200003], [39.35200822900003, 21.41664702200006], [39.35196810200006, 21.41664607900003], [39.35192797700006, 21.41664501300005], [39.35188785600008, 21.41664382500005], [39.35184773900005, 21.41664251300006], [39.35180762600004, 21.41664107900004], [39.35176751800003, 21.41663952100004], [39.35172741400004, 21.41663784100007], [39.35168731600004, 21.41663603700005], [39.35164722400003, 21.41663411100006], [39.35160713700003, 21.41663206200008], [39.35156705800006, 21.41662989000002], [39.35152698500008, 21.41662759500002], [39.35148691900002, 21.41662517700007], [39.35144686100006, 21.41662263700005], [39.35140681100006, 21.41661997400007], [39.35136676900004, 21.41661718800003], [39.35132673600003, 21.41661427900004], [39.35128671200005, 21.41661124800004], [39.35124669700008, 21.41660809300004], [39.35120669200006, 21.41660481700006], [39.35116669800004, 21.41660141800003], [39.35112671400003, 21.41659789600004], [39.35108674100007, 21.41659425100005], [39.35104678000005, 21.41659048400004], [39.35100683000007, 21.41658659500007], [39.35096689200003, 21.41658258300004], [39.35092696700008, 21.41657844900004], [39.35088705500004, 21.41657419300003], [39.35084715600004, 21.41656981400007], [39.35080727000008, 21.41656531300004], [39.35076739900006, 21.41656068900005], [39.35072754200007, 21.41655594400004], [39.35068723300003, 21.41655084200005], [39.35064692300006, 21.41654574100005], [39.35060661400007, 21.41654064000005], [39.35056630500003, 21.41653553900005], [39.35052599600004, 21.41653043700006], [39.35048568700006, 21.41652533600006], [39.35044537700003, 21.41652023500006], [39.35040506800004, 21.41651513300008], [39.35036475900006, 21.41651003200008], [39.35032445000007, 21.41650493100008], [39.35028414000004, 21.41649983000008], [39.35024383100006, 21.41649472800003], [39.35020352200007, 21.41648962700003], [39.35016373500008, 21.41648319900003], [39.35012394800003, 21.41647677100008], [39.35008416100004, 21.41647034300007], [39.35004437500004, 21.41646391500007], [39.35000458800005, 21.41645748700006], [39.34996480100006, 21.41645105900005], [39.34992501400006, 21.41644463100005], [39.34988522700007, 21.41643820300004], [39.34984544000002, 21.41643177500004], [39.34980565300003, 21.41642534700003], [39.34976586600004, 21.41641891900002], [39.34972608000004, 21.41641249100007], [39.34968629300005, 21.41640606300007], [39.34964650600006, 21.41639963500006], [39.34960671900006, 21.41639320700006], [39.34956693200007, 21.41638677900005], [39.34952714500002, 21.41638035200003], [39.34948735800003, 21.41637392400003], [39.34944757200003, 21.41636749600008], [39.34940778500004, 21.41636106800007], [39.34936799800005, 21.41635464000007], [39.34932821100006, 21.41634821200006], [39.34928842400006, 21.41634178400005], [39.34924863700007, 21.41633535600005], [39.34920885000002, 21.41632892800004], [39.34916906400008, 21.41632250000004], [39.34912927700003, 21.41631607200003], [39.34908949000004, 21.41630964400002], [39.34904970300005, 21.41630321600007], [39.34900991600006, 21.41629678800007], [39.34897012900007, 21.41629036000006], [39.34893034200007, 21.41628393200006], [39.34889055500003, 21.41627750400005], [39.34885076900008, 21.41627107600004], [39.34881098200003, 21.41626464800004], [39.34877119500004, 21.41625822000003]]}, "properties": {"name": "طريق جدة_مكة", "street": "طريق جدة_مكة", "segment_code": "1017201652", "from_street": "بداية منطقة 101720", "to_street": "نهاية منطقة 101720", "main_street_code": "1652", "region_no": "101720", "direction": "S", "direction_label": "جنوب", "municipality": "بلدية الجنوب", "district": "أبوجعالة", "sub_district": "أبوجعالة 1", "length_m": "2081.46778", "width_m": "18.5", "area_m2": "7803.492932", "street_type": "طريق سريع", "color": "#38bdf8"}}, {"type": "Feature", "geometry": {"type": "LineString", "coordinates": [[39.35677502900006, 21.41585715800005], [39.35673729200005, 21.41587092900005], [39.35669951300008, 21.41588458300004], [39.35666169100006, 21.41589812000007], [39.35662382800007, 21.41591154000002], [39.35658592300007, 21.41592484200004], [39.35654797700005, 21.41593802700004], [39.35650999100005, 21.41595109400004], [39.35647196400004, 21.41596404400008], [39.35643389700004, 21.41597687500007], [39.35639579100007, 21.41598958900005], [39.35635764600005, 21.41600218400004], [39.35631946100006, 21.41601466100008], [39.35628123900005, 21.41602702000006], [39.35624297800007, 21.41603926000005], [39.35620467900003, 21.41605138200003], [39.35616634300004, 21.41606338500003], [39.35612797000005, 21.41607526900003], [39.35608956000004, 21.41608703400004], [39.35605111500007, 21.41609868000006], [39.35601263300003, 21.41611020700003], [39.35597411500004, 21.41612161500007], [39.35593556300006, 21.41613290300006], [39.35589697500006, 21.41614407100008], [39.35585835400008, 21.41615512000004], [39.35581969800006, 21.41616605000007], [39.35578100800006, 21.41617685900007], [39.35574228600007, 21.41618754900003], [39.35570353000003, 21.41619811800007], [39.35566474200004, 21.41620856800006], [39.35562592100007, 21.41621889700008], [39.35558706900008, 21.41622910600006], [39.35554818500003, 21.41623919400007], [39.35550927000003, 21.41624916200004], [39.35547032500006, 21.41625900900004], [39.35543134900007, 21.41626873600006], [39.35539234300006, 21.41627834100007], [39.35535330800008, 21.41628782600003], [39.35531424300007, 21.41629719000002], [39.35527515000007, 21.41630643200006], [39.35523602800004, 21.41631555400005], [39.35519687800007, 21.41632455400003], [39.35515770100005, 21.41633343300003], [39.35511849600005, 21.41634219100007], [39.35507926400004, 21.41635082700003], [39.35504000500003, 21.41635934100003], [39.35500072100007, 21.41636773400006], [39.35496141000004, 21.41637600400003], [39.35492207400006, 21.41638415300002], [39.35488271300005, 21.41639218100005], [39.35484332800007, 21.41640008600007], [39.35480391800007, 21.41640786900007], [39.35476448400004, 21.41641553000005], [39.35472502700003, 21.41642306800003], [39.35468554600004, 21.41643048500003], [39.35464604300006, 21.41643777900003], [39.35460651700004, 21.41644495000003], [39.35456696900008, 21.41645199900006], [39.35452740000005, 21.41645892600008], [39.35448780900003, 21.41646573000003], [39.35444819700007, 21.41647241100003], [39.35440856500003, 21.41647896900002], [39.35436891300003, 21.41648540500006], [39.35432924100007, 21.41649171700004], [39.35428954900004, 21.41649790700006], [39.35424983900003, 21.41650397400002], [39.35421011000005, 21.41650991700004], [39.35417036300004, 21.41651573800004], [39.35413059800004, 21.41652143500005], [39.35409081500006, 21.41652700900005], [39.35405101500004, 21.41653246000004], [39.35401119900007, 21.41653778700004], [39.35397136700004, 21.41654299100003], [39.35393151800002, 21.41654807200007], [39.35389165400005, 21.41655302900006], [39.35385177500007, 21.41655786300004], [39.35381188100007, 21.41656257300008], [39.35377197200006, 21.41656715900007], [39.35373205000008, 21.41657162100006], [39.35369211300008, 21.41657596000005], [39.35365216400004, 21.41658017500004], [39.35361220200008, 21.41658426700008], [39.35357222700003, 21.41658823400007], [39.35353224000005, 21.41659207800006], [39.35349224200007, 21.41659579800006], [39.35345223200005, 21.41659939300007], [39.35341221100003, 21.41660286500007], [39.35337218000006, 21.41660621300002], [39.35333213800004, 21.41660943600004], [39.35329208700006, 21.41661253600006], [39.35325202600006, 21.41661551100003], [39.35321195600005, 21.41661836300005], [39.35317187800007, 21.41662109000004], [39.35313179100007, 21.41662369300008], [39.35309169600004, 21.41662617200006], [39.35305159400008, 21.41662852600007], [39.35301148500002, 21.41663075600007], [39.35297136900004, 21.41663286200003], [39.35293124700007, 21.41663484400004], [39.35289111900005, 21.41663670100007], [39.35285098500003, 21.41663843400005], [39.35281084600007, 21.41664004300003]]}, "properties": {"name": "طريق جدة_مكة", "street": "طريق جدة_مكة", "segment_code": "1017201652L1", "from_street": "بداية منطقة 101720", "to_street": "نهاية منطقة 101720", "main_street_code": "1652", "region_no": "101720", "direction": "S", "direction_label": "جنوب", "municipality": "بلدية الجنوب", "district": "أبوجعالة", "sub_district": "أبوجعالة 1", "length_m": "2081.46778", "width_m": "18.5", "area_m2": "7803.408664", "street_type": "طريق سريع", "color": "#38bdf8"}}, {"type": "Feature", "geometry": {"type": "LineString", "coordinates": [[39.36025097600003, 21.41390827100003], [39.36022340100004, 21.41392981000007], [39.36019582600005, 21.41395135000005], [39.36016825200005, 21.41397289000003], [39.36014067700006, 21.41399443000006], [39.36011310200007, 21.41401597000004], [39.36008552700008, 21.41403751000007], [39.36005381900003, 21.41406175900005], [39.36002203300006, 21.41408590700007], [39.35999017100005, 21.41410995400003], [39.35995823200005, 21.41413389800005], [39.35992621600008, 21.41415774000006], [39.35989412400005, 21.41418147900004], [39.35986195700008, 21.41420511600006], [39.35982971400006, 21.41422865000004], [39.35979739600003, 21.41425208000004], [39.35976500300006, 21.41427540700005], [39.35973253600002, 21.41429863000008], [39.35969999500003, 21.41432175000006], [39.35966738000008, 21.41434476500007], [39.35963469200004, 21.41436767600004], [39.35960193000005, 21.41439048200004], [39.35956909600003, 21.41441318300002], [39.35953618900004, 21.41443577900003], [39.35950321000007, 21.41445827000007], [39.35947015900007, 21.41448065500003], [39.35943703700008, 21.41450293400004], [39.35940384400004, 21.41452510700003], [39.35937058000007, 21.41454717400006], [39.35933724600005, 21.41456913500002], [39.35930384200003, 21.41459098900003], [39.35927036800007, 21.41461273600004], [39.35923682400005, 21.41463437500005], [39.35920321200007, 21.41465590800004], [39.35916953000003, 21.41467733200005], [39.35913578100008, 21.41469864900006], [39.35910196300006, 21.41471985800007], [39.35906807800006, 21.41474095900003], [39.35903412600004, 21.41476195100006], [39.35900010600005, 21.41478283400005], [39.35896602000003, 21.41480360900005], [39.35893186800007, 21.41482427400007], [39.35889765000007, 21.41484483000005], [39.35886336600004, 21.41486527700005], [39.35882901700006, 21.41488561300002], [39.35879460300004, 21.41490584000007], [39.35876012500006, 21.41492595700004], [39.35872558200003, 21.41494596300004], [39.35869097600005, 21.41496585900006], [39.35865630600006, 21.41498564400007], [39.35862157300005, 21.41500531800006], [39.35858677800007, 21.41502488100002], [39.35855192000002, 21.41504433200004], [39.35851699900007, 21.41506367200003], [39.35848201800007, 21.41508290000007], [39.35844697500005, 21.41510201600005], [39.35841187100004, 21.41512102000007], [39.35837670600006, 21.41513991100004], [39.35834148100002, 21.41515869000006], [39.35830619700005, 21.41517735700006], [39.35827085200003, 21.41519591000002], [39.35823544900006, 21.41521435000004], [39.35819998700003, 21.41523267700006], [39.35816446600006, 21.41525089000004], [39.35812888800007, 21.41526899000007], [39.35809325100007, 21.41528697600006], [39.35805755800004, 21.41530484800006], [39.35802180700006, 21.41532260500003], [39.35798600000004, 21.41534024800006], [39.35795013600006, 21.41535777700005], [39.35791421700003, 21.41537519000008], [39.35787824200003, 21.41539248900006], [39.35784221200004, 21.41540967300006], [39.35780612700006, 21.41542674100003], [39.35776998800003, 21.41544369400003], [39.35773379500006, 21.41546053100006], [39.35769754800003, 21.41547725200007], [39.35766124800006, 21.41549385700006], [39.35762489400003, 21.41551034600008], [39.35758848900008, 21.41552671900007], [39.35755203100007, 21.41554297500005], [39.35751552100004, 21.41555911500006], [39.35747896000004, 21.41557513800007], [39.35744234800006, 21.41559104300006], [39.35740568500006, 21.41560683200004], [39.35736897200007, 21.41562250300007], [39.35733220900005, 21.41563805700002], [39.35729539700003, 21.41565349300004], [39.35725853500003, 21.41566881100005], [39.35722162400003, 21.41568401100005], [39.35718466500003, 21.41569909400005], [39.35714765800003, 21.41571405700006], [39.35711060400007, 21.41572890300006], [39.35707350200005, 21.41574363000007], [39.35703635300007, 21.41575823800002], [39.35699915700008, 21.41577272700005], [39.35696191600005, 21.41578709700008], [39.35692462800006, 21.41580134900005], [39.35688729600002, 21.41581548000005], [39.35684991800008, 21.41582949300005], [39.35681249600003, 21.41584338500007], [39.35677502900006, 21.41585715800005]]}, "properties": {"name": "طريق جدة_مكة", "street": "طريق جدة_مكة", "segment_code": "1017201652L2", "from_street": "بداية منطقة 101720", "to_street": "نهاية منطقة 101720", "main_street_code": "1652", "region_no": "101720", "direction": "S", "direction_label": "جنوب", "municipality": "بلدية الجنوب", "district": "أبوجعالة", "sub_district": "أبوجعالة 1", "length_m": "2081.46778", "width_m": "18.5", "area_m2": "7803.411689", "street_type": "طريق سريع", "color": "#38bdf8"}}, {"type": "Feature", "geometry": {"type": "LineString", "coordinates": [[39.362950380599, 21.41106681159232], [39.3621293270164, 21.41205254706311], [39.36160236331462, 21.41265251425827], [39.36050594719132, 21.41370910240171], [39.36025097636038, 21.4139082705368]]}, "properties": {"name": "طريق جدة_مكة", "street": "طريق جدة_مكة", "segment_code": "1017201652L3", "from_street": "بداية منطقة 101720", "to_street": "نهاية منطقة 101720", "main_street_code": "1652", "region_no": "101720", "direction": "S", "direction_label": "جنوب", "municipality": "بلدية الجنوب", "district": "أبوجعالة", "sub_district": "أبوجعالة 1", "length_m": "2081.46778", "width_m": "18.5", "area_m2": "7803.591588", "street_type": "طريق سريع", "color": "#38bdf8"}}, {"type": "Feature", "geometry": {"type": "LineString", "coordinates": [[39.36543308443886, 21.40804698690022], [39.36536679504677, 21.40812623892225], [39.36504227805791, 21.40851421283969], [39.36415276595708, 21.40959906031916], [39.36308381521132, 21.41090661168806], [39.362950380599, 21.41106681159232]]}, "properties": {"name": "طريق جدة_مكة", "street": "طريق جدة_مكة", "segment_code": "1017201652L4", "from_street": "بداية منطقة 101720", "to_street": "نهاية منطقة 101720", "main_street_code": "1652", "region_no": "101720", "direction": "S", "direction_label": "جنوب", "municipality": "بلدية الجنوب", "district": "أبوجعالة", "sub_district": "أبوجعالة 1", "length_m": "2081.46778", "width_m": "18.5", "area_m2": "7803.589538", "street_type": "طريق سريع", "color": "#38bdf8"}}, {"type": "Feature", "geometry": {"type": "LineString", "coordinates": [[39.36767669685872, 21.40532848752032], [39.36753965143658, 21.40549529187831], [39.36725461342419, 21.40584302257812], [39.36691865516856, 21.40624536836302], [39.36657660904194, 21.40666398179857], [39.36622947518647, 21.4070902565578], [39.36596276559511, 21.40741977638892], [39.36573266323503, 21.40768801864328], [39.36554741190971, 21.4079255636852], [39.36547828333321, 21.40801420577333]]}, "properties": {"name": "طريق جدة_مكة", "street": "طريق جدة_مكة", "segment_code": "1017211652", "from_street": "بداية منطقة 101721", "to_street": "نهاية منطقة 101721", "main_street_code": "1652", "region_no": "101721", "direction": "S", "direction_label": "جنوب", "municipality": "بلدية الجنوب", "district": "أبوجعالة", "sub_district": "أبوجعالة 1", "length_m": "1122.019717", "width_m": "18.5", "area_m2": "6929.456737", "street_type": "طريق سريع", "color": "#38bdf8"}}, {"type": "Feature", "geometry": {"type": "LineString", "coordinates": [[39.369975343462, 21.40272158356854], [39.3698416623004, 21.40283769016004], [39.3694556679753, 21.40323345818821], [39.36914915547824, 21.40356498350267], [39.36883454559987, 21.40392521245009], [39.36851691072921, 21.40430170337321], [39.36823395333867, 21.40466281843317], [39.36789696771194, 21.40506038706308], [39.36767669685872, 21.40532848752032]]}, "properties": {"name": "طريق جدة_مكة", "street": "طريق جدة_مكة", "segment_code": "1017211652L1", "from_street": "بداية منطقة 101721", "to_street": "نهاية منطقة 101721", "main_street_code": "1652", "region_no": "101721", "direction": "S", "direction_label": "جنوب", "municipality": "بلدية الجنوب", "district": "أبوجعالة", "sub_district": "أبوجعالة 1", "length_m": "1122.019717", "width_m": "18.5", "area_m2": "6929.456562", "street_type": "طريق سريع", "color": "#38bdf8"}}, {"type": "Feature", "geometry": {"type": "LineString", "coordinates": [[39.37283046614499, 21.40066751972556], [39.37259952472147, 21.40079771629198], [39.37224061888653, 21.40099836220915], [39.37186440697086, 21.4012200821242], [39.3716217886095, 21.40137648330016], [39.37129767395028, 21.40160765010808], [39.37097974156811, 21.40186174991072], [39.37058944335399, 21.40216764546775], [39.37032251397624, 21.40240250764444], [39.37010656281713, 21.40260761458467], [39.369975343462, 21.40272158356854]]}, "properties": {"name": "طريق جدة_مكة", "street": "طريق جدة_مكة", "segment_code": "1017211652L2", "from_street": "بداية منطقة 101721", "to_street": "نهاية منطقة 101721", "main_street_code": "1652", "region_no": "101721", "direction": "S", "direction_label": "جنوب", "municipality": "بلدية الجنوب", "district": "أبوجعالة", "sub_district": "أبوجعالة 1", "length_m": "1122.019717", "width_m": "18.5", "area_m2": "6929.458021", "street_type": "طريق سريع", "color": "#38bdf8"}}, {"type": "Feature", "geometry": {"type": "LineString", "coordinates": [[39.40324931669178, 21.40262235899747], [39.40314490766242, 21.4026950621813], [39.40267340795079, 21.40296751974064], [39.40236752559903, 21.40312842032856], [39.40195198966563, 21.40333022116097], [39.4016001608923, 21.40349242494897], [39.40124316464723, 21.40363193076614], [39.40079813541815, 21.40378479412292], [39.40026248512307, 21.40393787178766], [39.39994997207879, 21.40400913893423], [39.39959663329709, 21.40408647769843], [39.39944551757773, 21.40411240160611]]}, "properties": {"name": "طريق جدة_مكة", "street": "طريق جدة_مكة", "segment_code": "1020101652", "from_street": "بداية منطقة 102010", "to_street": "نهاية منطقة 102010", "main_street_code": "1652", "region_no": "102010", "direction": "S", "direction_label": "جنوب", "municipality": "بلدية الجنوب", "district": "الأثير", "sub_district": "الأثير 1", "length_m": "4595.560957", "width_m": "18.5", "area_m2": "7965.809866", "street_type": "طريق سريع", "color": "#38bdf8"}}, {"type": "Feature", "geometry": {"type": "LineString", "coordinates": [[39.40615489482671, 21.39986407163229], [39.40584012279953, 21.40023229124547], [39.40556787325825, 21.4005520852467], [39.40532226577216, 21.40081444181872], [39.40496205944373, 21.40117508712014], [39.40475208179655, 21.40139910871447], [39.40452422596822, 21.40161958717192], [39.40429382554727, 21.40184365747162], [39.40395253600656, 21.40212297657758], [39.40351179286372, 21.40243958804291], [39.40324931669178, 21.40262235899747]]}, "properties": {"name": "طريق جدة_مكة", "street": "طريق جدة_مكة", "segment_code": "1020101652L1", "from_street": "بداية منطقة 102010", "to_street": "نهاية منطقة 102010", "main_street_code": "1652", "region_no": "102010", "direction": "S", "direction_label": "جنوب", "municipality": "بلدية الجنوب", "district": "الأثير", "sub_district": "الأثير 1", "length_m": "4595.560957", "width_m": "18.5", "area_m2": "7965.811193", "street_type": "طريق سريع", "color": "#38bdf8"}}, {"type": "Feature", "geometry": {"type": "LineString", "coordinates": [[39.40878207737058, 21.39685077823193], [39.40841899823832, 21.39727133487814], [39.40802590975917, 21.39773485949578], [39.40761371066311, 21.39821157746659], [39.40727529547546, 21.39860205544563], [39.40686815736258, 21.39906441615946], [39.40658567802618, 21.39937587016105], [39.40622305760891, 21.39978433479146], [39.40615489482671, 21.39986407163229]]}, "properties": {"name": "طريق جدة_مكة", "street": "طريق جدة_مكة", "segment_code": "1020101652L2", "from_street": "بداية منطقة 102010", "to_street": "نهاية منطقة 102010", "main_street_code": "1652", "region_no": "102010", "direction": "S", "direction_label": "جنوب", "municipality": "بلدية الجنوب", "district": "الأثير", "sub_district": "الأثير 1", "length_m": "4595.560957", "width_m": "18.5", "area_m2": "7965.811018", "street_type": "طريق سريع", "color": "#38bdf8"}}, {"type": "Feature", "geometry": {"type": "LineString", "coordinates": [[39.41143076415139, 21.39385419740394], [39.41117855396805, 21.39415092633483], [39.41078924138282, 21.39458934782563], [39.41038724309348, 21.39505648486188], [39.41000558621437, 21.39549608115406], [39.40963150194113, 21.3959057755478], [39.40920398787649, 21.39637894878755], [39.40880574564876, 21.39682336329257], [39.40878207737058, 21.39685077823193]]}, "properties": {"name": "طريق جدة_مكة", "street": "طريق جدة_مكة", "segment_code": "1020101652L3", "from_street": "بداية منطقة 102010", "to_street": "نهاية منطقة 102010", "main_street_code": "1652", "region_no": "102010", "direction": "S", "direction_label": "جنوب", "municipality": "بلدية الجنوب", "district": "الأثير", "sub_district": "الأثير 1", "length_m": "4595.560957", "width_m": "18.5", "area_m2": "7965.810894", "street_type": "طريق سريع", "color": "#38bdf8"}}, {"type": "Feature", "geometry": {"type": "LineString", "coordinates": [[39.41446789299935, 21.39109871278572], [39.41442026108816, 21.39112880518205], [39.41408551394812, 21.39135912236037], [39.41384402903206, 21.39153327095196], [39.41348491248586, 21.39181241469172], [39.41326640188564, 21.39198793968592], [39.41305558893664, 21.39217778859344], [39.41271036182452, 21.39249562344922], [39.41250874441053, 21.39268831768005], [39.41222011231076, 21.3929816285232], [39.41187962104946, 21.39335108448958], [39.41143076415139, 21.39385419740394]]}, "properties": {"name": "طريق جدة_مكة", "street": "طريق جدة_مكة", "segment_code": "1021201652", "from_street": "بداية منطقة 102120", "to_street": "نهاية منطقة 102120", "main_street_code": "1652", "region_no": "102120", "direction": "S", "direction_label": "جنوب", "municipality": "بلدية الجنوب", "district": "العسيلة", "sub_district": "العسيلة 1", "length_m": "1759.626356", "width_m": "18.5", "area_m2": "8138.271977", "street_type": "طريق سريع", "color": "#38bdf8"}}, {"type": "Feature", "geometry": {"type": "LineString", "coordinates": [[39.41828857815774, 21.38941303594663], [39.41828545181764, 21.38941380630127], [39.41787686668629, 21.38952526737923], [39.41744231892022, 21.38966260975284], [39.41696650175592, 21.38982873990403], [39.41649839812554, 21.39001492997486], [39.41618484169563, 21.39015483637311], [39.41585144406957, 21.39031917609505], [39.4155241563124, 21.39047776186148], [39.41521834790552, 21.39065063788036], [39.41479633713878, 21.39089121311523], [39.41446789299935, 21.39109871278572]]}, "properties": {"name": "طريق جدة_مكة", "street": "طريق جدة_مكة", "segment_code": "1021201652L1", "from_street": "بداية منطقة 102120", "to_street": "نهاية منطقة 102120", "main_street_code": "1652", "region_no": "102120", "direction": "S", "direction_label": "جنوب", "municipality": "بلدية الجنوب", "district": "العسيلة", "sub_district": "العسيلة 1", "length_m": "1759.626356", "width_m": "18.5", "area_m2": "8138.271715", "street_type": "طريق سريع", "color": "#38bdf8"}}, {"type": "Feature", "geometry": {"type": "LineString", "coordinates": [[39.42248677280069, 21.3889266780759], [39.42213570352712, 21.38892940237227], [39.42149712595519, 21.38894391655873], [39.42081882392234, 21.38899151766674], [39.42051872035155, 21.38901378544649], [39.41998137654259, 21.38908397877948], [39.41951293980546, 21.38915112944891], [39.41910119542821, 21.38922817783472], [39.41862060818345, 21.3893312147047], [39.41828857815774, 21.38941303594663]]}, "properties": {"name": "طريق جدة_مكة", "street": "طريق جدة_مكة", "segment_code": "1021201652L2", "from_street": "بداية منطقة 102120", "to_street": "نهاية منطقة 102120", "main_street_code": "1652", "region_no": "102120", "direction": "S", "direction_label": "جنوب", "municipality": "بلدية الجنوب", "district": "العسيلة", "sub_district": "العسيلة 1", "length_m": "1759.626356", "width_m": "18.5", "area_m2": "8138.272177", "street_type": "طريق سريع", "color": "#38bdf8"}}, {"type": "Feature", "geometry": {"type": "LineString", "coordinates": [[39.42672990330455, 21.38886470778725], [39.42583098395202, 21.38888133532369], [39.42506373883324, 21.38888758468505], [39.42415407865606, 21.38889705843329], [39.423504767601, 21.38890730490767], [39.42295654944968, 21.3889230312561], [39.42248677280069, 21.3889266780759]]}, "properties": {"name": "طريق جدة_مكة", "street": "طريق جدة_مكة", "segment_code": "1021201652L3", "from_street": "بداية منطقة 102120", "to_street": "نهاية منطقة 102120", "main_street_code": "1652", "region_no": "102120", "direction": "S", "direction_label": "جنوب", "municipality": "بلدية الجنوب", "district": "العسيلة", "sub_district": "العسيلة 1", "length_m": "1759.626356", "width_m": "18.5", "area_m2": "8138.271304", "street_type": "طريق سريع", "color": "#38bdf8"}}, {"type": "Feature", "geometry": {"type": "LineString", "coordinates": [[39.35646518202277, 21.4162053571847], [39.35711304404704, 21.41598530006507], [39.35828144281218, 21.41544518119114], [39.3592013524071, 21.41491762267142], [39.35980880464452, 21.41452313027419], [39.36047728747078, 21.41408736954412]]}, "properties": {"name": "طريق جدة_مكة", "street": "طريق جدة_مكة", "segment_code": "1006011652", "from_street": "بداية منطقة 100601", "to_street": "نهاية منطقة 100601", "main_street_code": "1652", "region_no": "100601", "direction": "S", "direction_label": "جنوب", "municipality": "بلدية الجنوب", "district": "العليا", "sub_district": "العليا 1", "length_m": "1428.666063", "width_m": "18.5", "area_m2": "8867.091189", "street_type": "طريق سريع", "color": "#38bdf8"}}, {"type": "Feature", "geometry": {"type": "LineString", "coordinates": [[39.35192897339366, 21.41689940853002], [39.3526849055198, 21.41690543034645], [39.35335318863073, 21.41685186476687], [39.35402143350984, 21.41678224850658], [39.35509645910331, 21.41660344113119], [39.35610269483946, 21.41632847996937], [39.35646518202277, 21.4162053571847]]}, "properties": {"name": "طريق جدة_مكة", "street": "طريق جدة_مكة", "segment_code": "1006011652R1", "from_street": "بداية منطقة 100601", "to_street": "نهاية منطقة 100601", "main_street_code": "1652", "region_no": "100601", "direction": "S", "direction_label": "جنوب", "municipality": "بلدية الجنوب", "district": "العليا", "sub_district": "العليا 1", "length_m": "1428.666063", "width_m": "18.5", "area_m2": "8867.088853", "street_type": "طريق سريع", "color": "#38bdf8"}}, {"type": "Feature", "geometry": {"type": "LineString", "coordinates": [[39.34735494126986, 21.41629901959648], [39.34826631154138, 21.41645327673191], [39.350658044612, 21.41682141770731], [39.3514894515863, 21.416895905667], [39.35192897339366, 21.41689940853002]]}, "properties": {"name": "طريق جدة_مكة", "street": "طريق جدة_مكة", "segment_code": "1006011652R2", "from_street": "بداية منطقة 100601", "to_street": "نهاية منطقة 100601", "main_street_code": "1652", "region_no": "100601", "direction": "S", "direction_label": "جنوب", "municipality": "بلدية الجنوب", "district": "العليا", "sub_district": "العليا 1", "length_m": "1428.666063", "width_m": "18.5", "area_m2": "8867.087697", "street_type": "طريق سريع", "color": "#38bdf8"}}, {"type": "Feature", "geometry": {"type": "LineString", "coordinates": [[39.36311338293183, 21.41123775361396], [39.36350802179312, 21.41077455801138], [39.36516109634762, 21.40874885337136], [39.36546212184876, 21.40838456440495], [39.36558354602795, 21.4082569926844]]}, "properties": {"name": "طريق جدة_مكة", "street": "طريق جدة_مكة", "segment_code": "1006041652", "from_street": "بداية منطقة 100604", "to_street": "نهاية منطقة 100604", "main_street_code": "1652", "region_no": "100604", "direction": "S", "direction_label": "جنوب", "municipality": "بلدية الجنوب", "district": "العليا", "sub_district": "العليا 1", "length_m": "830.618753", "width_m": "18.5", "area_m2": "7726.59474", "street_type": "طريق سريع", "color": "#38bdf8"}}, {"type": "Feature", "geometry": {"type": "LineString", "coordinates": [[39.36047728747078, 21.41408736954412], [39.36109394764614, 21.41349197502037], [39.36181624166083, 21.41276020972494], [39.36311338293183, 21.41123775361396]]}, "properties": {"name": "طريق جدة_مكة", "street": "طريق جدة_مكة", "segment_code": "1006041652R1", "from_street": "بداية منطقة 100604", "to_street": "نهاية منطقة 100604", "main_street_code": "1652", "region_no": "100604", "direction": "S", "direction_label": "جنوب", "municipality": "بلدية الجنوب", "district": "العليا", "sub_district": "العليا 1", "length_m": "830.618753", "width_m": "18.5", "area_m2": "7726.594978", "street_type": "طريق سريع", "color": "#38bdf8"}}, {"type": "Feature", "geometry": {"type": "LineString", "coordinates": [[39.36981875420882, 21.40324313022531], [39.37058218853312, 21.40251806716674], [39.37136894879315, 21.40190648289554], [39.3719505793683, 21.40149996849346], [39.37245581686035, 21.40123580323346]]}, "properties": {"name": "طريق جدة_مكة", "street": "طريق جدة_مكة", "segment_code": "1006071652", "from_street": "بداية منطقة 100607", "to_street": "نهاية منطقة 100607", "main_street_code": "1652", "region_no": "100607", "direction": "S", "direction_label": "جنوب", "municipality": "بلدية الجنوب", "district": "العليا", "sub_district": "العليا 1", "length_m": "1057.933789", "width_m": "18.5", "area_m2": "6546.853997", "street_type": "طريق سريع", "color": "#38bdf8"}}, {"type": "Feature", "geometry": {"type": "LineString", "coordinates": [[39.36767687303768, 21.40573107935863], [39.36862944819961, 21.40458059470068], [39.36907367588491, 21.40404600469824], [39.36967181237158, 21.40338268485602], [39.36981875420882, 21.40324313022531]]}, "properties": {"name": "طريق جدة_مكة", "street": "طريق جدة_مكة", "segment_code": "1006071652R1", "from_street": "بداية منطقة 100607", "to_street": "نهاية منطقة 100607", "main_street_code": "1652", "region_no": "100607", "direction": "S", "direction_label": "جنوب", "municipality": "بلدية الجنوب", "district": "العليا", "sub_district": "العليا 1", "length_m": "1057.933789", "width_m": "18.5", "area_m2": "6546.854945", "street_type": "طريق سريع", "color": "#38bdf8"}}, {"type": "Feature", "geometry": {"type": "LineString", "coordinates": [[39.36558354602795, 21.4082569926844], [39.36573640506777, 21.40807705275125], [39.36671583253163, 21.40689176600338], [39.36767687303768, 21.40573107935863]]}, "properties": {"name": "طريق جدة_مكة", "street": "طريق جدة_مكة", "segment_code": "1006071652R2", "from_street": "بداية منطقة 100607", "to_street": "نهاية منطقة 100607", "main_street_code": "1652", "region_no": "100607", "direction": "S", "direction_label": "جنوب", "municipality": "بلدية الجنوب", "district": "العليا", "sub_district": "العليا 1", "length_m": "1057.933789", "width_m": "18.5", "area_m2": "6546.854277", "street_type": "طريق سريع", "color": "#38bdf8"}}, {"type": "Feature", "geometry": {"type": "LineString", "coordinates": [[39.30728192478009, 21.42789208141204], [39.30892001764767, 21.42647207896514], [39.30941189293262, 21.42604588465022], [39.31064742289123, 21.42523263665748]]}, "properties": {"name": "طريق جدة_مكة", "street": "طريق جدة_مكة", "segment_code": "1009011652", "from_street": "بداية منطقة 100901", "to_street": "نهاية منطقة 100901", "main_street_code": "1652", "region_no": "100901", "direction": "S", "direction_label": "جنوب", "municipality": "بلدية الجنوب", "district": "الأمير فواز الشمالى", "sub_district": "الأمير فواز الشمالى 2", "length_m": "1371.771239", "width_m": "18.5", "area_m2": "8460.154871", "street_type": "طريق سريع", "color": "#38bdf8"}}, {"type": "Feature", "geometry": {"type": "LineString", "coordinates": [[39.3041021711575, 21.43075674877712], [39.30442476119102, 21.43046034742108], [39.30536997164229, 21.42959601824855], [39.30672151292173, 21.42837787124742], [39.30728192478009, 21.42789208141204]]}, "properties": {"name": "طريق جدة_مكة", "street": "طريق جدة_مكة", "segment_code": "1009011652R1", "from_street": "بداية منطقة 100901", "to_street": "نهاية منطقة 100901", "main_street_code": "1652", "region_no": "100901", "direction": "S", "direction_label": "جنوب", "municipality": "بلدية الجنوب", "district": "الأمير فواز الشمالى", "sub_district": "الأمير فواز الشمالى 2", "length_m": "1371.771239", "width_m": "18.5", "area_m2": "8460.154372", "street_type": "طريق سريع", "color": "#38bdf8"}}, {"type": "Feature", "geometry": {"type": "LineString", "coordinates": [[39.30094598429564, 21.43364447514962], [39.30122025810142, 21.43339237818297], [39.30216646790054, 21.4325226640387], [39.3032828047392, 21.43150958754608], [39.3041021711575, 21.43075674877712]]}, "properties": {"name": "طريق جدة_مكة", "street": "طريق جدة_مكة", "segment_code": "1009011652R2", "from_street": "بداية منطقة 100901", "to_street": "نهاية منطقة 100901", "main_street_code": "1652", "region_no": "100901", "direction": "S", "direction_label": "جنوب", "municipality": "بلدية الجنوب", "district": "الأمير فواز الشمالى", "sub_district": "الأمير فواز الشمالى 2", "length_m": "1371.771239", "width_m": "18.5", "area_m2": "8460.155267", "street_type": "طريق سريع", "color": "#38bdf8"}}, {"type": "Feature", "geometry": {"type": "LineString", "coordinates": [[39.2975022994366, 21.43629926696016], [39.29750242378636, 21.43629919897603], [39.29832838760341, 21.43576010352336], [39.2995793952641, 21.43486285022398], [39.30009235747904, 21.43443163456294], [39.30094598526067, 21.43364447514788]]}, "properties": {"name": "طريق جدة_مكة", "street": "طريق جدة_مكة", "segment_code": "1009021652", "from_street": "بداية منطقة 100902", "to_street": "حمود بن ربيعان", "main_street_code": "1652", "region_no": "100902", "direction": "S", "direction_label": "جنوب", "municipality": "بلدية الجنوب", "district": "الأمير فواز الشمالى", "sub_district": "الأمير فواز الشمالى 1", "length_m": "1852.998088", "width_m": "18.5", "area_m2": "8570.116328", "street_type": "طريق سريع", "color": "#38bdf8"}}, {"type": "Feature", "geometry": {"type": "LineString", "coordinates": [[39.29350796089619, 21.43815823921605], [39.29445007993286, 21.43782519323333], [39.29536636176994, 21.43743841520599], [39.29617116358498, 21.43702374202615], [39.2975022994366, 21.43629926696016]]}, "properties": {"name": "طريق جدة_مكة", "street": "طريق جدة_مكة", "segment_code": "1009021652R1", "from_street": "بداية منطقة 100902", "to_street": "حمود بن ربيعان", "main_street_code": "1652", "region_no": "100902", "direction": "S", "direction_label": "جنوب", "municipality": "بلدية الجنوب", "district": "الأمير فواز الشمالى", "sub_district": "الأمير فواز الشمالى 1", "length_m": "1852.998088", "width_m": "18.5", "area_m2": "8570.11688", "street_type": "طريق سريع", "color": "#38bdf8"}}, {"type": "Feature", "geometry": {"type": "LineString", "coordinates": [[39.28924709214136, 21.43942343691415], [39.29166208930127, 21.43870873035042], [39.29322962409698, 21.43825663297326], [39.29350796089619, 21.43815823921605]]}, "properties": {"name": "طريق جدة_مكة", "street": "طريق جدة_مكة", "segment_code": "1009021652R2", "from_street": "بداية منطقة 100902", "to_street": "حمود بن ربيعان", "main_street_code": "1652", "region_no": "100902", "direction": "S", "direction_label": "جنوب", "municipality": "بلدية الجنوب", "district": "الأمير فواز الشمالى", "sub_district": "الأمير فواز الشمالى 1", "length_m": "1852.998088", "width_m": "18.5", "area_m2": "8570.115943", "street_type": "طريق سريع", "color": "#38bdf8"}}, {"type": "Feature", "geometry": {"type": "LineString", "coordinates": [[39.28498439480695, 21.4406848597401], [39.28924709214136, 21.43942343691415]]}, "properties": {"name": "طريق جدة_مكة", "street": "طريق جدة_مكة", "segment_code": "1009021652R3", "from_street": "بداية منطقة 100902", "to_street": "حمود بن ربيعان", "main_street_code": "1652", "region_no": "100902", "direction": "S", "direction_label": "جنوب", "municipality": "بلدية الجنوب", "district": "الأمير فواز الشمالى", "sub_district": "الأمير فواز الشمالى 1", "length_m": "1852.998088", "width_m": "18.5", "area_m2": "8570.1164", "street_type": "طريق سريع", "color": "#38bdf8"}}, {"type": "Feature", "geometry": {"type": "LineString", "coordinates": [[39.29888632970631, 21.43509314184857], [39.29955021613887, 21.43453791556154], [39.29966789506344, 21.43441314812774], [39.30061131149144, 21.43355377844399], [39.3007253867631, 21.43344851175876]]}, "properties": {"name": "طريق جدة_مكة", "street": "طريق جدة_مكة", "segment_code": "1010101652L1", "from_street": "بداية منطقة 101010", "to_street": "نهاية منطقة 101010", "main_street_code": "1652", "region_no": "101010", "direction": "S", "direction_label": "جنوب", "municipality": "بلدية الجنوب", "district": "الأمير فواز الجنوبي", "sub_district": "الأمير فواز الجنوبي 1", "length_m": "526.339963", "width_m": "14.8", "area_m2": "4877.793656", "street_type": "طريق سريع", "color": "#38bdf8"}}, {"type": "Feature", "geometry": {"type": "LineString", "coordinates": [[39.2967955863876, 21.43644618756281], [39.29718635671606, 21.43622487016248], [39.29791708251596, 21.43577162641204], [39.29872986845234, 21.43522399349048], [39.29888632970631, 21.43509314184857]]}, "properties": {"name": "طريق جدة_مكة", "street": "طريق جدة_مكة", "segment_code": "1010101652", "from_street": "بداية منطقة 101010", "to_street": "نهاية منطقة 101010", "main_street_code": "1652", "region_no": "101010", "direction": "S", "direction_label": "جنوب", "municipality": "بلدية الجنوب", "district": "الأمير فواز الجنوبي", "sub_district": "الأمير فواز الجنوبي 1", "length_m": "526.339963", "width_m": "14.8", "area_m2": "4877.79457", "street_type": "طريق سريع", "color": "#38bdf8"}}, {"type": "Feature", "geometry": {"type": "LineString", "coordinates": [[39.37245581686035, 21.40123580323346], [39.37323261569934, 21.40084246030274], [39.37440813488325, 21.40034977953348], [39.37511461002354, 21.40011153747175], [39.37613457339478, 21.39983200485241]]}, "properties": {"name": "طريق جدة_مكة", "street": "طريق جدة_مكة", "segment_code": "1011021652", "from_street": "بداية منطقة 101102", "to_street": "نهاية منطقة 101102", "main_street_code": "1652", "region_no": "101102", "direction": "S", "direction_label": "جنوب", "municipality": "بلدية الجنوب", "district": "الأمير فواز الجنوبي", "sub_district": "الأمير فواز الجنوبي1", "length_m": "412.328241", "width_m": "18.5", "area_m2": "7640.605355", "street_type": "طريق سريع", "color": "#38bdf8"}}, {"type": "Feature", "geometry": {"type": "LineString", "coordinates": [[39.41169954054457, 21.39404966538613], [39.4124167589965, 21.3932626756104], [39.41275676383929, 21.39290230361272], [39.41338401058918, 21.39230025737138], [39.41399925773585, 21.3917900355007], [39.41460192614609, 21.39133753493894]]}, "properties": {"name": "طريق جدة_مكة", "street": "طريق جدة_مكة", "segment_code": "1011031652", "from_street": "بداية منطقة 101103", "to_street": "نهاية منطقة 101103", "main_street_code": "1652", "region_no": "101103", "direction": "S", "direction_label": "جنوب", "municipality": "بلدية الجنوب", "district": "المرسلات", "sub_district": "المرسلات 1", "length_m": "4683.554547", "width_m": "18.5", "area_m2": "7882.768134", "street_type": "طريق سريع", "color": "#38bdf8"}}, {"type": "Feature", "geometry": {"type": "LineString", "coordinates": [[39.40909068081771, 21.39702472025293], [39.40986612765588, 21.39613756490443], [39.41072104454667, 21.39515439915378], [39.41159227508358, 21.39416736541402], [39.41169954054457, 21.39404966538613]]}, "properties": {"name": "طريق جدة_مكة", "street": "طريق جدة_مكة", "segment_code": "1011031652R1", "from_street": "بداية منطقة 101103", "to_street": "نهاية منطقة 101103", "main_street_code": "1652", "region_no": "101103", "direction": "S", "direction_label": "جنوب", "municipality": "بلدية الجنوب", "district": "المرسلات", "sub_district": "المرسلات 1", "length_m": "4683.554547", "width_m": "18.5", "area_m2": "7882.767459", "street_type": "طريق سريع", "color": "#38bdf8"}}, {"type": "Feature", "geometry": {"type": "LineString", "coordinates": [[39.40646922741834, 21.39999014491458], [39.4070894888921, 21.39928835305789], [39.40805440629358, 21.39819401304017], [39.40900507854444, 21.39712265220769], [39.40909068081771, 21.39702472025293]]}, "properties": {"name": "طريق جدة_مكة", "street": "طريق جدة_مكة", "segment_code": "1011031652R2", "from_street": "بداية منطقة 101103", "to_street": "نهاية منطقة 101103", "main_street_code": "1652", "region_no": "101103", "direction": "S", "direction_label": "جنوب", "municipality": "بلدية الجنوب", "district": "المرسلات", "sub_district": "المرسلات 1", "length_m": "4683.554547", "width_m": "18.5", "area_m2": "7882.767619", "street_type": "طريق سريع", "color": "#38bdf8"}}, {"type": "Feature", "geometry": {"type": "LineString", "coordinates": [[39.17948065122674, 21.46083247405639], [39.17935973676812, 21.46114935130398], [39.17924827407532, 21.46136462005627], [39.17915587645431, 21.46150815188787], [39.17908256234787, 21.46159488773532], [39.17900664472655, 21.46166309946132], [39.17897501888, 21.46171600437385], [39.17894406688101, 21.46179142452543], [39.17875597585151, 21.46299730909802], [39.17860090243807, 21.46381980549664], [39.17837840297013, 21.46511356947235], [39.17779722715911, 21.46804268189715]]}, "properties": {"name": "طريق الفلاح", "street": "طريق الفلاح", "segment_code": "0111020108S", "from_street": "ميناء جدة الإسلامي 1", "to_street": "الميناء", "main_street_code": "0108", "region_no": "011102", "direction": "S", "direction_label": "جنوب", "municipality": "بلدية البلد", "district": "ميناء جدة الإسلامي", "sub_district": "ميناء جدة الإسلامي 1", "length_m": "875.347358", "width_m": "", "area_m2": "8994.520736", "street_type": "طريق سريع", "color": "#a78bfa"}}, {"type": "Feature", "geometry": {"type": "LineString", "coordinates": [[39.40361646879501, 21.40274190463829], [39.40383938828032, 21.40259705545523], [39.40446499122552, 21.40211170406596], [39.40486831016724, 21.40173972063526], [39.40534484247456, 21.40125855044639], [39.4061917297058, 21.40030411418483], [39.40646922741834, 21.39999014491458]]}, "properties": {"name": "طريق جدة_مكة", "street": "طريق جدة_مكة", "segment_code": "1011031652R3", "from_street": "بداية منطقة 101103", "to_street": "نهاية منطقة 101103", "main_street_code": "1652", "region_no": "101103", "direction": "S", "direction_label": "جنوب", "municipality": "بلدية الجنوب", "district": "المرسلات", "sub_district": "المرسلات 1", "length_m": "4683.554547", "width_m": "18.5", "area_m2": "7882.767624", "street_type": "طريق سريع", "color": "#38bdf8"}}, {"type": "Feature", "geometry": {"type": "LineString", "coordinates": [[39.39990619717248, 21.40433120389956], [39.40046198533614, 21.40420776753665], [39.40132300120022, 21.40392266929384], [39.40223483205874, 21.40355138677851], [39.40301993615884, 21.40314024232124], [39.40349080402461, 21.40282356053913], [39.40361646879501, 21.40274190463829]]}, "properties": {"name": "طريق جدة_مكة", "street": "طريق جدة_مكة", "segment_code": "1011031652R4", "from_street": "بداية منطقة 101103", "to_street": "نهاية منطقة 101103", "main_street_code": "1652", "region_no": "101103", "direction": "S", "direction_label": "جنوب", "municipality": "بلدية الجنوب", "district": "المرسلات", "sub_district": "المرسلات 1", "length_m": "4683.554547", "width_m": "18.5", "area_m2": "7882.766611", "street_type": "طريق سريع", "color": "#38bdf8"}}, {"type": "Feature", "geometry": {"type": "LineString", "coordinates": [[39.30368518488554, 21.4308352198589], [39.30315163874563, 21.43132544405377], [39.30203530237135, 21.43233851878492], [39.3007253867631, 21.43344851175876]]}, "properties": {"name": "طريق جدة_مكة", "street": "طريق جدة_مكة", "segment_code": "1010011652", "from_street": "بداية منطقة 101001", "to_street": "نهاية منطقة 101001", "main_street_code": "1652", "region_no": "101001", "direction": "S", "direction_label": "جنوب", "municipality": "بلدية الجنوب", "district": "الأمير فواز الجنوبى", "sub_district": "الأمير فواز الجنوبى 2", "length_m": "1246.919877", "width_m": "18.5", "area_m2": "7800.614804", "street_type": "طريق سريع", "color": "#38bdf8"}}, {"type": "Feature", "geometry": {"type": "LineString", "coordinates": [[39.30660446537928, 21.42818149000613], [39.30659034550111, 21.42819372949394], [39.30613746184383, 21.42860191777567], [39.30523880479326, 21.42941187545615], [39.30466553134397, 21.42993609640253], [39.30429359473243, 21.43027620480598], [39.30368518488554, 21.4308352198589]]}, "properties": {"name": "طريق جدة_مكة", "street": "طريق جدة_مكة", "segment_code": "1010011652L1", "from_street": "بداية منطقة 101001", "to_street": "نهاية منطقة 101001", "main_street_code": "1652", "region_no": "101001", "direction": "S", "direction_label": "جنوب", "municipality": "بلدية الجنوب", "district": "الأمير فواز الجنوبى", "sub_district": "الأمير فواز الجنوبى 2", "length_m": "1246.919877", "width_m": "18.5", "area_m2": "7800.612241", "street_type": "طريق سريع", "color": "#38bdf8"}}, {"type": "Feature", "geometry": {"type": "LineString", "coordinates": [[39.30958990403781, 21.42559534594924], [39.3089188582457, 21.42612321436636], [39.30832301340283, 21.42663731136286], [39.3072750523506, 21.42760019448288], [39.30660446537928, 21.42818149000613]]}, "properties": {"name": "طريق جدة_مكة", "street": "طريق جدة_مكة", "segment_code": "1010011652L2", "from_street": "بداية منطقة 101001", "to_street": "نهاية منطقة 101001", "main_street_code": "1652", "region_no": "101001", "direction": "S", "direction_label": "جنوب", "municipality": "بلدية الجنوب", "district": "الأمير فواز الجنوبى", "sub_district": "الأمير فواز الجنوبى 2", "length_m": "1246.919877", "width_m": "18.5", "area_m2": "7800.613653", "street_type": "طريق سريع", "color": "#38bdf8"}}, {"type": "Feature", "geometry": {"type": "LineString", "coordinates": [[39.2889742923491, 21.43926408710895], [39.28803421230413, 21.43953941165191], [39.28798708648588, 21.43955321160642], [39.28667809902183, 21.43993656830679], [39.28495338602765, 21.44041210776538]]}, "properties": {"name": "طريق جدة_مكة", "street": "طريق جدة_مكة", "segment_code": "1010081652", "from_street": "بداية منطقة 101008", "to_street": "نهاية منطقة 101008", "main_street_code": "1652", "region_no": "101008", "direction": "S", "direction_label": "جنوب", "municipality": "بلدية الجنوب", "district": "الأمير فواز الجنوبى", "sub_district": "الأمير فواز الجنوبى 1", "length_m": "1296.232544", "width_m": "11.1", "area_m2": "8058.873323", "street_type": "طريق سريع", "color": "#38bdf8"}}, {"type": "Feature", "geometry": {"type": "LineString", "coordinates": [[39.29298832371914, 21.43809484023924], [39.2915563179593, 21.43850784850739], [39.2889742923491, 21.43926408710895]]}, "properties": {"name": "طريق جدة_مكة", "street": "طريق جدة_مكة", "segment_code": "1010081652L1", "from_street": "بداية منطقة 101008", "to_street": "نهاية منطقة 101008", "main_street_code": "1652", "region_no": "101008", "direction": "S", "direction_label": "جنوب", "municipality": "بلدية الجنوب", "district": "الأمير فواز الجنوبى", "sub_district": "الأمير فواز الجنوبى 1", "length_m": "1296.232544", "width_m": "11.1", "area_m2": "8058.874028", "street_type": "طريق سريع", "color": "#38bdf8"}}, {"type": "Feature", "geometry": {"type": "LineString", "coordinates": [[39.2967955863876, 21.43644618756281], [39.29606538735315, 21.4368228630481], [39.29526058632477, 21.43723753481668], [39.29434430545032, 21.43762431316676], [39.29312385095619, 21.43805575213046], [39.29298832371914, 21.43809484023924]]}, "properties": {"name": "طريق جدة_مكة", "street": "طريق جدة_مكة", "segment_code": "1010081652L2", "from_street": "بداية منطقة 101008", "to_street": "نهاية منطقة 101008", "main_street_code": "1652", "region_no": "101008", "direction": "S", "direction_label": "جنوب", "municipality": "بلدية الجنوب", "district": "الأمير فواز الجنوبى", "sub_district": "الأمير فواز الجنوبى 1", "length_m": "1296.232544", "width_m": "11.1", "area_m2": "8058.872606", "street_type": "طريق سريع", "color": "#38bdf8"}}, {"type": "Feature", "geometry": {"type": "LineString", "coordinates": [[39.343218190782, 21.41562440170506], [39.34337584092891, 21.41564803165372], [39.34392796340764, 21.41574215267631], [39.34508523957912, 21.41593129287016], [39.34579001820175, 21.41605447899517], [39.34668314916246, 21.41620058037143], [39.34735494126986, 21.41629901959648]]}, "properties": {"name": "طريق جدة_مكة", "street": "طريق جدة_مكة", "segment_code": "1040011652", "from_street": "بداية منطقة 104001", "to_street": "نهاية منطقة 104001", "main_street_code": "1652", "region_no": "104001", "direction": "S", "direction_label": "جنوب", "municipality": "بلدية الجنوب", "district": "الفضل", "sub_district": "الفضل 1", "length_m": "4071.1794", "width_m": "18.5", "area_m2": "8051.280812", "street_type": "طريق سريع", "color": "#38bdf8"}}, {"type": "Feature", "geometry": {"type": "LineString", "coordinates": [[39.33904487484932, 21.41552035442056], [39.33905663130856, 21.41551800048501], [39.33951532260642, 21.41545525823772], [39.33990696449371, 21.41541190452352], [39.34048043931098, 21.41538135370635], [39.34091438068356, 21.41537945863591], [39.34104858890127, 21.41538830466513], [39.34159946485349, 21.415412516108], [39.3417488353864, 21.41542639844668], [39.3421222736287, 21.41546616965757], [39.34242212251355, 21.41550507668444], [39.343218190782, 21.41562440170506]]}, "properties": {"name": "طريق جدة_مكة", "street": "طريق جدة_مكة", "segment_code": "1040011652R1", "from_street": "بداية منطقة 104001", "to_street": "نهاية منطقة 104001", "main_street_code": "1652", "region_no": "104001", "direction": "S", "direction_label": "جنوب", "municipality": "بلدية الجنوب", "district": "الفضل", "sub_district": "الفضل 1", "length_m": "4071.1794", "width_m": "18.5", "area_m2": "8051.280595", "street_type": "طريق سريع", "color": "#38bdf8"}}, {"type": "Feature", "geometry": {"type": "LineString", "coordinates": [[39.33521145740207, 21.41704819043747], [39.33584846518024, 21.41665837719983], [39.33600301952004, 21.41657294779539], [39.33646780078415, 21.41633185531414], [39.33702240621189, 21.41609362213398], [39.33764520616967, 21.41586436885473], [39.33815997361562, 21.41571538490682], [39.33860665951756, 21.41560808301167], [39.33904487484932, 21.41552035442056]]}, "properties": {"name": "طريق جدة_مكة", "street": "طريق جدة_مكة", "segment_code": "1040011652R2", "from_street": "بداية منطقة 104001", "to_street": "نهاية منطقة 104001", "main_street_code": "1652", "region_no": "104001", "direction": "S", "direction_label": "جنوب", "municipality": "بلدية الجنوب", "district": "الفضل", "sub_district": "الفضل 1", "length_m": "4071.1794", "width_m": "18.5", "area_m2": "8051.280012", "street_type": "طريق سريع", "color": "#38bdf8"}}, {"type": "Feature", "geometry": {"type": "LineString", "coordinates": [[39.33197154049385, 21.41954753278207], [39.33278710633774, 21.41889547621067], [39.33371520095688, 21.41814737270122], [39.33469903734427, 21.41740380221395], [39.3351590029444, 21.41708028951509], [39.33521145740207, 21.41704819043747]]}, "properties": {"name": "طريق جدة_مكة", "street": "طريق جدة_مكة", "segment_code": "1040011652R3", "from_street": "بداية منطقة 104001", "to_street": "نهاية منطقة 104001", "main_street_code": "1652", "region_no": "104001", "direction": "S", "direction_label": "جنوب", "municipality": "بلدية الجنوب", "district": "الفضل", "sub_district": "الفضل 1", "length_m": "4071.1794", "width_m": "18.5", "area_m2": "8051.282491", "street_type": "طريق سريع", "color": "#38bdf8"}}, {"type": "Feature", "geometry": {"type": "LineString", "coordinates": [[39.32851990577323, 21.42176791752362], [39.32889825740583, 21.42157523559338], [39.32973279728343, 21.42112824850804], [39.33045165311564, 21.42068549708323], [39.33089230899553, 21.4203837173993], [39.33164513702071, 21.41980849452088], [39.33197154049385, 21.41954753278207]]}, "properties": {"name": "طريق جدة_مكة", "street": "طريق جدة_مكة", "segment_code": "1040011652R4", "from_street": "بداية منطقة 104001", "to_street": "نهاية منطقة 104001", "main_street_code": "1652", "region_no": "104001", "direction": "S", "direction_label": "جنوب", "municipality": "بلدية الجنوب", "district": "الفضل", "sub_district": "الفضل 1", "length_m": "4071.1794", "width_m": "18.5", "area_m2": "8051.279967", "street_type": "طريق سريع", "color": "#38bdf8"}}, {"type": "Feature", "geometry": {"type": "LineString", "coordinates": [[39.31493859345111, 21.42355905857795], [39.31570062657767, 21.42342213398918], [39.31635609249505, 21.42336472721709], [39.31730290377497, 21.42329473067167], [39.31890535994749, 21.4232515666667], [39.31960015608227, 21.42326813300018]]}, "properties": {"name": "طريق جدة_مكة", "street": "طريق جدة_مكة", "segment_code": "1040031652", "from_street": "بداية منطقة 104003", "to_street": "نهاية منطقة 104003", "main_street_code": "1652", "region_no": "104003", "direction": "S", "direction_label": "جنوب", "municipality": "بلدية الجنوب", "district": "الفضل", "sub_district": "الفضل 1", "length_m": "4071.1794", "width_m": "18.5", "area_m2": "8976.80642", "street_type": "طريق سريع", "color": "#38bdf8"}}, {"type": "Feature", "geometry": {"type": "LineString", "coordinates": [[39.31064742289123, 21.42523263665748], [39.31074198281264, 21.42517883527011], [39.31129015720752, 21.42482661068571], [39.312193389657, 21.42440766741806], [39.31299397475695, 21.42408119107687], [39.31384180271701, 21.42380677933096], [39.31477544527008, 21.42358837328375], [39.31493859345111, 21.42355905857795]]}, "properties": {"name": "طريق جدة_مكة", "street": "طريق جدة_مكة", "segment_code": "1040031652R1", "from_street": "بداية منطقة 104003", "to_street": "نهاية منطقة 104003", "main_street_code": "1652", "region_no": "104003", "direction": "S", "direction_label": "جنوب", "municipality": "بلدية الجنوب", "district": "الفضل", "sub_district": "الفضل 1", "length_m": "4071.1794", "width_m": "18.5", "area_m2": "8976.806125", "street_type": "طريق سريع", "color": "#38bdf8"}}, {"type": "Feature", "geometry": {"type": "LineString", "coordinates": [[39.32415955396338, 21.42299815027573], [39.3253188648219, 21.4228099374419], [39.32659931457226, 21.42248246301323], [39.32720730718182, 21.4222766580995], [39.32816202052583, 21.42191369803373], [39.32851990577323, 21.42176791752362]]}, "properties": {"name": "طريق جدة_مكة", "street": "طريق جدة_مكة", "segment_code": "1040021652", "from_street": "بداية منطقة 104002", "to_street": "نهاية منطقة 104002", "main_street_code": "1652", "region_no": "104002", "direction": "S", "direction_label": "جنوب", "municipality": "بلدية الجنوب", "district": "الفضل", "sub_district": "الفضل 1", "length_m": "4071.1794", "width_m": "18.5", "area_m2": "8764.030977", "street_type": "طريق سريع", "color": "#38bdf8"}}, {"type": "Feature", "geometry": {"type": "LineString", "coordinates": [[39.31960015608227, 21.42326813300018], [39.32089771320761, 21.42319560440466], [39.32309568400776, 21.42311514984376], [39.32347082518054, 21.42307965799638], [39.32391821089664, 21.42303733063962], [39.32415955396338, 21.42299815027573]]}, "properties": {"name": "طريق جدة_مكة", "street": "طريق جدة_مكة", "segment_code": "1040021652R1", "from_street": "بداية منطقة 104002", "to_street": "نهاية منطقة 104002", "main_street_code": "1652", "region_no": "104002", "direction": "S", "direction_label": "جنوب", "municipality": "بلدية الجنوب", "district": "الفضل", "sub_district": "الفضل 1", "length_m": "4071.1794", "width_m": "18.5", "area_m2": "8764.032019", "street_type": "طريق سريع", "color": "#38bdf8"}}, {"type": "Feature", "geometry": {"type": "LineString", "coordinates": [[39.39582859366836, 21.40437944454686], [39.39634773628002, 21.40447380979756], [39.39716482731613, 21.40455602221991], [39.39750793095101, 21.40456285900728], [39.39845338243921, 21.40453575278606], [39.3994435595076, 21.40443395030419], [39.39990619717248, 21.40433120389956]]}, "properties": {"name": "طريق جدة_مكة", "street": "طريق جدة_مكة", "segment_code": "1011101652", "from_street": "بداية منطقة 101110", "to_street": "نهاية منطقة 101110", "main_street_code": "1652", "region_no": "101110", "direction": "S", "direction_label": "جنوب", "municipality": "بلدية الجنوب", "district": "المرسلات", "sub_district": "المرسلات 1", "length_m": "4683.554547", "width_m": "18.5", "area_m2": "7883.39531", "street_type": "طريق سريع", "color": "#38bdf8"}}, {"type": "Feature", "geometry": {"type": "LineString", "coordinates": [[39.39193234091779, 21.40316561106651], [39.39240738255101, 21.40333179937942], [39.393879118839, 21.40384852727021], [39.39480091960112, 21.4041408730249], [39.39559993648342, 21.40433788090658], [39.39582859366836, 21.40437944454686]]}, "properties": {"name": "طريق جدة_مكة", "street": "طريق جدة_مكة", "segment_code": "1011101652R1", "from_street": "بداية منطقة 101110", "to_street": "نهاية منطقة 101110", "main_street_code": "1652", "region_no": "101110", "direction": "S", "direction_label": "جنوب", "municipality": "بلدية الجنوب", "district": "المرسلات", "sub_district": "المرسلات 1", "length_m": "4683.554547", "width_m": "18.5", "area_m2": "7883.393999", "street_type": "طريق سريع", "color": "#38bdf8"}}, {"type": "Feature", "geometry": {"type": "LineString", "coordinates": [[39.38805808158757, 21.40187817190092], [39.38823566643037, 21.40193970338563], [39.38952334919162, 21.40236892526449], [39.39096836644399, 21.40282836845174], [39.39193234091779, 21.40316561106651]]}, "properties": {"name": "طريق جدة_مكة", "street": "طريق جدة_مكة", "segment_code": "1011101652R2", "from_street": "بداية منطقة 101110", "to_street": "نهاية منطقة 101110", "main_street_code": "1652", "region_no": "101110", "direction": "S", "direction_label": "جنوب", "municipality": "بلدية الجنوب", "district": "المرسلات", "sub_district": "المرسلات 1", "length_m": "4683.554547", "width_m": "18.5", "area_m2": "7883.395243", "street_type": "طريق سريع", "color": "#38bdf8"}}, {"type": "Feature", "geometry": {"type": "LineString", "coordinates": [[39.3841960003783, 21.40055843673238], [39.38522283341173, 21.40090055539458], [39.38683756996308, 21.40145526632861], [39.38805808158757, 21.40187817190092]]}, "properties": {"name": "طريق جدة_مكة", "street": "طريق جدة_مكة", "segment_code": "1011101652R3", "from_street": "بداية منطقة 101110", "to_street": "نهاية منطقة 101110", "main_street_code": "1652", "region_no": "101110", "direction": "S", "direction_label": "جنوب", "municipality": "بلدية الجنوب", "district": "المرسلات", "sub_district": "المرسلات 1", "length_m": "4683.554547", "width_m": "18.5", "area_m2": "7883.393623", "street_type": "طريق سريع", "color": "#38bdf8"}}, {"type": "Feature", "geometry": {"type": "LineString", "coordinates": [[39.38022251472413, 21.39960913960199], [39.38074943714272, 21.39966960830419], [39.38181796427677, 21.39986415849589], [39.38253932227342, 21.40005375697844], [39.3835468358501, 21.40034214431658], [39.3841960003783, 21.40055843673238]]}, "properties": {"name": "طريق جدة_مكة", "street": "طريق جدة_مكة", "segment_code": "1011101652R4", "from_street": "بداية منطقة 101110", "to_street": "نهاية منطقة 101110", "main_street_code": "1652", "region_no": "101110", "direction": "S", "direction_label": "جنوب", "municipality": "بلدية الجنوب", "district": "المرسلات", "sub_district": "المرسلات 1", "length_m": "4683.554547", "width_m": "18.5", "area_m2": "7883.394304", "street_type": "طريق سريع", "color": "#38bdf8"}}, {"type": "Feature", "geometry": {"type": "LineString", "coordinates": [[39.37613457339478, 21.39983200485241], [39.37663886595111, 21.3997439138403], [39.37767385034979, 21.39960197852926], [39.37852732241553, 21.39955224398674], [39.37937686784786, 21.39956371036326], [39.38007942736964, 21.39959271839879], [39.38022251472413, 21.39960913960199]]}, "properties": {"name": "طريق جدة_مكة", "street": "طريق جدة_مكة", "segment_code": "1011101652R5", "from_street": "بداية منطقة 101110", "to_street": "نهاية منطقة 101110", "main_street_code": "1652", "region_no": "101110", "direction": "S", "direction_label": "جنوب", "municipality": "بلدية الجنوب", "district": "المرسلات", "sub_district": "المرسلات 1", "length_m": "4683.554547", "width_m": "18.5", "area_m2": "7883.393638", "street_type": "طريق سريع", "color": "#38bdf8"}}, {"type": "Feature", "geometry": {"type": "LineString", "coordinates": [[39.38641186166373, 21.40097536191258], [39.38613416010209, 21.40087765857592], [39.38590420356075, 21.40079451964962], [39.38532550774752, 21.40059624058973], [39.3849716525956, 21.40047633133238], [39.38454115267692, 21.40033149678633], [39.38418602142087, 21.40021158877743], [39.38359329801133, 21.40001572739019], [39.3831232449348, 21.39987456476], [39.38270557986981, 21.39975599179313], [39.38239009830779, 21.39966706647036], [39.38211695776818, 21.39960438220444]]}, "properties": {"name": "طريق جدة_مكة", "street": "طريق جدة_مكة", "segment_code": "1020121652", "from_street": "بداية منطقة 102012", "to_street": "نهاية منطقة 102012", "main_street_code": "1652", "region_no": "102012", "direction": "S", "direction_label": "جنوب", "municipality": "بلدية الجنوب", "district": "الأثير", "sub_district": "الأثير 1", "length_m": "4595.560957", "width_m": "18.5", "area_m2": "8705.485329", "street_type": "طريق سريع", "color": "#38bdf8"}}, {"type": "Feature", "geometry": {"type": "LineString", "coordinates": [[39.39068087233645, 21.40242158258295], [39.39018250963102, 21.40226077154895], [39.38891526107582, 21.40183700608208], [39.38818711098163, 21.40159485879772], [39.38770549800052, 21.40142983184924], [39.38733884663375, 21.40129919918506], [39.38700158987622, 21.40118284193684], [39.38641186166373, 21.40097536191258]]}, "properties": {"name": "طريق جدة_مكة", "street": "طريق جدة_مكة", "segment_code": "1020121652L1", "from_street": "بداية منطقة 102012", "to_street": "نهاية منطقة 102012", "main_street_code": "1652", "region_no": "102012", "direction": "S", "direction_label": "جنوب", "municipality": "بلدية الجنوب", "district": "الأثير", "sub_district": "الأثير 1", "length_m": "4595.560957", "width_m": "18.5", "area_m2": "8705.486236", "street_type": "طريق سريع", "color": "#38bdf8"}}, {"type": "Feature", "geometry": {"type": "LineString", "coordinates": [[39.39495691259216, 21.40384640179967], [39.39486958239533, 21.40382037693234], [39.3941989794579, 21.40362712668162], [39.39346182701087, 21.40336590014477], [39.39264929908193, 21.40307735589211], [39.39191853951183, 21.40281849728209], [39.39159278799212, 21.40271168429356], [39.39114953119946, 21.4025740687511], [39.39088126618619, 21.40248624475369], [39.39068087233645, 21.40242158258295]]}, "properties": {"name": "طريق جدة_مكة", "street": "طريق جدة_مكة", "segment_code": "1020121652L2", "from_street": "بداية منطقة 102012", "to_street": "نهاية منطقة 102012", "main_street_code": "1652", "region_no": "102012", "direction": "S", "direction_label": "جنوب", "municipality": "بلدية الجنوب", "district": "الأثير", "sub_district": "الأثير 1", "length_m": "4595.560957", "width_m": "18.5", "area_m2": "8705.484902", "street_type": "طريق سريع", "color": "#38bdf8"}}, {"type": "Feature", "geometry": {"type": "LineString", "coordinates": [[39.39944551757773, 21.40411240160611], [39.39922921452867, 21.4041495070065], [39.39895106892286, 21.40418602746849], [39.3987073448243, 21.4042081215575], [39.39850317166554, 21.40422414549789], [39.39821094296279, 21.40424515972308], [39.39789698129568, 21.40425307630652], [39.39740045076811, 21.40424230157588], [39.39710047708887, 21.4042310599092], [39.39671362433997, 21.40418775099658], [39.39635994399889, 21.40413958141124], [39.39592834025261, 21.40406649483097], [39.39556820757019, 21.40399204317319], [39.39507651708013, 21.40388204337806], [39.39495691259216, 21.40384640179967]]}, "properties": {"name": "طريق جدة_مكة", "street": "طريق جدة_مكة", "segment_code": "1020121652L3", "from_street": "بداية منطقة 102012", "to_street": "نهاية منطقة 102012", "main_street_code": "1652", "region_no": "102012", "direction": "S", "direction_label": "جنوب", "municipality": "بلدية الجنوب", "district": "الأثير", "sub_district": "الأثير 1", "length_m": "4595.560957", "width_m": "18.5", "area_m2": "8705.485641", "street_type": "طريق سريع", "color": "#38bdf8"}}, {"type": "Feature", "geometry": {"type": "LineString", "coordinates": [[39.37736544950063, 21.39929833806594], [39.37710015793797, 21.39932285707891], [39.37681054412723, 21.39936534327733], [39.37627222374729, 21.39947651627034], [39.37555920987406, 21.3996514292655], [39.37507836985424, 21.39978159424228], [39.37458102002388, 21.39994406712936], [39.37418061640339, 21.40008600234134], [39.37368079069739, 21.40027955515982], [39.37323967604745, 21.40047417115877], [39.37283046614499, 21.40066751972556]]}, "properties": {"name": "طريق جدة_مكة", "street": "طريق جدة_مكة", "segment_code": "1020111652", "from_street": "بداية منطقة 102011", "to_street": "نهاية منطقة 102011", "main_street_code": "1652", "region_no": "102011", "direction": "S", "direction_label": "جنوب", "municipality": "بلدية الجنوب", "district": "الأثير", "sub_district": "الأثير 1", "length_m": "4595.560957", "width_m": "18.5", "area_m2": "9185.598598", "street_type": "طريق سريع", "color": "#38bdf8"}}, {"type": "Feature", "geometry": {"type": "LineString", "coordinates": [[39.38211695776818, 21.39960438220444], [39.38184861715835, 21.39954279787335], [39.38068152097815, 21.39933269370211], [39.38026785537473, 21.39927865029924], [39.37968701603754, 21.39923335097911], [39.37917772054441, 21.39921537889799], [39.3785906321292, 21.39922148683835], [39.37774964773146, 21.39926282706754], [39.37736544950063, 21.39929833806594]]}, "properties": {"name": "طريق جدة_مكة", "street": "طريق جدة_مكة", "segment_code": "1020111652L1", "from_street": "بداية منطقة 102011", "to_street": "نهاية منطقة 102011", "main_street_code": "1652", "region_no": "102011", "direction": "S", "direction_label": "جنوب", "municipality": "بلدية الجنوب", "district": "الأثير", "sub_district": "الأثير 1", "length_m": "4595.560957", "width_m": "18.5", "area_m2": "9185.59905", "street_type": "طريق سريع", "color": "#38bdf8"}}, {"type": "Feature", "geometry": {"type": "LineString", "coordinates": [[39.17805740325903, 21.45858695933968], [39.17817600459873, 21.45870697842951], [39.17835469247073, 21.45892520930482], [39.17852805022635, 21.45921756255581], [39.17868929159978, 21.45951142784848], [39.17883337728986, 21.45979583074816], [39.1791887159454, 21.46069899601529], [39.17994692475281, 21.46257715246713]]}, "properties": {"name": "طريق الفلاح", "street": "طريق الفلاح", "segment_code": "0213010108S", "from_street": "ميناء جدة الإسلامي 1", "to_street": "الميناء", "main_street_code": "0108", "region_no": "011102", "direction": "S", "direction_label": "جنوب", "municipality": "بلدية البلد", "district": "ميناء جدة الإسلامي", "sub_district": "ميناء جدة الإسلامي 1", "length_m": "875.347358", "width_m": "", "area_m2": "8994.520736", "street_type": "طريق سريع", "color": "#a78bfa"}}, {"type": "Feature", "geometry": {"type": "LineString", "coordinates": [[39.2534356365334, 21.51114971057147], [39.2551145875624, 21.50905286122972]]}, "properties": {"name": "طريق الحرمين", "street": "طريق الحرمين", "segment_code": "1103130033", "from_street": "", "to_street": "", "main_street_code": "0033", "region_no": "110313", "direction": "N", "direction_label": "شمال", "municipality": "بلدية ابرق الرغامة", "district": "الرغامة", "sub_district": "الرغامة 3", "length_m": "289.999987", "width_m": "14.8", "area_m2": "4291.999805", "street_type": "طريق سريع", "color": "#f59e0b"}}, {"type": "Feature", "geometry": {"type": "LineString", "coordinates": [[39.25251353625616, 21.51230638680239], [39.25343987446191, 21.51114951137126]]}, "properties": {"name": "طريق الحرمين", "street": "طريق الحرمين", "segment_code": "1103120033", "from_street": "", "to_street": "", "main_street_code": "0033", "region_no": "110312", "direction": "N", "direction_label": "شمال", "municipality": "بلدية ابرق الرغامة", "district": "الرغامة", "sub_district": "الرغامة 3", "length_m": "160.000009", "width_m": "14.8", "area_m2": "2368.000127", "street_type": "طريق سريع", "color": "#f59e0b"}}, {"type": "Feature", "geometry": {"type": "LineString", "coordinates": [[39.25204525497514, 21.51288900180753], [39.25250842958316, 21.51231056634971]]}, "properties": {"name": "طريق الحرمين", "street": "طريق الحرمين", "segment_code": "1104110033", "from_street": "", "to_street": "", "main_street_code": "0033", "region_no": "110411", "direction": "N", "direction_label": "شمال", "municipality": "بلدية ابرق الرغامة", "district": "النخيل", "sub_district": "النخيل 1", "length_m": "79.999976", "width_m": "14.8", "area_m2": "1183.999649", "street_type": "طريق سريع", "color": "#f59e0b"}}, {"type": "Feature", "geometry": {"type": "LineString", "coordinates": [[39.25075889345592, 21.51448050619894], [39.25203938629507, 21.51289456278209]]}, "properties": {"name": "طريق الحرمين", "street": "طريق الحرمين", "segment_code": "1104100033", "from_street": "", "to_street": "", "main_street_code": "0033", "region_no": "110410", "direction": "N", "direction_label": "شمال", "municipality": "بلدية ابرق الرغامة", "district": "النخيل", "sub_district": "النخيل 1", "length_m": "219.999998", "width_m": "14.8", "area_m2": "3255.999968", "street_type": "طريق سريع", "color": "#f59e0b"}}, {"type": "Feature", "geometry": {"type": "LineString", "coordinates": [[39.24953587261727, 21.51599354006821], [39.25075818731297, 21.51447969410508]]}, "properties": {"name": "طريق الحرمين", "street": "طريق الحرمين", "segment_code": "1104090033", "from_street": "", "to_street": "", "main_street_code": "0033", "region_no": "110409", "direction": "N", "direction_label": "شمال", "municipality": "بلدية ابرق الرغامة", "district": "النخيل", "sub_district": "النخيل 1", "length_m": "210.00002", "width_m": "14.8", "area_m2": "3108.00029", "street_type": "طريق سريع", "color": "#f59e0b"}}, {"type": "Feature", "geometry": {"type": "LineString", "coordinates": [[39.24784647200005, 21.51807975800006], [39.24786290700007, 21.51805899100003], [39.24787936600006, 21.51803824400002], [39.24789585000008, 21.51801751700003], [39.24791235800006, 21.51799680900007], [39.24792889000003, 21.51797612000007], [39.24794544800005, 21.51795545100003], [39.24796202900006, 21.51793480200007], [39.24797863500004, 21.51791417200008], [39.24799526500004, 21.51789356200004], [39.24801192000007, 21.51787297100003], [39.24802859900007, 21.51785240100003], [39.24804530300003, 21.51783185000005], [39.24806203000003, 21.51781131800004], [39.24807878200005, 21.51779080700004], [39.24809555800005, 21.51777031500006], [39.24811235900006, 21.51774984400004], [39.24812918400005, 21.51772939200004], [39.24814603200008, 21.51770896000005], [39.24816290500007, 21.51768854800002], [39.24817980200004, 21.51766815600007], [39.24819672400002, 21.51764778400008], [39.24821366900005, 21.51762743200004], [39.24823063800005, 21.51760710000008], [39.24824763200007, 21.51758678900006], [39.24826464900008, 21.51756649700008], [39.24828169100005, 21.51754622500005], [39.24829875600005, 21.51752597400002], [39.24831584600003, 21.51750574300007], [39.24833259000008, 21.51748500500003], [39.24834933400007, 21.51746426800003], [39.24836607900005, 21.51744353000004], [39.24838282300004, 21.51742279300004], [39.24839956700004, 21.51740205500005], [39.24841631200007, 21.51738131800005], [39.24843305600007, 21.51736058000006], [39.24844980100005, 21.51733984300006], [39.24846654500004, 21.51731910500007], [39.24848328900003, 21.51729836800007], [39.24850003400007, 21.51727763100007], [39.24851677800007, 21.51725689300002], [39.24853352200006, 21.51723615600002], [39.24855026700004, 21.51721541800003], [39.24856701100003, 21.51719468100003], [39.24858375600007, 21.51717394300005], [39.24860050000007, 21.51715320600005], [39.24861724400006, 21.51713246800006], [39.24863398900004, 21.51711173100006], [39.24865073300003, 21.51709099300007], [39.24866747800007, 21.51707025600007], [39.24868422200007, 21.51704951800008], [39.24870096600006, 21.51702878100008], [39.24871771100004, 21.51700804300003], [39.24873445500003, 21.51698730600003], [39.24875119900003, 21.51696656800004], [39.24876794400006, 21.51694583100004], [39.24878468800006, 21.51692509300005], [39.24880143300004, 21.51690435600005], [39.24881817700003, 21.51688361800007], [39.24883492100003, 21.51686288100007], [39.24885166600006, 21.51684214300008], [39.24886841000006, 21.51682140600008], [39.24888515500004, 21.51680066800003], [39.24890189900003, 21.51677993100003], [39.24891864300002, 21.51675919300004], [39.24893538800006, 21.51673845600004], [39.24895213200006, 21.51671771800005], [39.24896887600005, 21.51669698100005], [39.24898562100003, 21.51667624300006], [39.24900236500008, 21.51665550600006], [39.24901911000006, 21.51663476800007], [39.24903585400006, 21.51661403100007], [39.24905259800005, 21.51659329300003], [39.24906934300003, 21.51657255600003], [39.24908608700008, 21.51655181800004], [39.24910283100007, 21.51653108100004], [39.24911957600006, 21.51651034300005], [39.24913632000005, 21.51648960600005], [39.24915306500003, 21.51646886800006], [39.24916980900008, 21.51644813100006], [39.24918655300007, 21.51642739300007], [39.24920329800005, 21.51640665600007], [39.24922004200005, 21.51638591800003], [39.24923678700003, 21.51636518100003], [39.24925353100008, 21.51634444300004], [39.24927027500007, 21.51632370600004], [39.24928702000005, 21.51630296800005], [39.24930376400005, 21.51628223100005], [39.24932050800004, 21.51626149300006], [39.24933725300008, 21.51624075600006], [39.24935399700007, 21.51622001800007], [39.24937074200005, 21.51619928100007], [39.24938748600005, 21.51617854300002], [39.24940423000004, 21.51615780600002], [39.24942097500008, 21.51613706800003], [39.24943771900007, 21.51611633100003], [39.24945446300006, 21.51609559300005], [39.24947120800005, 21.51607485600005], [39.24948795200004, 21.51605411800006], [39.24950469700008, 21.51603338100006], [39.24952144100007, 21.51601264300007], [39.24953818500006, 21.51599190600007]]}, "properties": {"name": "طريق الحرمين", "street": "طريق الحرمين", "segment_code": "1104080033", "from_street": "", "to_street": "", "main_street_code": "0033", "region_no": "110408", "direction": "N", "direction_label": "شمال", "municipality": "بلدية ابرق الرغامة", "district": "النخيل", "sub_district": "النخيل 1", "length_m": "579.997564", "width_m": "14.8", "area_m2": "4291.986852", "street_type": "طريق سريع", "color": "#f59e0b"}}, {"type": "Feature", "geometry": {"type": "LineString", "coordinates": [[39.24627217500006, 21.52024579000005], [39.24628646400004, 21.52022442900005], [39.24630075400006, 21.52020306800006], [39.24631504300004, 21.52018170700006], [39.24632933300006, 21.52016034600007], [39.24634362300003, 21.52013898600006], [39.24635791200006, 21.52011762500007], [39.24637220200003, 21.52009626400007], [39.24638649200006, 21.52007490300002], [39.24640078100003, 21.52005354200003], [39.24641507100006, 21.52003218200002], [39.24642936100003, 21.52001082100003], [39.24644365000006, 21.51998946000003], [39.24645794000003, 21.51996809900004], [39.24647223000005, 21.51994673800004], [39.24648651900003, 21.51992537700005], [39.24650080900005, 21.51990401700004], [39.24651509900008, 21.51988265600005], [39.24652938800006, 21.51986129500006], [39.24654367800008, 21.51983993400006], [39.24655796800005, 21.51981857300007], [39.24657225700003, 21.51979721200007], [39.24658654700005, 21.51977585200007], [39.24660083700007, 21.51975449100007], [39.24661639300007, 21.51973294700002], [39.24663195600004, 21.51971140700005], [39.24664752600006, 21.51968987200007], [39.24666310200007, 21.51966834300003], [39.24667868500006, 21.51964681700002], [39.24669427500004, 21.51962529700006], [39.24670987100006, 21.51960378200005], [39.24672547400007, 21.51958227100005], [39.24674108300007, 21.51956076500005], [39.24675669900006, 21.51953926400006], [39.24677232200003, 21.51951776700002], [39.24678795100004, 21.51949627600004], [39.24680358700004, 21.51947478900007], [39.24681922900004, 21.51945330700005], [39.24683487800007, 21.51943183000003], [39.24685053300004, 21.51941035800007], [39.24686619600004, 21.51938889000007], [39.24688186400004, 21.51936742700008], [39.24689754000008, 21.51934596900003], [39.24691322100006, 21.51932451600004], [39.24692891000007, 21.51930306800006], [39.24694460500007, 21.51928162400003], [39.24696030700005, 21.51926018600005], [39.24697601500003, 21.51923875200004], [39.24699172900006, 21.51921732300008], [39.24700745100006, 21.51919589800008], [39.24702317900005, 21.51917447900007], [39.24703891300004, 21.51915306400002], [39.24705465400007, 21.51913165500002], [39.24707040200008, 21.51911025000004], [39.24708615600008, 21.51908885000006], [39.24710191700007, 21.51906745400004], [39.24711768400005, 21.51904606400007], [39.24713345800006, 21.51902467800005], [39.24714923900007, 21.51900329800003], [39.24716502600006, 21.51898192200002], [39.24718081900005, 21.51896055100008], [39.24719661900008, 21.51893918500002], [39.24721242600003, 21.51891782300004], [39.24722823900004, 21.51889646700005], [39.24724405900002, 21.51887511500007], [39.24725988500006, 21.51885376800004], [39.24727571800003, 21.51883242600007], [39.24729155800003, 21.51881108900005], [39.24730740400003, 21.51878975700004], [39.24732325600007, 21.51876843000002], [39.24733911500005, 21.51874710700002], [39.24735458800006, 21.51872596600003], [39.24737008600005, 21.51870484200003], [39.24738560800006, 21.51868373700006], [39.24740115500003, 21.51866265000007], [39.24741672800008, 21.51864158200004], [39.24743232400004, 21.51862053100007], [39.24744794600008, 21.51859949900006], [39.24746359300008, 21.51857848600002], [39.24747926400005, 21.51855749100002], [39.24749496000004, 21.51853651400006], [39.24751068000006, 21.51851555600007], [39.24752642500005, 21.51849461700004], [39.24754219500005, 21.51847369600006], [39.24755798900003, 21.51845279300005], [39.24757380800003, 21.51843190900007], [39.24758965200004, 21.51841104400006], [39.24760552000004, 21.51839019700003], [39.24762141300005, 21.51836937000007], [39.24763733000003, 21.51834856000005], [39.24765327100005, 21.51832777000004], [39.24766923800007, 21.51830699800007], [39.24768522800008, 21.51828624600006], [39.24770124300005, 21.51826551200003], [39.24771728200005, 21.51824479600003], [39.24773334600008, 21.51822410000005], [39.24774943400007, 21.51820342300005], [39.24776554600004, 21.51818276500006], [39.24778168300003, 21.51816212500006], [39.24779784400005, 21.51814150500007], [39.24781402900004, 21.51812090300007], [39.24783023900005, 21.51810032100008], [39.24784647200005, 21.51807975800006]]}, "properties": {"name": "طريق الحرمين", "street": "طريق الحرمين", "segment_code": "1104080033R1", "from_street": "", "to_street": "", "main_street_code": "0033", "region_no": "110408", "direction": "N", "direction_label": "شمال", "municipality": "بلدية ابرق الرغامة", "district": "النخيل", "sub_district": "النخيل 1", "length_m": "579.997564", "width_m": "14.8", "area_m2": "4291.987337", "street_type": "طريق سريع", "color": "#f59e0b"}}, {"type": "Feature", "geometry": {"type": "LineString", "coordinates": [[39.26130909922369, 21.50101509014307], [39.2612669761788, 21.50106718266547], [39.25985203963742, 21.50281583319125]]}, "properties": {"name": "طريق الحرمين", "street": "طريق الحرمين", "segment_code": "0205120033", "from_street": "", "to_street": "", "main_street_code": "0033", "region_no": "020512", "direction": "S", "direction_label": "جنوب", "municipality": "بلدية الجامعة", "district": "جامعة الملك عبد العزيز", "sub_district": "جامعة الملك عبد العزيز 1", "length_m": "249.999993", "width_m": "14.8", "area_m2": "3699.999896", "street_type": "طريق سريع", "color": "#f59e0b"}}, {"type": "Feature", "geometry": {"type": "LineString", "coordinates": [[39.26355607716007, 21.49817372196193], [39.26335698234519, 21.49843578072086], [39.26269378044004, 21.49927443103719], [39.26167912483701, 21.50055748434125], [39.26130909922369, 21.50101509014307]]}, "properties": {"name": "طريق الحرمين", "street": "طريق الحرمين", "segment_code": "0205100033", "from_street": "", "to_street": "", "main_street_code": "0033", "region_no": "020510", "direction": "S", "direction_label": "جنوب", "municipality": "بلدية الجامعة", "district": "جامعة الملك عبد العزيز", "sub_district": "جامعة الملك عبد العزيز 1", "length_m": "1565.000017", "width_m": "14.8", "area_m2": "5790.500064", "street_type": "طريق سريع", "color": "#f59e0b"}}, {"type": "Feature", "geometry": {"type": "LineString", "coordinates": [[39.26551705608588, 21.49515629938738], [39.26501516353514, 21.49603085961561], [39.26400006005291, 21.49758932478771], [39.26355607716007, 21.49817372196193]]}, "properties": {"name": "طريق الحرمين", "street": "طريق الحرمين", "segment_code": "0205100033L1", "from_street": "", "to_street": "", "main_street_code": "0033", "region_no": "020510", "direction": "S", "direction_label": "جنوب", "municipality": "بلدية الجامعة", "district": "جامعة الملك عبد العزيز", "sub_district": "جامعة الملك عبد العزيز 1", "length_m": "1565.000017", "width_m": "14.8", "area_m2": "5790.500064", "street_type": "طريق سريع", "color": "#f59e0b"}}, {"type": "Feature", "geometry": {"type": "LineString", "coordinates": [[39.26705912060281, 21.49193310653501], [39.26695398821653, 21.49221698992401], [39.26654950616398, 21.49308585249946], [39.26618064671876, 21.49387286013834], [39.26590984473608, 21.49447309241219], [39.2656863646411, 21.49486127233951], [39.26551705608588, 21.49515629938738]]}, "properties": {"name": "طريق الحرمين", "street": "طريق الحرمين", "segment_code": "0205100033L2", "from_street": "", "to_street": "", "main_street_code": "0033", "region_no": "020510", "direction": "S", "direction_label": "جنوب", "municipality": "بلدية الجامعة", "district": "جامعة الملك عبد العزيز", "sub_district": "جامعة الملك عبد العزيز 1", "length_m": "1565.000017", "width_m": "14.8", "area_m2": "5790.500064", "street_type": "طريق سريع", "color": "#f59e0b"}}, {"type": "Feature", "geometry": {"type": "LineString", "coordinates": [[39.26817525734315, 21.48855743925097], [39.26803035876672, 21.4890285690897], [39.26778855491776, 21.48981114034806], [39.26745199996212, 21.49089625139392], [39.26727750185928, 21.49134341954847], [39.26705912060281, 21.49193310653501]]}, "properties": {"name": "طريق الحرمين", "street": "طريق الحرمين", "segment_code": "0205100033L3", "from_street": "", "to_street": "", "main_street_code": "0033", "region_no": "020510", "direction": "S", "direction_label": "جنوب", "municipality": "بلدية الجامعة", "district": "جامعة الملك عبد العزيز", "sub_district": "جامعة الملك عبد العزيز 1", "length_m": "1565.000017", "width_m": "14.8", "area_m2": "5790.500064", "street_type": "طريق سريع", "color": "#f59e0b"}}, {"type": "Feature", "geometry": {"type": "LineString", "coordinates": [[39.26919784954688, 21.48522735071271], [39.26868204067112, 21.48690963060273], [39.26832351434282, 21.48807538560121], [39.26817567734266, 21.4885560731723]]}, "properties": {"name": "طريق الحرمين", "street": "طريق الحرمين", "segment_code": "0204160033", "from_street": "", "to_street": "", "main_street_code": "0033", "region_no": "020416", "direction": "S", "direction_label": "جنوب", "municipality": "بلدية الجامعة", "district": "الروابي", "sub_district": "الروابي 3", "length_m": "1150.013106", "width_m": "14.8", "area_m2": "5673.397988", "street_type": "طريق سريع", "color": "#f59e0b"}}, {"type": "Feature", "geometry": {"type": "LineString", "coordinates": [[39.27021666830758, 21.48189773295963], [39.26990985507714, 21.4829015860417], [39.26956532909623, 21.48402881185237], [39.26926646585238, 21.4850035597264], [39.26919784954688, 21.48522735071271]]}, "properties": {"name": "طريق الحرمين", "street": "طريق الحرمين", "segment_code": "0204160033L1", "from_street": "", "to_street": "", "main_street_code": "0033", "region_no": "020416", "direction": "S", "direction_label": "جنوب", "municipality": "بلدية الجامعة", "district": "الروابي", "sub_district": "الروابي 3", "length_m": "1150.013106", "width_m": "14.8", "area_m2": "5673.397988", "street_type": "طريق سريع", "color": "#f59e0b"}}, {"type": "Feature", "geometry": {"type": "LineString", "coordinates": [[39.27123549854831, 21.47856830658312], [39.27098518857134, 21.47934138559136], [39.27055359692478, 21.48074652173168], [39.27022103745878, 21.48188343756156], [39.27021666830758, 21.48189773295963]]}, "properties": {"name": "طريق الحرمين", "street": "طريق الحرمين", "segment_code": "0204160033L2", "from_street": "", "to_street": "", "main_street_code": "0033", "region_no": "020416", "direction": "S", "direction_label": "جنوب", "municipality": "بلدية الجامعة", "district": "الروابي", "sub_district": "الروابي 3", "length_m": "1150.013106", "width_m": "14.8", "area_m2": "5673.397988", "street_type": "طريق سريع", "color": "#f59e0b"}}, {"type": "Feature", "geometry": {"type": "LineString", "coordinates": [[39.27199991997525, 21.47604774378888], [39.27185540149729, 21.47651926927617], [39.2715200654718, 21.47761287393976], [39.27123549854831, 21.47856830658312]]}, "properties": {"name": "طريق الحرمين", "street": "طريق الحرمين", "segment_code": "0204060033", "from_street": "", "to_street": "", "main_street_code": "0033", "region_no": "020406", "direction": "S", "direction_label": "جنوب", "municipality": "بلدية الجامعة", "district": "الروابي", "sub_district": "الروابي 1", "length_m": "579.999984", "width_m": "14.8", "area_m2": "4291.999881", "street_type": "طريق سريع", "color": "#f59e0b"}}, {"type": "Feature", "geometry": {"type": "LineString", "coordinates": [[39.27277186441105, 21.47352918986576], [39.27258292289569, 21.47415913594115], [39.27212778494933, 21.47563283522546], [39.27203601566538, 21.47592997263218], [39.27199991997525, 21.47604774378888]]}, "properties": {"name": "طريق الحرمين", "street": "طريق الحرمين", "segment_code": "0204060033L1", "from_street": "", "to_street": "", "main_street_code": "0033", "region_no": "020406", "direction": "S", "direction_label": "جنوب", "municipality": "بلدية الجامعة", "district": "الروابي", "sub_district": "الروابي 1", "length_m": "579.999984", "width_m": "14.8", "area_m2": "4291.999881", "street_type": "طريق سريع", "color": "#f59e0b"}}, {"type": "Feature", "geometry": {"type": "LineString", "coordinates": [[39.27348167688954, 21.47118194662355], [39.27323342648702, 21.4720051278005], [39.2728441012489, 21.47328834630854], [39.27277186441105, 21.47352918986576]]}, "properties": {"name": "طريق الحرمين", "street": "طريق الحرمين", "segment_code": "0204070033", "from_street": "", "to_street": "", "main_street_code": "0033", "region_no": "020407", "direction": "S", "direction_label": "جنوب", "municipality": "بلدية الجامعة", "district": "الروابي", "sub_district": "الروابي 1", "length_m": "270.000022", "width_m": "14.8", "area_m2": "3996.000328", "street_type": "طريق سريع", "color": "#f59e0b"}}, {"type": "Feature", "geometry": {"type": "LineString", "coordinates": [[39.27365212281005, 21.4706167547907], [39.27364701681579, 21.47063368539217], [39.27356391663182, 21.47090924316442], [39.27348167688954, 21.47118194662355]]}, "properties": {"name": "طريق الحرمين", "street": "طريق الحرمين", "segment_code": "0204080033", "from_street": "", "to_street": "", "main_street_code": "0033", "region_no": "020408", "direction": "S", "direction_label": "جنوب", "municipality": "بلدية الجامعة", "district": "الروابي", "sub_district": "الروابي 1", "length_m": "64.999978", "width_m": "14.8", "area_m2": "961.999677", "street_type": "طريق سريع", "color": "#f59e0b"}}, {"type": "Feature", "geometry": {"type": "LineString", "coordinates": [[39.27391829026287, 21.46974827993591], [39.27390182176059, 21.46980194701821], [39.27367124111372, 21.47055336004403], [39.27365212281005, 21.4706167547907]]}, "properties": {"name": "طريق الحرمين", "street": "طريق الحرمين", "segment_code": "0204120033", "from_street": "", "to_street": "", "main_street_code": "0033", "region_no": "020412", "direction": "S", "direction_label": "جنوب", "municipality": "بلدية الجامعة", "district": "الروابي", "sub_district": "الروابي 3", "length_m": "99.999989", "width_m": "14.8", "area_m2": "1479.999838", "street_type": "طريق سريع", "color": "#f59e0b"}}, {"type": "Feature", "geometry": {"type": "LineString", "coordinates": [[39.27410483445804, 21.46914040818513], [39.27407429848451, 21.46923987574776], [39.27391829026287, 21.46974827993591]]}, "properties": {"name": "طريق الحرمين", "street": "طريق الحرمين", "segment_code": "0204110033", "from_street": "", "to_street": "", "main_street_code": "0033", "region_no": "020411", "direction": "S", "direction_label": "جنوب", "municipality": "بلدية الجامعة", "district": "الروابي", "sub_district": "الروابي 3", "length_m": "70.000002", "width_m": "14.8", "area_m2": "1036.000023", "street_type": "طريق سريع", "color": "#f59e0b"}}, {"type": "Feature", "geometry": {"type": "LineString", "coordinates": [[39.27433142507925, 21.46840229809511], [39.27431809675733, 21.46844571613981], [39.27422666859254, 21.46874353982451], [39.27410483445804, 21.46914040818513]]}, "properties": {"name": "طريق الحرمين", "street": "طريق الحرمين", "segment_code": "0204100033", "from_street": "", "to_street": "", "main_street_code": "0033", "region_no": "020410", "direction": "S", "direction_label": "جنوب", "municipality": "بلدية الجامعة", "district": "الروابي", "sub_district": "الروابي 3", "length_m": "84.999989", "width_m": "11.1", "area_m2": "1257.999842", "street_type": "طريق سريع", "color": "#f59e0b"}}, {"type": "Feature", "geometry": {"type": "LineString", "coordinates": [[39.2742609043072, 21.46923341095403], [39.27476592041339, 21.46767731997559]]}, "properties": {"name": "طريق الحرمين", "street": "طريق الحرمين", "segment_code": "1101160033", "from_street": "", "to_street": "", "main_street_code": "0033", "region_no": "110116", "direction": "N", "direction_label": "شمال", "municipality": "بلدية أم السلم", "district": "المنتزهات", "sub_district": "المنتزهات 2", "length_m": "179.999967", "width_m": "11.1", "area_m2": "2663.999518", "street_type": "طريق سريع", "color": "#f59e0b"}}, {"type": "Feature", "geometry": {"type": "LineString", "coordinates": [[39.27664416682144, 21.46075190741219], [39.27547357699067, 21.46466723969341]]}, "properties": {"name": "طريق الحرمين", "street": "طريق الحرمين", "segment_code": "0204020033", "from_street": "", "to_street": "", "main_street_code": "0033", "region_no": "020402", "direction": "S", "direction_label": "جنوب", "municipality": "بلدية الجامعة", "district": "الروابي", "sub_district": "الروابي 3", "length_m": "900.000004", "width_m": "11.1", "area_m2": "6660.000029", "street_type": "طريق سريع", "color": "#f59e0b"}}, {"type": "Feature", "geometry": {"type": "LineString", "coordinates": [[39.27781833005341, 21.45683753239804], [39.27768463958906, 21.4572716042938], [39.27664416682144, 21.46075190741219]]}, "properties": {"name": "طريق الحرمين", "street": "طريق الحرمين", "segment_code": "0204020033L1", "from_street": "", "to_street": "", "main_street_code": "0033", "region_no": "020402", "direction": "S", "direction_label": "جنوب", "municipality": "بلدية الجامعة", "district": "الروابي", "sub_district": "الروابي 3", "length_m": "900.000004", "width_m": "11.1", "area_m2": "6660.000029", "street_type": "طريق سريع", "color": "#f59e0b"}}, {"type": "Feature", "geometry": {"type": "LineString", "coordinates": [[39.27987494763619, 21.45005835415967], [39.27962846890082, 21.45085021568165], [39.27943006382504, 21.45153608276348], [39.27909222272932, 21.45264632823318], [39.2790541852356, 21.45277342311788], [39.27898057380516, 21.45301938099954], [39.27885041057127, 21.45344890832961], [39.27862114813583, 21.4542054481062], [39.27817433048026, 21.45567986889816], [39.27781833005341, 21.45683753239804]]}, "properties": {"name": "طريق الحرمين", "street": "طريق الحرمين", "segment_code": "0204140033B", "from_street": "", "to_street": "", "main_street_code": "0033", "region_no": "020414", "direction": "S", "direction_label": "جنوب", "municipality": "بلدية الجامعة", "district": "الروابي", "sub_district": "الروابي 3", "length_m": "779.999979", "width_m": "11.1", "area_m2": "11543.999684", "street_type": "طريق سريع", "color": "#f59e0b"}}, {"type": "Feature", "geometry": {"type": "LineString", "coordinates": [[39.28070290807275, 21.44745874898289], [39.28064537019187, 21.44764531282471], [39.28046300554327, 21.44819132287339], [39.28006546818276, 21.44944626279032], [39.27987881885569, 21.45005705661925]]}, "properties": {"name": "طريق الحرمين", "street": "طريق الحرمين", "segment_code": "0207030033", "from_street": "", "to_street": "", "main_street_code": "0033", "region_no": "020703", "direction": "S", "direction_label": "جنوب", "municipality": "بلدية الجامعة", "district": "الفاروق", "sub_district": "الفاروق 1", "length_m": "600.000026", "width_m": "11.1", "area_m2": "4440.000196", "street_type": "طريق سريع", "color": "#f59e0b"}}, {"type": "Feature", "geometry": {"type": "LineString", "coordinates": [[39.28150603495782, 21.44485459731001], [39.28070290807275, 21.44745874898289]]}, "properties": {"name": "طريق الحرمين", "street": "طريق الحرمين", "segment_code": "0207030033L1", "from_street": "", "to_street": "", "main_street_code": "0033", "region_no": "020703", "direction": "S", "direction_label": "جنوب", "municipality": "بلدية الجامعة", "district": "الفاروق", "sub_district": "الفاروق 1", "length_m": "600.000026", "width_m": "11.1", "area_m2": "4440.000196", "street_type": "طريق سريع", "color": "#f59e0b"}}, {"type": "Feature", "geometry": {"type": "LineString", "coordinates": [[39.29226630300008, 21.43751321100007], [39.29225972200004, 21.43751389600004], [39.29213231400007, 21.43752803000007], [39.29200476200003, 21.43754080000002], [39.29187708000006, 21.43755220500003], [39.29174928300006, 21.43756224300006], [39.29162138700008, 21.43757091200007], [39.29149340500004, 21.43757821200006], [39.29136535200007, 21.43758414200005], [39.29123034900005, 21.43759369000003], [39.29109541300005, 21.43760414800005], [39.29096055100007, 21.43761551600005], [39.29082576900004, 21.43762779400004], [39.29069107200007, 21.43764098100007], [39.29055646800003, 21.43765507600006], [39.29042196200004, 21.43767008000003], [39.29028756000002, 21.43768599000003], [39.29015326800004, 21.43770280700005], [39.29001909300007, 21.43772052900005], [39.28988504000006, 21.43773915600008], [39.28975111700004, 21.43775868800003], [39.28961732800008, 21.43777912200005], [39.28948368000005, 21.43780045900007], [39.28935017900005, 21.43782269600007], [39.28921683100003, 21.43784583400003], [39.28908364200004, 21.43786987100003], [39.28895061800006, 21.43789480600003], [39.28881776600008, 21.43792063800004], [39.28868509100005, 21.43794736600006], [39.28855454100005, 21.43797655900005], [39.28842439600004, 21.43800750600008], [39.28829467900005, 21.43804020100004], [39.28816541400005, 21.43807463800005], [39.28803662400003, 21.43811081100006], [39.28790833100004, 21.43814871300003], [39.28778056100003, 21.43818833800003], [39.28765333500007, 21.43822967800003], [39.28752667600003, 21.43827272500005], [39.28739452100007, 21.43831938200003], [39.28726306600004, 21.43836797900008], [39.28713234100007, 21.43841850300004], [39.28700237300006, 21.43847094500006], [39.28687319000005, 21.43852529400004], [39.28674482100007, 21.43858153700006], [39.28661729300006, 21.43863966200007], [39.28649063400007, 21.43869965700003], [39.28636487100005, 21.43876150800003], [39.28624003200008, 21.43882520300008], [39.28611614300007, 21.43889072800005], [39.28599323100008, 21.43895806700004], [39.28587132300004, 21.43902720800003], [39.28575044600007, 21.43909813400006], [39.28563062500007, 21.43917083100007], [39.28551188600005, 21.43924528300005], [39.28539425600007, 21.43932147300006], [39.28527775900005, 21.43939938600005], [39.28516242100005, 21.43947900300003], [39.28504826600005, 21.43956030900006], [39.28493532000005, 21.43964328600003], [39.28482360600003, 21.43972791400006], [39.28471315000007, 21.43981417700007], [39.28460397400005, 21.43990205600005], [39.28449610400003, 21.43999153100003], [39.28438956100007, 21.44008258300005], [39.28428436800004, 21.44017519300007], [39.28418055000003, 21.44026934000004], [39.28407812800003, 21.44036500400006], [39.28397712400005, 21.44046216400005], [39.28387756000006, 21.44056080000007], [39.28377945900007, 21.44066088900007], [39.28368284000004, 21.44076241100004], [39.28361852200004, 21.44083677400005], [39.28352806000004, 21.44094343700004], [39.28343908400007, 21.44105134200004], [39.28335161100006, 21.44116046900007], [39.28326565800006, 21.44127079800006], [39.28318124100008, 21.44138230600004], [39.28309837700004, 21.44149497300003], [39.28301708100003, 21.44160877700006], [39.28293737000007, 21.44172369600005], [39.28285925800003, 21.44183970800003], [39.28278276000003, 21.44195679100005], [39.28270789200008, 21.44207492200007], [39.28263466700002, 21.44219407900005], [39.28256309900007, 21.44231423900004], [39.28249320300006, 21.44243537800003], [39.28242499100003, 21.44255747400007], [39.28235847700006, 21.44268050300008], [39.28229367300003, 21.44280444200007], [39.28223059300007, 21.44292926600008], [39.28216924700007, 21.44305495300006], [39.28210964800007, 21.44318147600006], [39.28205180800006, 21.44330881400003], [39.28199573600006, 21.44343694000003], [39.28194144500003, 21.44356583000007], [39.28188894400006, 21.44369546000007], [39.28183824400003, 21.44382580500007], [39.28178935400007, 21.44395684000006], [39.28174228400007, 21.44408853900006], [39.28170279300008, 21.44421689800004], [39.28166330100004, 21.44434525700007], [39.28162381000004, 21.44447361500005], [39.28158431800006, 21.44460197400002], [39.28154482700006, 21.44473033300005], [39.28150533600007, 21.44485869200003]]}, "properties": {"name": "طريق الحرمين", "street": "طريق الحرمين", "segment_code": "0207030033B", "from_street": "", "to_street": "", "main_street_code": "0033", "region_no": "020703", "direction": "S", "direction_label": "جنوب", "municipality": "بلدية الجامعة", "district": "الفاروق", "sub_district": "الفاروق 1", "length_m": "1499.961477", "width_m": "11.1", "area_m2": "22199.468061", "street_type": "طريق سريع", "color": "#f59e0b"}}, {"type": "Feature", "geometry": {"type": "LineString", "coordinates": [[39.29486104800003, 21.43700694200004], [39.29483748900003, 21.43701417400007], [39.29481391600007, 21.43702135900003], [39.29479032800003, 21.43702849900006], [39.29476672700008, 21.43703559100004], [39.29474311200005, 21.43704263700005], [39.29471948300005, 21.43704963700003], [39.29469584000003, 21.43705659000005], [39.29467218300005, 21.43706349700005], [39.29464851300003, 21.43707035700004], [39.29462297400005, 21.43707687000006], [39.29459742600005, 21.43708334700005], [39.29457186800005, 21.43708978600006], [39.29454630100003, 21.43709618900004], [39.29452072400005, 21.43710255500002], [39.29449513800006, 21.43710888300006], [39.29446954300005, 21.43711517400004], [39.29444394000006, 21.43712142900006], [39.29441832700007, 21.43712764600008], [39.29439270500006, 21.43713382600004], [39.29436707400004, 21.43713996900004], [39.29434143400005, 21.43714607500004], [39.29431578600003, 21.43715214300005], [39.29429012800006, 21.43715817500004], [39.29426446200006, 21.43716416900003], [39.29423878800003, 21.43717012600007], [39.29421310400005, 21.43717604600005], [39.29418741200004, 21.43718192900008], [39.29416171200006, 21.43718777400005], [39.29413600300006, 21.43719358300007], [39.29411028600003, 21.43719935400003], [39.29408456100003, 21.43720508700005], [39.29405882700007, 21.43721078400006], [39.29403308500008, 21.43721644300007], [39.29400733500006, 21.43722206500007], [39.29398157600008, 21.43722764900008], [39.29395581000006, 21.43723319700007], [39.29393003600006, 21.43723870600007], [39.29390425300005, 21.43724417900006], [39.29387846300006, 21.43724961400005], [39.29385266500003, 21.43725501200004], [39.29382685900003, 21.43726037200003], [39.29380104600006, 21.43726569500006], [39.29377522400006, 21.43727098100004], [39.29374939500008, 21.43727622900008], [39.29372355900006, 21.43728144000005], [39.29369771500006, 21.43728661300003], [39.29367186300004, 21.43729174900005], [39.29364600400004, 21.43729684800007], [39.29362013800005, 21.43730190900004], [39.29359426500002, 21.43730693200007], [39.29356838400003, 21.43731191800003], [39.29354249600004, 21.43731686700005], [39.29351660100008, 21.43732177800007], [39.29349069800003, 21.43732665100003], [39.29346478900004, 21.43733148700005], [39.29343887300007, 21.43733628600006], [39.29341295000006, 21.43734104700007], [39.29338702000007, 21.43734577000004], [39.29336108300004, 21.43735045600005], [39.29333513900008, 21.43735510400006], [39.29330918900007, 21.43735971400002], [39.29328323200008, 21.43736428700004], [39.29325726800005, 21.43736882300004], [39.29323129800008, 21.43737332100005], [39.29320532200006, 21.43737778100007], [39.29317933900006, 21.43738220300003], [39.29315334900008, 21.43738658800004], [39.29312735300005, 21.43739093500005], [39.29310135100008, 21.43739524500006], [39.29307534300005, 21.43739951600003], [39.29304932900004, 21.43740375100003], [39.29302330800004, 21.43740794700005], [39.29299728200004, 21.43741210600007], [39.29297124900006, 21.43741622700003], [39.29294521100007, 21.43742031000005], [39.29291916600005, 21.43742435600007], [39.29289311600007, 21.43742836400003], [39.29286706000005, 21.43743233400005], [39.29284099800003, 21.43743626600008], [39.29281493100007, 21.43744016100004], [39.29278885800005, 21.43744401700008], [39.29276277900004, 21.43744783600005], [39.29273669500003, 21.43745161800007], [39.29271060600007, 21.43745536100005], [39.29268451100006, 21.43745906700008], [39.29265841100005, 21.43746273500005], [39.29263230500004, 21.43746636500003], [39.29260619400003, 21.43746995700008], [39.29258007800007, 21.43747351100006], [39.29255395700005, 21.43747702800005], [39.29252783100003, 21.43748050700003], [39.29250170000006, 21.43748394700003], [39.29247556400003, 21.43748735000003], [39.29244942300005, 21.43749071600007], [39.29242327700007, 21.43749404300007], [39.29239712600003, 21.43749733200008], [39.29237097100003, 21.43750058400008], [39.29234481100008, 21.43750379700003], [39.29231864600007, 21.43750697300004], [39.29229247700005, 21.43751011100005], [39.29226630300008, 21.43751321100007]]}, "properties": {"name": "طريق الحرمين", "street": "طريق الحرمين", "segment_code": "1010060033", "from_street": "", "to_street": "", "main_street_code": "0033", "region_no": "101006", "direction": "S", "direction_label": "جنوب", "municipality": "بلدية الجنوب", "district": "الأمير فواز الجنوبى", "sub_district": "الأمير فواز الجنوبى 1", "length_m": "549.988465", "width_m": "11.1", "area_m2": "4069.931422", "street_type": "طريق سريع", "color": "#f59e0b"}}, {"type": "Feature", "geometry": {"type": "LineString", "coordinates": [[39.29726910800008, 21.43597499500004], [39.29724643300005, 21.43598769200003], [39.29722373000004, 21.43600034200006], [39.29720100200007, 21.43601294400003], [39.29717824600004, 21.43602549700006], [39.29715546400007, 21.43603800300008], [39.29713265600003, 21.43605046000005], [39.29710982200004, 21.43606286900007], [39.29708696100005, 21.43607523000003], [39.29706407400005, 21.43608754200005], [39.29704116200003, 21.43609980700006], [39.29701822300007, 21.43611202200003], [39.29699525900003, 21.43612419000004], [39.29697226900004, 21.43613630800007], [39.29694925400003, 21.43614837900003], [39.29692621300006, 21.43616040000006], [39.29690314700008, 21.43617237300003], [39.29688005500003, 21.43618429700007], [39.29685693800008, 21.43619617200005], [39.29683379700003, 21.43620799900003], [39.29681063000004, 21.43621977600003], [39.29678743900007, 21.43623150500002], [39.29676422300003, 21.43624318500002], [39.29674098200007, 21.43625481500004], [39.29671771700004, 21.43626639700005], [39.29669442700003, 21.43627792900003], [39.29667111400005, 21.43628941200006], [39.29664777500005, 21.43630084600005], [39.29662441300007, 21.43631223000006], [39.29660102700007, 21.43632356600006], [39.29657761700003, 21.43633485100003], [39.29655418300007, 21.43634608800005], [39.29653072600007, 21.43635727400004], [39.29650724400005, 21.43636841100005], [39.29648374000004, 21.43637949900005], [39.29646021200006, 21.43639053700002], [39.29643666100003, 21.43640152500006], [39.29641308600003, 21.43641246300007], [39.29638948900003, 21.43642335200008], [39.29636586900006, 21.43643419100005], [39.29634222500005, 21.43644498000003], [39.29631855900004, 21.43645571800005], [39.29629487100004, 21.43646640700007], [39.29627116000006, 21.43647704600005], [39.29624742600004, 21.43648763500005], [39.29622367000007, 21.43649817300007], [39.29619989200006, 21.43650866200005], [39.29617609200005, 21.43651910000006], [39.29615227000005, 21.43652948800008], [39.29612842600005, 21.43653982500007], [39.29610456100005, 21.43655011200008], [39.29608067300006, 21.43656034900005], [39.29605676400007, 21.43657053500004], [39.29603283400007, 21.43658067100006], [39.29600888200008, 21.43659075600004], [39.29598490900003, 21.43660079100005], [39.29596091500008, 21.43661077400003], [39.29593689900003, 21.43662070800008], [39.29591286300007, 21.43663059000005], [39.29588880600005, 21.43664042200004], [39.29586472800003, 21.43665020300006], [39.29584063000004, 21.43665993200005], [39.29581651100006, 21.43666961100007], [39.29579237200005, 21.43667924000005], [39.29576821300003, 21.43668881700006], [39.29574403300006, 21.43669834300005], [39.29571983300008, 21.43670781800006], [39.29569561400007, 21.43671724100005], [39.29567137400005, 21.43672661400007], [39.29564711500007, 21.43673593500006], [39.29562283600006, 21.43674520600007], [39.29559853800004, 21.43675442400007], [39.29557422000005, 21.43676359200003], [39.29554988300004, 21.43677270800003], [39.29552552700005, 21.43678177300006], [39.29550115100005, 21.43679078600007], [39.29547675700007, 21.43679974800006], [39.29545234300008, 21.43680865800007], [39.29542791100005, 21.43681751700007], [39.29540346100003, 21.43682632400004], [39.29537899200005, 21.43683507900005], [39.29535450400004, 21.43684378300003], [39.29532999800006, 21.43685243500005], [39.29530547400003, 21.43686103500005], [39.29528093100004, 21.43686958300003], [39.29525637100005, 21.43687808000004], [39.29523179300003, 21.43688652400004], [39.29520719700002, 21.43689491700007], [39.29518258300004, 21.43690325800003], [39.29515795200007, 21.43691154600003], [39.29513330300006, 21.43691978300006], [39.29510863700006, 21.43692796800008], [39.29508395400006, 21.43693610000003], [39.29505925400008, 21.43694418100006], [39.29503453600006, 21.43695220900003], [39.29500980200004, 21.43696018500003], [39.29498505100003, 21.43696810800003], [39.29496028300008, 21.43697598000006], [39.29493549900008, 21.43698379900007], [39.29491069800008, 21.43699156500003], [39.29488588100003, 21.43699928000007], [39.29486104800003, 21.43700694200004]]}, "properties": {"name": "طريق الحرمين", "street": "طريق الحرمين", "segment_code": "1010060033L1", "from_street": "", "to_street": "", "main_street_code": "0033", "region_no": "101006", "direction": "S", "direction_label": "جنوب", "municipality": "بلدية الجنوب", "district": "الأمير فواز الجنوبى", "sub_district": "الأمير فواز الجنوبى 1", "length_m": "549.988465", "width_m": "11.1", "area_m2": "4069.896178", "street_type": "طريق سريع", "color": "#f59e0b"}}, {"type": "Feature", "geometry": {"type": "LineString", "coordinates": [[39.28477316500005, 21.44205064600004], [39.28480375700008, 21.44202437700005], [39.28483442600003, 21.44199819800008], [39.28486517300007, 21.44197211000005], [39.28489599600005, 21.44194611300003], [39.28492689600006, 21.44192020700007], [39.28495787200006, 21.44189439200005], [39.28498892400006, 21.44186866900003], [39.28502210600004, 21.44184236000007], [39.28505536700004, 21.44181615200006], [39.28508870700006, 21.44179004500006], [39.28512212700008, 21.44176403900008], [39.28515562500007, 21.44173813500004], [39.28518920100004, 21.44171233200007], [39.28522285500003, 21.44168663000005], [39.28525658700005, 21.44166103100002], [39.28529039700004, 21.44163553400006], [39.28532428300008, 21.44161014000002], [39.28535824600004, 21.44158484800005], [39.28539228600005, 21.44155965900006], [39.28542640100005, 21.44153457300007], [39.28546059300004, 21.44150959100006], [39.28549486000003, 21.44148471300002], [39.28552920200008, 21.44145993800004], [39.28556361900007, 21.44143526800008], [39.28559811000008, 21.44141070100005], [39.28563267600003, 21.44138624000004], [39.28566731600006, 21.44136188300007], [39.28570202900005, 21.44133763100007], [39.28573681600005, 21.44131348500002], [39.28577167500003, 21.44128944300007], [39.28580660800003, 21.44126550800007], [39.28584161200007, 21.44124167800004], [39.28587668900008, 21.44121795500007], [39.28591183700007, 21.44119433800006], [39.28594705700004, 21.44117082700006], [39.28598234700007, 21.44114742400006], [39.28601770900008, 21.44112412700002], [39.28605314000004, 21.44110093700004], [39.28608864200004, 21.44107785500006], [39.28612421400004, 21.44105488000002], [39.28615985500005, 21.44103201300004], [39.28619556500007, 21.44100925500004], [39.28623134300005, 21.44098660400005], [39.28626719000005, 21.44096406200003], [39.28630310600005, 21.44094162900006], [39.28633908900008, 21.44091930400003], [39.28637513900003, 21.44089708900003], [39.28641125700005, 21.44087498300007], [39.28644744100006, 21.44085298600004], [39.28648369200005, 21.44083109900004], [39.28652000900007, 21.44080932200006], [39.28655639200008, 21.44078765500007], [39.28659284000003, 21.44076609800004], [39.28662935300008, 21.44074465200003], [39.28666593100007, 21.44072331600006], [39.28670257400006, 21.44070209100005], [39.28673928100005, 21.44068097700006], [39.28677605100006, 21.44065997500007], [39.28681288500007, 21.44063908400005], [39.28684978200005, 21.44061830500004], [39.28688674100005, 21.44059763700005], [39.28692376400005, 21.44057708100007], [39.28696084800004, 21.44055663800003], [39.28699799400005, 21.44053630700006], [39.28703520100004, 21.44051608900003], [39.28707246900007, 21.44049598300006], [39.28710979800007, 21.44047599100003], [39.28714718800006, 21.44045611100006], [39.28718463700005, 21.44043634500002], [39.28722214700008, 21.44041669200004], [39.28725971500006, 21.44039715300005], [39.28729734300003, 21.44037772800004], [39.28733502900008, 21.44035841700003], [39.28737277300007, 21.44033922000006], [39.28741057600007, 21.44032013800006], [39.28744843600003, 21.44030117000005], [39.28748635300008, 21.44028231700003], [39.28752432700003, 21.44026357800004], [39.28756235800006, 21.44024495500003], [39.28760044500007, 21.44022644700004], [39.28763858800005, 21.44020805500003], [39.28767678600008, 21.44018977800005], [39.28771504000008, 21.44017161700003], [39.28775334800008, 21.44015357100005], [39.28779171100007, 21.44013564200003], [39.28783012800005, 21.44011782900003], [39.28786859900003, 21.44010013300004], [39.28790712300002, 21.44008255300002], [39.28794570100007, 21.44006509000008], [39.28798433100008, 21.44004774400003], [39.28802301300004, 21.44003051400006], [39.28806174700003, 21.44001340200003], [39.28810053300003, 21.43999640800007], [39.28813937000007, 21.43997953100006], [39.28817825800007, 21.43996277100007], [39.28821719700005, 21.43994613000007], [39.28825618600007, 21.43992960600008], [39.28829522500007, 21.43991320100002], [39.28833431300006, 21.43989691400003], [39.28837345100004, 21.43988074500004], [39.28841263700008, 21.43986469500004]]}, "properties": {"name": "طريق الحرمين", "street": "طريق الحرمين", "segment_code": "1008040033", "from_street": "", "to_street": "", "main_street_code": "0033", "region_no": "100804", "direction": "N", "direction_label": "شمال", "municipality": "بلدية الجنوب", "district": "العدل", "sub_district": "العدل 1", "length_m": "1349.973278", "width_m": "11.1", "area_m2": "6659.859541", "street_type": "طريق سريع", "color": "#f59e0b"}}, {"type": "Feature", "geometry": {"type": "LineString", "coordinates": [[39.28208353000008, 21.44522177700003], [39.28209663000007, 21.44519987100006], [39.28210976900004, 21.44517798800007], [39.28213158800003, 21.44514249800005], [39.28215351900008, 21.44510707600006], [39.28217556100003, 21.44507172400006], [39.28219771500005, 21.44503644100007], [39.28221997900005, 21.44500122800002], [39.28224235400006, 21.44496608600002], [39.28226484000004, 21.44493101400008], [39.28228743600005, 21.44489601200007], [39.28231014200003, 21.44486108300003], [39.28233295800004, 21.44482622400005], [39.28235588300004, 21.44479143800004], [39.28237891800006, 21.44475672400006], [39.28240206100003, 21.44472208300004], [39.28242531400008, 21.44468751500006], [39.28244867600006, 21.44465302000003], [39.28247214600003, 21.44461859900002], [39.28249572400006, 21.44458425200003], [39.28251941000008, 21.44454997900004], [39.28254320400004, 21.44451578100006], [39.28256710500006, 21.44448165800003], [39.28259111400007, 21.44444761100004], [39.28261523000003, 21.44441363900006], [39.28263945200007, 21.44437974300007], [39.28266378100005, 21.44434592400006], [39.28268821700004, 21.44431218100004], [39.28271275800006, 21.44427851600005], [39.28273740600008, 21.44424492800005], [39.28276215800003, 21.44421141700008], [39.28278701700003, 21.44417798500007], [39.28281198000008, 21.44414463100003], [39.28283704800003, 21.44411135600006], [39.28286222100007, 21.44407816000006], [39.28288749800004, 21.44404504300007], [39.28291288000003, 21.44401200600004], [39.28293836500006, 21.44397904900006], [39.28296395400002, 21.44394617300003], [39.28298964600003, 21.44391337700006], [39.28301544100003, 21.44388066200003], [39.28304133900008, 21.44384802900004], [39.28306734000006, 21.44381547700004], [39.28309344300004, 21.44378300700004], [39.28311964800002, 21.44375061900007], [39.28314595500007, 21.44371831500007], [39.28317236300006, 21.44368609300005], [39.28319887300006, 21.44365395400007], [39.28322548300008, 21.44362189900005], [39.28325219500005, 21.44358992800005], [39.28327900700003, 21.44355804100007], [39.28330591900004, 21.44352623900005], [39.28333293100007, 21.44349452100005], [39.28336004300007, 21.44346288900005], [39.28338725400005, 21.44343134200005], [39.28341456400005, 21.44339988100006], [39.28344197400003, 21.44336850600007], [39.28346948200004, 21.44333721800007], [39.28349708800005, 21.44330601600007], [39.28352479200004, 21.44327490200004], [39.28355259400007, 21.44324387400007], [39.28358049400003, 21.44321293500008], [39.28360849100005, 21.44318208300007], [39.28363658500007, 21.44315131900004], [39.28366477500003, 21.44312064500008], [39.28369306200005, 21.44309005900004], [39.28372144500003, 21.44305956200003], [39.28374992400006, 21.44302915400004], [39.28377849800006, 21.44299883700006], [39.28380716800007, 21.44296860900005], [39.28383593300003, 21.44293847200004], [39.28386479200003, 21.44290842600003], [39.28389374600005, 21.44287847100003], [39.28392279400003, 21.44284860700003], [39.28395193600005, 21.44281883400004], [39.28398117100005, 21.44278915300004], [39.28401050000008, 21.44275956500007], [39.28403992200003, 21.44273006900005], [39.28406943600004, 21.44270066500007], [39.28409904300003, 21.44267135500007], [39.28412874200006, 21.44264213800005], [39.28415853300004, 21.44261301500006], [39.28418841500007, 21.44258398600005], [39.28421838800006, 21.44255505000007], [39.28424845300003, 21.44252621000004], [39.28427860700003, 21.44249746400004], [39.28430885300003, 21.44246881300006], [39.28433918800005, 21.44244025700004], [39.28436961300002, 21.44241179700003], [39.28440012800007, 21.44238343300003], [39.28443073100004, 21.44235516500004], [39.28446142400003, 21.44232699400004], [39.28449220500005, 21.44229891900005], [39.28452307400005, 21.44227094200005], [39.28455403100003, 21.44224306100006], [39.28458507500005, 21.44221527800005], [39.28461620700006, 21.44218759300003], [39.28464742600005, 21.44216000700004], [39.28467873200003, 21.44213251800005], [39.28471012400007, 21.44210512900003], [39.28474160200005, 21.44207783800005], [39.28477316500005, 21.44205064600004]]}, "properties": {"name": "طريق الحرمين", "street": "طريق الحرمين", "segment_code": "1008040033R1", "from_street": "", "to_street": "", "main_street_code": "0033", "region_no": "100804", "direction": "N", "direction_label": "شمال", "municipality": "بلدية الجنوب", "district": "العدل", "sub_district": "العدل 1", "length_m": "1349.973278", "width_m": "11.1", "area_m2": "6659.867282", "street_type": "طريق سريع", "color": "#f59e0b"}}, {"type": "Feature", "geometry": {"type": "LineString", "coordinates": [[39.28049428800006, 21.44899417100004], [39.28050620800008, 21.44895542500007], [39.28051816200008, 21.44891669100002], [39.28053015200004, 21.44887796700004], [39.28054217700003, 21.44883925400006], [39.28055423700005, 21.44880055200002], [39.28056633200003, 21.44876186100004], [39.28057846300004, 21.44872318100005], [39.28059062900007, 21.44868451300005], [39.28060283000008, 21.44864585500005], [39.28061506600005, 21.44860720800006], [39.28062733700006, 21.44856857300005], [39.28063964400008, 21.44852994800004], [39.28065198500008, 21.44849133500003], [39.28066436200004, 21.44845273400006], [39.28067677400003, 21.44841414300004], [39.28068922100005, 21.44837556400006], [39.28070170300003, 21.44833699600002], [39.28071422000005, 21.44829844000003], [39.28072677200004, 21.44825989400005], [39.28073936000004, 21.44822136100004], [39.28075198200003, 21.44818283900003], [39.28076464000003, 21.44814432800007], [39.28077733200007, 21.44810582900004], [39.28079006000007, 21.44806734100007], [39.28080282200006, 21.44802886500003], [39.28081562000006, 21.44799040100003], [39.28082845200004, 21.44795194800002], [39.28084132000004, 21.44791350700007], [39.28085422200007, 21.44787507800004], [39.28086716000007, 21.44783666000006], [39.28088013200005, 21.44779825500007], [39.28089358000005, 21.44775984700004], [39.28090714000007, 21.44772147900005], [39.28092081000005, 21.44768315000005], [39.28093459200005, 21.44764486200006], [39.28094848500007, 21.44760661300006], [39.28096248900005, 21.44756840500003], [39.28097660400005, 21.44753023700002], [39.28099083000006, 21.44749211100003], [39.28100516600006, 21.44745402600006], [39.28101961300007, 21.44741598300004], [39.28103417000005, 21.44737798300002], [39.28104883700007, 21.44734002400003], [39.28106361500005, 21.44730210800003], [39.28107850200007, 21.44726423600002], [39.28109350000005, 21.44722640600003], [39.28110860700008, 21.44718862100007], [39.28112382400008, 21.44715087900005], [39.28113915000006, 21.44711318200007], [39.28115458600007, 21.44707553000006], [39.28117013100007, 21.44703792200005], [39.28118578500005, 21.44700036000006], [39.28120154800007, 21.44696284300005], [39.28121742000008, 21.44692537200007], [39.28123340100007, 21.44688794800004], [39.28124949000005, 21.44685057000004], [39.28126568800008, 21.44681323900005], [39.28128199400004, 21.44677595500008], [39.28129840800005, 21.44673871800006], [39.28131493000006, 21.44670153000004], [39.28133156000007, 21.44666438900003], [39.28134829800007, 21.44662729700008], [39.28136514300007, 21.44659025400006], [39.28138209600007, 21.44655326000003], [39.28139915700007, 21.44651631500005], [39.28141632400008, 21.44647941900007], [39.28143359900002, 21.44644257400006], [39.28145098000005, 21.44640577900003], [39.28146846800007, 21.44636903500003], [39.28148606300005, 21.44633234200006], [39.28150376400004, 21.44629570000006], [39.28152157200003, 21.44625910900004], [39.28153948500005, 21.44622257000003], [39.28155750500008, 21.44618608400003], [39.28157563000008, 21.44614965000005], [39.28159386200008, 21.44611326900002], [39.28161219800006, 21.44607694000007], [39.28163064100005, 21.44604066500006], [39.28164918800007, 21.44600444400004], [39.28166784100006, 21.44596827700008], [39.28168659800008, 21.44593216400006], [39.28170546000007, 21.44589610600008], [39.28172442700003, 21.44586010300003], [39.28174349800003, 21.44582415500003], [39.28176267400005, 21.44578826200006], [39.28178195300006, 21.44575242500002], [39.28180133700005, 21.44571664500006], [39.28182082400008, 21.44568092100008], [39.28184041500003, 21.44564525300007], [39.28186011000003, 21.44560964300007], [39.28187990700008, 21.44557408900005], [39.28189980800005, 21.44553859400003], [39.28191981200007, 21.44550315600003], [39.28193991900002, 21.44546777700003], [39.28196012800004, 21.44543245600005], [39.28198044000004, 21.44539719400007], [39.28200085400005, 21.44536199100003], [39.28202137000005, 21.44532684800004], [39.28204198800006, 21.44529176400005], [39.28206270800007, 21.44525674000005], [39.28208353000008, 21.44522177700003]]}, "properties": {"name": "طريق الحرمين", "street": "طريق الحرمين", "segment_code": "1008040033R2", "from_street": "", "to_street": "", "main_street_code": "0033", "region_no": "100804", "direction": "N", "direction_label": "شمال", "municipality": "بلدية الجنوب", "district": "العدل", "sub_district": "العدل 1", "length_m": "1349.973278", "width_m": "11.1", "area_m2": "6659.903275", "street_type": "طريق سريع", "color": "#f59e0b"}}, {"type": "Feature", "geometry": {"type": "LineString", "coordinates": [[39.27824325157539, 21.45639193463532], [39.27878737154374, 21.45462682811024], [39.27923417991928, 21.45315240559784], [39.27937124792162, 21.45270008795101], [39.27959359813907, 21.45196633710738], [39.27966720803144, 21.45172037894202], [39.2797052447488, 21.45159328391073], [39.28004307884348, 21.450483037141], [39.28024147969884, 21.44979716932747], [39.28048795341461, 21.44900530682417]]}, "properties": {"name": "طريق الحرمين", "street": "طريق الحرمين", "segment_code": "1008060033B", "from_street": "", "to_street": "", "main_street_code": "0033", "region_no": "100806", "direction": "N", "direction_label": "شمال", "municipality": "بلدية الجنوب", "district": "العدل", "sub_district": "العدل 1", "length_m": "850.000036", "width_m": "11.1", "area_m2": "12580.000537", "street_type": "طريق سريع", "color": "#f59e0b"}}, {"type": "Feature", "geometry": {"type": "LineString", "coordinates": [[39.27726488549616, 21.45965400650715], [39.27811025511808, 21.45682625739634], [39.27824394390994, 21.45639218512102]]}, "properties": {"name": "طريق الحرمين", "street": "طريق الحرمين", "segment_code": "1101080033", "from_street": "", "to_street": "", "main_street_code": "0033", "region_no": "110108", "direction": "N", "direction_label": "شمال", "municipality": "بلدية أم السلم", "district": "المنتزهات", "sub_district": "المنتزهات 2", "length_m": "750.000024", "width_m": "11.1", "area_m2": "5550.000179", "street_type": "طريق سريع", "color": "#f59e0b"}}, {"type": "Feature", "geometry": {"type": "LineString", "coordinates": [[39.27628941921733, 21.46291678800668], [39.27726488549616, 21.45965400650715]]}, "properties": {"name": "طريق الحرمين", "street": "طريق الحرمين", "segment_code": "1101080033R1", "from_street": "", "to_street": "", "main_street_code": "0033", "region_no": "110108", "direction": "N", "direction_label": "شمال", "municipality": "بلدية أم السلم", "district": "المنتزهات", "sub_district": "المنتزهات 2", "length_m": "750.000024", "width_m": "11.1", "area_m2": "5550.000179", "street_type": "طريق سريع", "color": "#f59e0b"}}, {"type": "Feature", "geometry": {"type": "LineString", "coordinates": [[39.27547357699067, 21.46466723969341], [39.27510424454916, 21.46589325650638], [39.27457223209188, 21.46761787187703], [39.27433142507925, 21.46840229809511]]}, "properties": {"name": "طريق الحرمين", "street": "طريق الحرمين", "segment_code": "0204090033", "from_street": "", "to_street": "", "main_street_code": "0033", "region_no": "020409", "direction": "S", "direction_label": "جنوب", "municipality": "بلدية الجامعة", "district": "الروابي", "sub_district": "الروابي 3", "length_m": "430.000009", "width_m": "11.1", "area_m2": "6364.000137", "street_type": "طريق سريع", "color": "#f59e0b"}}, {"type": "Feature", "geometry": {"type": "LineString", "coordinates": [[39.2783086773925, 21.44239072251702], [39.27681325533084, 21.44280834797827], [39.27496933412669, 21.44332895233084]]}, "properties": {"name": "طريق الفلاح", "street": "طريق الفلاح", "segment_code": "1010050108", "from_street": "عبد الملك بن دثار", "to_street": "بداية طريق جدة_مكة", "main_street_code": "0108", "region_no": "101005", "direction": "E", "direction_label": "شرق", "municipality": "بلدية الجنوب", "district": "الأمير فواز الجنوبى", "sub_district": "الأمير فواز الجنوبى 1", "length_m": "1083.809513", "width_m": "", "area_m2": "4010.095199", "street_type": "طريق سريع", "color": "#a78bfa"}}, {"type": "Feature", "geometry": {"type": "LineString", "coordinates": [[39.27552597265386, 21.4652966840835], [39.2762884279654, 21.46291675741812]]}, "properties": {"name": "طريق الحرمين", "street": "طريق الحرمين", "segment_code": "1101050033", "from_street": "", "to_street": "", "main_street_code": "0033", "region_no": "110105", "direction": "N", "direction_label": "شمال", "municipality": "بلدية أم السلم", "district": "المنتزهات", "sub_district": "المنتزهات 2", "length_m": "550.000032", "width_m": "11.1", "area_m2": "4070.000235", "street_type": "طريق سريع", "color": "#f59e0b"}}, {"type": "Feature", "geometry": {"type": "LineString", "coordinates": [[39.27476349300966, 21.46767660686252], [39.27552597265386, 21.4652966840835]]}, "properties": {"name": "طريق الحرمين", "street": "طريق الحرمين", "segment_code": "1101050033R1", "from_street": "", "to_street": "", "main_street_code": "0033", "region_no": "110105", "direction": "N", "direction_label": "شمال", "municipality": "بلدية أم السلم", "district": "المنتزهات", "sub_district": "المنتزهات 2", "length_m": "550.000032", "width_m": "11.1", "area_m2": "4070.000235", "street_type": "طريق سريع", "color": "#f59e0b"}}, {"type": "Feature", "geometry": {"type": "LineString", "coordinates": [[39.27396011650775, 21.47017854659335], [39.27426437132875, 21.46922636933283]]}, "properties": {"name": "طريق الحرمين", "street": "طريق الحرمين", "segment_code": "1101170033", "from_street": "", "to_street": "", "main_street_code": "0033", "region_no": "110117", "direction": "N", "direction_label": "شمال", "municipality": "بلدية أم السلم", "district": "المنتزهات", "sub_district": "المنتزهات 2", "length_m": "110", "width_m": "11.1", "area_m2": "1627.999995", "street_type": "طريق سريع", "color": "#f59e0b"}}, {"type": "Feature", "geometry": {"type": "LineString", "coordinates": [[39.27379365131794, 21.4706977738584], [39.27396011650775, 21.47017854659335]]}, "properties": {"name": "طريق الحرمين", "street": "طريق الحرمين", "segment_code": "1101180033", "from_street": "", "to_street": "", "main_street_code": "0033", "region_no": "110118", "direction": "N", "direction_label": "شمال", "municipality": "بلدية أم السلم", "district": "المنتزهات", "sub_district": "المنتزهات 2", "length_m": "60.000012", "width_m": "11.1", "area_m2": "888.000182", "street_type": "طريق سريع", "color": "#f59e0b"}}, {"type": "Feature", "geometry": {"type": "LineString", "coordinates": [[39.27346130456672, 21.47183013624007], [39.27379380719665, 21.47069756473893]]}, "properties": {"name": "طريق الحرمين", "street": "طريق الحرمين", "segment_code": "1101190033", "from_street": "", "to_street": "", "main_street_code": "0033", "region_no": "110119", "direction": "N", "direction_label": "شمال", "municipality": "بلدية أم السلم", "district": "المنتزهات", "sub_district": "المنتزهات 2", "length_m": "130.000002", "width_m": "11.1", "area_m2": "1924.000023", "street_type": "طريق سريع", "color": "#f59e0b"}}, {"type": "Feature", "geometry": {"type": "LineString", "coordinates": [[39.27219023183456, 21.47609445243592], [39.27346130456672, 21.47183013624007]]}, "properties": {"name": "طريق الحرمين", "street": "طريق الحرمين", "segment_code": "1101200033", "from_street": "", "to_street": "", "main_street_code": "0033", "region_no": "110120", "direction": "N", "direction_label": "شمال", "municipality": "بلدية أم السلم", "district": "المنتزهات", "sub_district": "المنتزهات 2", "length_m": "489.99998", "width_m": "11.1", "area_m2": "7251.999707", "street_type": "طريق سريع", "color": "#f59e0b"}}, {"type": "Feature", "geometry": {"type": "LineString", "coordinates": [[39.2712421584723, 21.47931755798411], [39.27219025846536, 21.47609452611541]]}, "properties": {"name": "طريق الحرمين", "street": "طريق الحرمين", "segment_code": "1101140033", "from_street": "", "to_street": "", "main_street_code": "0033", "region_no": "110114", "direction": "N", "direction_label": "شمال", "municipality": "بلدية أم السلم", "district": "المنتزهات", "sub_district": "المنتزهات 2", "length_m": "370.000009", "width_m": "11.1", "area_m2": "5476.000128", "street_type": "طريق سريع", "color": "#f59e0b"}}, {"type": "Feature", "geometry": {"type": "LineString", "coordinates": [[39.24407915700004, 21.52405156500004], [39.24408488100005, 21.52403989400005], [39.24410477000004, 21.52400207200003], [39.24412465800003, 21.52396425000006], [39.24414454700008, 21.52392642800004], [39.24416443600006, 21.52388860600007], [39.24418432400006, 21.52385078400005], [39.24420421300005, 21.52381296100003], [39.24422410200003, 21.52377513900007], [39.24424399000003, 21.52373731700004], [39.24426387900007, 21.52369949500007], [39.24428376800006, 21.52366167300005], [39.24430365600006, 21.52362385100002], [39.24432354500004, 21.52358602800007], [39.24434343400003, 21.52354820600004], [39.24436332200003, 21.52351038400008], [39.24438321100007, 21.52347256200005], [39.24440310000006, 21.52343474000003], [39.24442298800005, 21.52339691800006], [39.24444287700004, 21.52335909600004], [39.24446276600003, 21.52332127300002], [39.24448265400008, 21.52328345100005], [39.24450254300007, 21.52324562900003], [39.24452213000006, 21.52320837300005], [39.24454171600007, 21.52317111800005], [39.24456130200008, 21.52313386200007], [39.24458088900008, 21.52309660600002], [39.24460047500003, 21.52305935100003], [39.24462006100003, 21.52302209500004], [39.24463964800003, 21.52298483900006], [39.24465923400004, 21.52294758400006], [39.24467882000005, 21.52291032800002], [39.24469840700004, 21.52287307200004], [39.24471799300005, 21.52283581700004], [39.24473757900006, 21.52279856100006], [39.24475716600006, 21.52276130500007], [39.24477675200006, 21.52272405000002], [39.24479633900006, 21.52268679400004], [39.24481592500007, 21.52264953800005], [39.24483551100008, 21.52261228300006], [39.24485509800007, 21.52257502700007], [39.24487468400002, 21.52253777100003], [39.24489427000003, 21.52250051600004], [39.24491385700003, 21.52246326000005], [39.24493344300004, 21.52242600400007], [39.24495473000007, 21.52238772500004], [39.24497601600007, 21.52234944500003], [39.24499730300005, 21.52231116600007], [39.24501858900004, 21.52227288600005], [39.24503987600008, 21.52223460600004], [39.24506116300006, 21.52219632700007], [39.24508244900005, 21.52215804700006], [39.24510373600003, 21.52211976700005], [39.24512502200002, 21.52208148800003], [39.24514630900006, 21.52204320800007], [39.24516759600004, 21.52200492900005], [39.24518888200004, 21.52196664900003], [39.24521016900007, 21.52192836900002], [39.24523145500007, 21.52189009000006], [39.24525311500003, 21.52185289100004], [39.24527482900004, 21.52181572500007], [39.24529659700005, 21.52177859000005], [39.24531842000005, 21.52174148700004], [39.24534029700004, 21.52170441700002], [39.24536222900008, 21.52166737800007], [39.24538421500006, 21.52163037200006], [39.24540625500003, 21.52159339800005], [39.24542835000005, 21.52155645600004], [39.24545049800003, 21.52151954700003], [39.24547270100004, 21.52148267100006], [39.24549495800005, 21.52144582700004], [39.24551726900006, 21.52140901500007], [39.24553963400007, 21.52137223700004], [39.24556205300007, 21.52133549100006], [39.24558452600007, 21.52129877800007], [39.24560705200003, 21.52126209900007], [39.24562963300008, 21.52122545200007], [39.24565226700003, 21.52118883900005], [39.24567495500003, 21.52115225800003], [39.24569769600004, 21.52111571200004], [39.24572049100004, 21.52107919800005], [39.24574334000005, 21.52104271800005], [39.24576624200006, 21.52100627200002], [39.24578919800007, 21.52096985900005], [39.24581220700003, 21.52093348000005], [39.24583526900005, 21.52089713500004], [39.24585754200007, 21.52085979100008], [39.24588004400005, 21.52082258600007], [39.24590277600004, 21.52078552000006], [39.24592573600006, 21.52074859500004], [39.24594892400006, 21.52071181200006], [39.24597233800006, 21.52067517300003], [39.24599597800005, 21.52063868000005], [39.24601984200007, 21.52060233300006], [39.24604393000004, 21.52056613400003], [39.24606824200004, 21.52053008400003], [39.24609277500008, 21.52049418500008], [39.24611752900006, 21.52045843800005], [39.24614250400003, 21.52042284500004], [39.24616769700003, 21.52038740600005], [39.24619310900005, 21.52035212400006], [39.24621873800004, 21.52031699900004], [39.24624458400007, 21.52028203200007], [39.24627064400005, 21.52024722600004]]}, "properties": {"name": "طريق الحرمين", "street": "طريق الحرمين", "segment_code": "1104030033", "from_street": "", "to_street": "", "main_street_code": "0033", "region_no": "110403", "direction": "N", "direction_label": "شمال", "municipality": "بلدية ابرق الرغامة", "district": "النخيل", "sub_district": "النخيل 2", "length_m": "1914.996599", "width_m": "14.8", "area_m2": "7085.449153", "street_type": "طريق سريع", "color": "#f59e0b"}}, {"type": "Feature", "geometry": {"type": "LineString", "coordinates": [[39.24236692851895, 21.52806641587408], [39.24283255031968, 21.52683385083134], [39.24330072738802, 21.52568093733063], [39.24358583385513, 21.52505898573941], [39.24384554176198, 21.5245279104958], [39.24407915712086, 21.52405156544931]]}, "properties": {"name": "طريق الحرمين", "street": "طريق الحرمين", "segment_code": "1104030033R1", "from_street": "", "to_street": "", "main_street_code": "0033", "region_no": "110403", "direction": "N", "direction_label": "شمال", "municipality": "بلدية ابرق الرغامة", "district": "النخيل", "sub_district": "النخيل 2", "length_m": "1914.996599", "width_m": "14.8", "area_m2": "7085.50017", "street_type": "طريق سريع", "color": "#f59e0b"}}, {"type": "Feature", "geometry": {"type": "LineString", "coordinates": [[39.241074860608, 21.53221896207456], [39.24119546450707, 21.53183241431645], [39.24185614312972, 21.52965130307949], [39.24201366840798, 21.52912037893588], [39.24216614679721, 21.52862770986476], [39.2423645087159, 21.52807282136872], [39.24236692851895, 21.52806641587408]]}, "properties": {"name": "طريق الحرمين", "street": "طريق الحرمين", "segment_code": "1104030033R2", "from_street": "", "to_street": "", "main_street_code": "0033", "region_no": "110403", "direction": "N", "direction_label": "شمال", "municipality": "بلدية ابرق الرغامة", "district": "النخيل", "sub_district": "النخيل 2", "length_m": "1914.996599", "width_m": "14.8", "area_m2": "7085.50017", "street_type": "طريق سريع", "color": "#f59e0b"}}, {"type": "Feature", "geometry": {"type": "LineString", "coordinates": [[39.23977838452283, 21.53637090559269], [39.24051941279348, 21.53399920151385], [39.241074860608, 21.53221896207456]]}, "properties": {"name": "طريق الحرمين", "street": "طريق الحرمين", "segment_code": "1104030033R3", "from_street": "", "to_street": "", "main_street_code": "0033", "region_no": "110403", "direction": "N", "direction_label": "شمال", "municipality": "بلدية ابرق الرغامة", "district": "النخيل", "sub_district": "النخيل 2", "length_m": "1914.996599", "width_m": "14.8", "area_m2": "7085.50017", "street_type": "طريق سريع", "color": "#f59e0b"}}, {"type": "Feature", "geometry": {"type": "LineString", "coordinates": [[39.23863679791625, 21.54001227350417], [39.23893570664754, 21.53905858019579]]}, "properties": {"name": "طريق الحرمين", "street": "طريق الحرمين", "segment_code": "1104050033", "from_street": "", "to_street": "", "main_street_code": "0033", "region_no": "110405", "direction": "N", "direction_label": "شمال", "municipality": "بلدية ابرق الرغامة", "district": "النخيل", "sub_district": "النخيل 2", "length_m": "109.99999", "width_m": "14.8", "area_m2": "1627.999851", "street_type": "طريق سريع", "color": "#f59e0b"}}, {"type": "Feature", "geometry": {"type": "LineString", "coordinates": [[39.23817492968851, 21.54148618658482], [39.23863679791625, 21.54001227350417]]}, "properties": {"name": "طريق الحرمين", "street": "طريق الحرمين", "segment_code": "1606200033", "from_street": "", "to_street": "", "main_street_code": "0033", "region_no": "160620", "direction": "N", "direction_label": "شمال", "municipality": "بلدية ابرق الرغامة", "district": "الواحة", "sub_district": "الواحة 1", "length_m": "170.000001", "width_m": "14.8", "area_m2": "2516.000008", "street_type": "طريق سريع", "color": "#f59e0b"}}, {"type": "Feature", "geometry": {"type": "LineString", "coordinates": [[39.2389357742572, 21.5390590145753], [39.2390372306428, 21.53874307960208], [39.23977828261499, 21.53637137926547]]}, "properties": {"name": "طريق الحرمين", "street": "طريق الحرمين", "segment_code": "1104060033", "from_street": "", "to_street": "", "main_street_code": "0033", "region_no": "110406", "direction": "N", "direction_label": "شمال", "municipality": "بلدية ابرق الرغامة", "district": "النخيل", "sub_district": "النخيل 2", "length_m": "310.000019", "width_m": "14.8", "area_m2": "4588.000285", "street_type": "طريق سريع", "color": "#f59e0b"}}, {"type": "Feature", "geometry": {"type": "LineString", "coordinates": [[39.22655399800004, 21.59340482000005], [39.22656178600005, 21.59337507000004], [39.22656955400004, 21.59334531500002], [39.22657730400005, 21.59331555500006], [39.22658503400004, 21.59328579000004], [39.22659274500006, 21.59325602000007], [39.22660043700006, 21.59322624600003], [39.22660811000003, 21.59319646600005], [39.22661576400003, 21.59316668100007], [39.22662339900006, 21.59313689200008], [39.22663101400008, 21.59310709700003], [39.22663861100006, 21.59307729800003], [39.22664618800007, 21.59304749400007], [39.22665374700006, 21.59301768500006], [39.22666128600008, 21.59298787100005], [39.22666880600008, 21.59295805200003], [39.22667630700005, 21.59292822800006], [39.22668378800006, 21.59289840000002], [39.22669125100003, 21.59286856700004], [39.22669869400005, 21.59283872900005], [39.22670611900003, 21.59280888600006], [39.22671352400005, 21.59277903900005], [39.22672091000004, 21.59274918600005], [39.22672827700006, 21.59271932900003], [39.22673562400007, 21.59268946800006], [39.22674295300004, 21.59265960100004], [39.22675026200005, 21.59262973000006], [39.22675755200004, 21.59259985400007], [39.22676482300005, 21.59256997400007], [39.22677207500004, 21.59254008900007], [39.22677930700007, 21.59251019900006], [39.22678652100007, 21.59248030500004], [39.22679371500004, 21.59245040600007], [39.22680089000005, 21.59242050200004], [39.22680804600003, 21.59239059400005], [39.22681518300004, 21.59236068100006], [39.22682230000004, 21.59233076400005], [39.22682939800006, 21.59230084200004], [39.22683647800005, 21.59227091500003], [39.22684353700004, 21.59224098400006], [39.22685057800004, 21.59221104900007], [39.22685759900003, 21.59218110900002], [39.22686460200003, 21.59215116400003], [39.22687158500003, 21.59212121500008], [39.22687854800006, 21.59209126100006], [39.22688549300005, 21.59206130300004], [39.22689241800003, 21.59203134100005], [39.22689932400004, 21.59200137400006], [39.22690621100003, 21.59197140300006], [39.22691307900004, 21.59194142700005], [39.22691992700004, 21.59191144700003], [39.22692675600007, 21.59188146200006], [39.22693356600007, 21.59185147400007], [39.22694035700005, 21.59182148000008], [39.22694712800006, 21.59179148300007], [39.22695388000005, 21.59176148100005], [39.22696061300007, 21.59173147400003], [39.22696732700007, 21.59170146400004], [39.22697402100005, 21.59167144900005], [39.22698069700004, 21.59164143000004], [39.22698735200004, 21.59161140600003], [39.22699398900005, 21.59158137900005], [39.22700060600005, 21.59155134700006], [39.22700720400007, 21.59152131000008], [39.22701378300007, 21.59149127000006], [39.22702034200006, 21.59146122500005], [39.22702688300006, 21.59143117600007], [39.22703340400005, 21.59140112300003], [39.22703997200006, 21.59137090000007], [39.22704654000006, 21.59134067600007], [39.22705310900005, 21.59131045300006], [39.22705967700006, 21.59128022900006], [39.22706624600005, 21.59125000600005], [39.22707281400005, 21.59121978200005], [39.22707938200006, 21.59118955900004], [39.22708595100005, 21.59115933500004], [39.22709251900005, 21.59112911200003], [39.22709908700006, 21.59109888800003], [39.22710565600005, 21.59106866400003], [39.22711222400005, 21.59103844100002], [39.22711879300005, 21.59100821700002], [39.22712536100005, 21.59097799400007], [39.22713192900005, 21.59094777000007], [39.22713849800004, 21.59091754700006], [39.22714506600005, 21.59088732300006], [39.22715163400005, 21.59085710000005], [39.22715820300004, 21.59082687600005], [39.22716477100005, 21.59079665300004], [39.22717134000004, 21.59076642900004], [39.22717790800004, 21.59073620600003], [39.22718447600005, 21.59070598200003], [39.22719104500004, 21.59067575900008], [39.22719761300004, 21.59064553500008], [39.22720418200004, 21.59061531100002], [39.22721075000004, 21.59058508800007], [39.22721731800004, 21.59055486400007], [39.22722388700004, 21.59052464100006], [39.22723045500004, 21.59049441700006], [39.22723702300004, 21.59046419400005], [39.22724359200004, 21.59043397000005], [39.22725016000004, 21.59040374700004], [39.22725672900003, 21.59037352300004]]}, "properties": {"name": "طريق الحرمين", "street": "طريق الحرمين", "segment_code": "1203130033", "from_street": "", "to_street": "", "main_street_code": "0033", "region_no": "120313", "direction": "N", "direction_label": "شمال", "municipality": "بلدية بريمان", "district": "المنار", "sub_district": "المنار 1", "length_m": "1029.995737", "width_m": "14.8", "area_m2": "5081.319092", "street_type": "طريق سريع", "color": "#f59e0b"}}, {"type": "Feature", "geometry": {"type": "LineString", "coordinates": [[39.22566722900007, 21.59639342000003], [39.22567552500004, 21.59636698300005], [39.22568382000003, 21.59634054600008], [39.22569354100006, 21.59631117900005], [39.22570324300005, 21.59628180500005], [39.22571292600003, 21.59625242500005], [39.22572259000003, 21.59622303900005], [39.22573223500007, 21.59619364700006], [39.22574186200006, 21.59616424900003], [39.22575146900004, 21.59613484400006], [39.22576105800005, 21.59610543400004], [39.22577062700003, 21.59607601700003], [39.22578017800004, 21.59604659400003], [39.22578971000007, 21.59601716500003], [39.22579922300002, 21.59598773000005], [39.22580871700006, 21.59595828800008], [39.22581819200008, 21.59592884100005], [39.22582764800006, 21.59589938700003], [39.22583708500008, 21.59586992800007], [39.22584650300007, 21.59584046200007], [39.22585590300002, 21.59581099000007], [39.22586528300008, 21.59578151300008], [39.22587464500003, 21.59575202900004], [39.22588398700003, 21.59572253900006], [39.22589331100005, 21.59569304300004], [39.22590261500005, 21.59566354100008], [39.22591190100007, 21.59563403400006], [39.22592116700002, 21.59560452000005], [39.22593041500005, 21.59557500000005], [39.22593964400005, 21.59554547500005], [39.22594885300003, 21.59551594300007], [39.22595804400004, 21.59548640600008], [39.22596721600007, 21.59545686200005], [39.22597636800003, 21.59542731300007], [39.22598550200007, 21.59539775800005], [39.22599461700003, 21.59536819700003], [39.22600371200008, 21.59533863000007], [39.22601278900004, 21.59530905800005], [39.22602184700003, 21.59527947900006], [39.22603088600005, 21.59524989500005], [39.22603990500005, 21.59522030500005], [39.22604890600007, 21.59519070900006], [39.22605788800007, 21.59516110700002], [39.22606685000005, 21.59513150000004], [39.22607579400005, 21.59510188700006], [39.22608471800004, 21.59507226800002], [39.22609362400004, 21.59504264300006], [39.22610251000003, 21.59501301300003], [39.22611137700005, 21.59498337600007], [39.22612022600003, 21.59495373500005], [39.22612905500006, 21.59492408700004], [39.22613786500006, 21.59489443400003], [39.22614665600003, 21.59486477500008], [39.22615542900007, 21.59483511100007], [39.22616418200005, 21.59480544100006], [39.22617291600005, 21.59477576500007], [39.22618163000004, 21.59474608400006], [39.22619032600005, 21.59471639700007], [39.22619900300003, 21.59468670400003], [39.22620766100005, 21.59465700600003], [39.22621629900004, 21.59462730300004], [39.22622491800007, 21.59459759400005], [39.22623351900006, 21.59456787900007], [39.22624210000004, 21.59453815900002], [39.22625066200004, 21.59450843300004], [39.22625920500008, 21.59447870200006], [39.22626772900003, 21.59444896500003], [39.22627623400007, 21.59441922300005], [39.22628472000008, 21.59438947500007], [39.22629318600008, 21.59435972200004], [39.22630163400004, 21.59432996400005], [39.22631006200004, 21.59430020000008], [39.22631847100007, 21.59427043000005], [39.22632686100008, 21.59424065500008], [39.22633523200005, 21.59421087500004], [39.22634358400006, 21.59418109000006], [39.22635191600006, 21.59415129900003], [39.22636023000007, 21.59412150300005], [39.22636852400007, 21.59409170100002], [39.22637679900004, 21.59406189400005], [39.22638505500004, 21.59403208200007], [39.22639329200007, 21.59400226400004], [39.22640150900003, 21.59397244200005], [39.22640970800006, 21.59394261400007], [39.22641788700003, 21.59391278000004], [39.22642604700007, 21.59388294200005], [39.22643418800004, 21.59385309800007], [39.22644231000004, 21.59382324900002], [39.22645041300007, 21.59379339500003], [39.22645849600008, 21.59376353500005], [39.22646656000006, 21.59373367000006], [39.22647460500008, 21.59370380100006], [39.22648263100007, 21.59367392600006], [39.22649063700004, 21.59364404500008], [39.22649862500003, 21.59361416000007], [39.22650659300007, 21.59358427000006], [39.22651454200007, 21.59355437400006], [39.22652247200006, 21.59352447300006], [39.22653038200008, 21.59349456800004], [39.22653827300007, 21.59346465700003], [39.22654614500004, 21.59343474100007], [39.22655399800004, 21.59340482000005]]}, "properties": {"name": "طريق الحرمين", "street": "طريق الحرمين", "segment_code": "1203130033R1", "from_street": "", "to_street": "", "main_street_code": "0033", "region_no": "120313", "direction": "N", "direction_label": "شمال", "municipality": "بلدية بريمان", "district": "المنار", "sub_district": "المنار 1", "length_m": "1029.995737", "width_m": "14.8", "area_m2": "5081.312599", "street_type": "طريق سريع", "color": "#f59e0b"}}, {"type": "Feature", "geometry": {"type": "LineString", "coordinates": [[39.22464181300006, 21.59934302600004], [39.22465282800005, 21.59931413100003], [39.22466382700003, 21.59928523000008], [39.22467480800003, 21.59925632300008], [39.22468577200004, 21.59922740900004], [39.22469672000005, 21.59919848800007], [39.22470764900004, 21.59916956100005], [39.22471856200008, 21.59914062800004], [39.22472945800007, 21.59911168800005], [39.22474033600002, 21.59908274100007], [39.22475119800004, 21.59905378900004], [39.22476204200007, 21.59902482900003], [39.22477286900005, 21.59899586400007], [39.22478367900004, 21.59896689100003], [39.22479447100005, 21.59893791300004], [39.22480524700006, 21.59890892800007], [39.22481600500004, 21.59887993700005], [39.22482674600008, 21.59885093900004], [39.22483747000007, 21.59882193500005], [39.22484817600008, 21.59879292400007], [39.22485886600003, 21.59876390800002], [39.22486953800006, 21.59873488400007], [39.22488019300005, 21.59870585500005], [39.22489083100004, 21.59867681900005], [39.22490145100005, 21.59864777700005], [39.22491205400007, 21.59861872900007], [39.22492264000005, 21.59858967400004], [39.22493320900003, 21.59856061300007], [39.22494376100008, 21.59853154600006], [39.22495429500003, 21.59850247300005], [39.22496481200005, 21.59847339300006], [39.22497531200003, 21.59844430700002], [39.22498579500007, 21.59841521500005], [39.22499626000007, 21.59838611700008], [39.22500670800008, 21.59835701200006], [39.22501713900004, 21.59832790200005], [39.22502755300007, 21.59829878500005], [39.22503794900007, 21.59826966200006], [39.22504832800007, 21.59824053200003], [39.22505869000003, 21.59821139700006], [39.22506903400006, 21.59818225600003], [39.22507936200003, 21.59815310800008], [39.22508967200002, 21.59812395400007], [39.22509996400004, 21.59809479400008], [39.22511024000005, 21.59806562800003], [39.22512049800008, 21.59803645600005], [39.22513073800008, 21.59800727800007], [39.22514096200007, 21.59797809400004], [39.22515116800002, 21.59794890400008], [39.22516135700005, 21.59791970700007], [39.22517152800003, 21.59789050500007], [39.22518168200003, 21.59786129700007], [39.22519181900003, 21.59783208200002], [39.22520193900004, 21.59780286200004], [39.22521204100008, 21.59777363500007], [39.22522212600006, 21.59774440300004], [39.22523219300007, 21.59771516500007], [39.22524224300003, 21.59768592000006], [39.22525227600005, 21.59765667000005], [39.22526229100004, 21.59762741400004], [39.22527229000008, 21.59759815200005], [39.22528227000004, 21.59756888300006], [39.22529223400005, 21.59753960900002], [39.22530218000003, 21.59751033000003], [39.22531210800003, 21.59748104400006], [39.22532202000008, 21.59745175200004], [39.22533191400004, 21.59742245500007], [39.22534179000007, 21.59739315100006], [39.22535164900006, 21.59736384200005], [39.22536149100006, 21.59733452700004], [39.22537131600006, 21.59730520600004], [39.22538112300003, 21.59727587900005], [39.22539091200008, 21.59724654600006], [39.22540068400008, 21.59721720800007], [39.22541043900003, 21.59718786400003], [39.22542017700005, 21.59715851400006], [39.22542989700003, 21.59712915800003], [39.22543959900003, 21.59709979700006], [39.22544928400004, 21.59707043000003], [39.22545895200005, 21.59704105700007], [39.22546860200003, 21.59701167800006], [39.22547823500003, 21.59698229300005], [39.22548785100003, 21.59695290300004], [39.22549744900004, 21.59692350800003], [39.22550702900003, 21.59689410600004], [39.22551659300007, 21.59686469900004], [39.22552613800008, 21.59683528600004], [39.22553566700003, 21.59680586700006], [39.22554517700007, 21.59677644300007], [39.22555467100005, 21.59674701400007], [39.22556414700006, 21.59671757800004], [39.22557360500008, 21.59668813700006], [39.22558304600005, 21.59665869000003], [39.22559247000004, 21.59662923800005], [39.22560187600004, 21.59659978000008], [39.22561126400007, 21.59657031700004], [39.22562063500004, 21.59654084800007], [39.22562998900003, 21.59651137400004], [39.22563932500003, 21.59648189400008], [39.22564864400005, 21.59645240800006], [39.22565794500008, 21.59642291700004], [39.22566722900007, 21.59639342000003]]}, "properties": {"name": "طريق الحرمين", "street": "طريق الحرمين", "segment_code": "1203130033R2", "from_street": "", "to_street": "", "main_street_code": "0033", "region_no": "120313", "direction": "N", "direction_label": "شمال", "municipality": "بلدية بريمان", "district": "المنار", "sub_district": "المنار 1", "length_m": "1029.995737", "width_m": "14.8", "area_m2": "5081.30615", "street_type": "طريق سريع", "color": "#f59e0b"}}, {"type": "Feature", "geometry": {"type": "LineString", "coordinates": [[39.22391175229702, 21.60055517915195], [39.2235832018744, 21.60142979751334], [39.22306623908404, 21.60282982062489], [39.22252782056775, 21.6042213176093], [39.22251306903293, 21.6042612441586]]}, "properties": {"name": "طريق الحرمين", "street": "طريق الحرمين", "segment_code": "0602770033", "from_street": "", "to_street": "", "main_street_code": "0033", "region_no": "060277", "direction": "S", "direction_label": "جنوب", "municipality": "بلدية المطار", "district": "الصفا", "sub_district": "الصفا 12", "length_m": "870.000035", "width_m": "14.8", "area_m2": "6438.000261", "street_type": "طريق سريع", "color": "#f59e0b"}}, {"type": "Feature", "geometry": {"type": "LineString", "coordinates": [[39.22523602568663, 21.59682575381504], [39.22521700954127, 21.5968848594894], [39.22507788364238, 21.59732379109719], [39.22475585273373, 21.59826467349062], [39.22447743951982, 21.59901050154171], [39.22444057937685, 21.59910958076346], [39.22439633645676, 21.59922850747851], [39.22434850863468, 21.59935553774391], [39.22415258859041, 21.59990026951747], [39.22403604026453, 21.60022431520692], [39.22391175229702, 21.60055517915195]]}, "properties": {"name": "طريق الحرمين", "street": "طريق الحرمين", "segment_code": "0602770033L1", "from_street": "", "to_street": "", "main_street_code": "0033", "region_no": "060277", "direction": "S", "direction_label": "جنوب", "municipality": "بلدية المطار", "district": "الصفا", "sub_district": "الصفا 12", "length_m": "870.000035", "width_m": "14.8", "area_m2": "6438.000261", "street_type": "طريق سريع", "color": "#f59e0b"}}, {"type": "Feature", "geometry": {"type": "LineString", "coordinates": [[39.22178570364669, 21.60702228814983], [39.22290077231859, 21.60403693527592]]}, "properties": {"name": "طريق الحرمين", "street": "طريق الحرمين", "segment_code": "1203150033", "from_street": "", "to_street": "", "main_street_code": "0033", "region_no": "120315", "direction": "N", "direction_label": "شمال", "municipality": "بلدية بريمان", "district": "المنار", "sub_district": "المنار 2", "length_m": "349.999967", "width_m": "14.8", "area_m2": "5179.99951", "street_type": "طريق سريع", "color": "#f59e0b"}}, {"type": "Feature", "geometry": {"type": "LineString", "coordinates": [[39.22131901257871, 21.60825749836278], [39.22133248673066, 21.60821912744453], [39.22162514667018, 21.60744782794027], [39.22171371626306, 21.60720792208215], [39.22178570364669, 21.60702228814983]]}, "properties": {"name": "طريق الحرمين", "street": "طريق الحرمين", "segment_code": "1203160033", "from_street": "", "to_street": "", "main_street_code": "0033", "region_no": "120316", "direction": "N", "direction_label": "شمال", "municipality": "بلدية بريمان", "district": "المنار", "sub_district": "المنار 2", "length_m": "144.999989", "width_m": "14.8", "area_m2": "2145.999843", "street_type": "طريق سريع", "color": "#f59e0b"}}, {"type": "Feature", "geometry": {"type": "LineString", "coordinates": [[39.22084933521576, 21.60949712456049], [39.22115692999276, 21.60868792604567], [39.22124550107663, 21.6084480204595], [39.22131748967622, 21.60826238678154]]}, "properties": {"name": "طريق الحرمين", "street": "طريق الحرمين", "segment_code": "1205160033", "from_street": "", "to_street": "", "main_street_code": "0033", "region_no": "120516", "direction": "N", "direction_label": "شمال", "municipality": "بلدية بريمان", "district": "بريمان", "sub_district": "بريمان 1", "length_m": "144.999998", "width_m": "14.8", "area_m2": "2145.999977", "street_type": "طريق سريع", "color": "#f59e0b"}}, {"type": "Feature", "geometry": {"type": "LineString", "coordinates": [[39.21965510969548, 21.61264795243328], [39.22026256519279, 21.61102582696552], [39.22035113916044, 21.61078592189817], [39.22084933521576, 21.60949712456049]]}, "properties": {"name": "طريق الحرمين", "street": "طريق الحرمين", "segment_code": "1205100033", "from_street": "", "to_street": "", "main_street_code": "0033", "region_no": "120510", "direction": "N", "direction_label": "شمال", "municipality": "بلدية بريمان", "district": "بريمان", "sub_district": "بريمان 1", "length_m": "370.000017", "width_m": "14.8", "area_m2": "5476.000252", "street_type": "طريق سريع", "color": "#f59e0b"}}, {"type": "Feature", "geometry": {"type": "LineString", "coordinates": [[39.21829423111949, 21.61631653958943], [39.21891898953717, 21.61461169602378], [39.21896818075137, 21.61448091348939], [39.21921293739754, 21.61383022568863], [39.21926436932482, 21.61369349386438], [39.21945769188304, 21.61317954056281], [39.21952687733344, 21.61299560096669], [39.21965528788284, 21.61264525612873]]}, "properties": {"name": "طريق الحرمين", "street": "طريق الحرمين", "segment_code": "1205200033", "from_street": "", "to_street": "", "main_street_code": "0033", "region_no": "120520", "direction": "N", "direction_label": "شمال", "municipality": "بلدية بريمان", "district": "بريمان", "sub_district": "بريمان 1", "length_m": "2150.356226", "width_m": "14.8", "area_m2": "6365.054429", "street_type": "طريق سريع", "color": "#f59e0b"}}, {"type": "Feature", "geometry": {"type": "LineString", "coordinates": [[39.21694713269405, 21.61999236461449], [39.21829423111949, 21.61631653958943]]}, "properties": {"name": "طريق الحرمين", "street": "طريق الحرمين", "segment_code": "1205200033R1", "from_street": "", "to_street": "", "main_street_code": "0033", "region_no": "120520", "direction": "N", "direction_label": "شمال", "municipality": "بلدية بريمان", "district": "بريمان", "sub_district": "بريمان 1", "length_m": "2150.356226", "width_m": "14.8", "area_m2": "6365.054429", "street_type": "طريق سريع", "color": "#f59e0b"}}, {"type": "Feature", "geometry": {"type": "LineString", "coordinates": [[39.21559996694167, 21.62366817767351], [39.21694713269405, 21.61999236461449]]}, "properties": {"name": "طريق الحرمين", "street": "طريق الحرمين", "segment_code": "1205200033R2", "from_street": "", "to_street": "", "main_street_code": "0033", "region_no": "120520", "direction": "N", "direction_label": "شمال", "municipality": "بلدية بريمان", "district": "بريمان", "sub_district": "بريمان 1", "length_m": "2150.356226", "width_m": "14.8", "area_m2": "6365.054429", "street_type": "طريق سريع", "color": "#f59e0b"}}, {"type": "Feature", "geometry": {"type": "LineString", "coordinates": [[39.2142400835128, 21.62733980573471], [39.214494150001, 21.62668531146209], [39.21559996694167, 21.62366817767351]]}, "properties": {"name": "طريق الحرمين", "street": "طريق الحرمين", "segment_code": "1205200033R3", "from_street": "", "to_street": "", "main_street_code": "0033", "region_no": "120520", "direction": "N", "direction_label": "شمال", "municipality": "بلدية بريمان", "district": "بريمان", "sub_district": "بريمان 1", "length_m": "2150.356226", "width_m": "14.8", "area_m2": "6365.054429", "street_type": "طريق سريع", "color": "#f59e0b"}}, {"type": "Feature", "geometry": {"type": "LineString", "coordinates": [[39.23749912299393, 21.54374859988072], [39.23817492968851, 21.54148618658482]]}, "properties": {"name": "طريق الحرمين", "street": "طريق الحرمين", "segment_code": "1606180033", "from_street": "", "to_street": "", "main_street_code": "0033", "region_no": "160618", "direction": "N", "direction_label": "شمال", "municipality": "بلدية ابرق الرغامة", "district": "الواحة", "sub_district": "الواحة 1", "length_m": "260.000014", "width_m": "14.8", "area_m2": "3848.000212", "street_type": "طريق سريع", "color": "#f59e0b"}}, {"type": "Feature", "geometry": {"type": "LineString", "coordinates": [[39.23532748672925, 21.55070039765204], [39.23570911125867, 21.54949398743844], [39.23656469249038, 21.54674057458033]]}, "properties": {"name": "طريق الحرمين", "street": "طريق الحرمين", "segment_code": "1606050033", "from_street": "", "to_street": "", "main_street_code": "0033", "region_no": "160605", "direction": "N", "direction_label": "شمال", "municipality": "بلدية ابرق الرغامة", "district": "الواحة", "sub_district": "الواحة 2", "length_m": "1369.848565", "width_m": "14.8", "area_m2": "6757.919587", "street_type": "طريق سريع", "color": "#f59e0b"}}, {"type": "Feature", "geometry": {"type": "LineString", "coordinates": [[39.23411140181307, 21.55466589926558], [39.23441325361357, 21.55365635161509], [39.23484544486429, 21.55227880642213], [39.23527755868111, 21.5508582311243], [39.23532748672925, 21.55070039765204]]}, "properties": {"name": "طريق الحرمين", "street": "طريق الحرمين", "segment_code": "1606050033R1", "from_street": "", "to_street": "", "main_street_code": "0033", "region_no": "160605", "direction": "N", "direction_label": "شمال", "municipality": "بلدية ابرق الرغامة", "district": "الواحة", "sub_district": "الواحة 2", "length_m": "1369.848565", "width_m": "14.8", "area_m2": "6757.919587", "street_type": "طريق سريع", "color": "#f59e0b"}}, {"type": "Feature", "geometry": {"type": "LineString", "coordinates": [[39.23299781068683, 21.55865732021487], [39.23330012402672, 21.55747795539059], [39.23385407545889, 21.55552651957158], [39.23411140181307, 21.55466589926558]]}, "properties": {"name": "طريق الحرمين", "street": "طريق الحرمين", "segment_code": "1606050033R2", "from_street": "", "to_street": "", "main_street_code": "0033", "region_no": "160605", "direction": "N", "direction_label": "شمال", "municipality": "بلدية ابرق الرغامة", "district": "الواحة", "sub_district": "الواحة 2", "length_m": "1369.848565", "width_m": "14.8", "area_m2": "6757.919587", "street_type": "طريق سريع", "color": "#f59e0b"}}, {"type": "Feature", "geometry": {"type": "LineString", "coordinates": [[39.23225797797698, 21.56211158313037], [39.2324346654629, 21.56113399354959], [39.23256150516097, 21.56054814108657], [39.23271475773034, 21.55991898843084], [39.23299781068683, 21.55865732021487]]}, "properties": {"name": "طريق الحرمين", "street": "طريق الحرمين", "segment_code": "1606070033", "from_street": "", "to_street": "", "main_street_code": "0033", "region_no": "160607", "direction": "N", "direction_label": "شمال", "municipality": "بلدية ابرق الرغامة", "district": "الواحة", "sub_district": "الواحة 4", "length_m": "389.999979", "width_m": "14.8", "area_m2": "5771.999695", "street_type": "طريق سريع", "color": "#f59e0b"}}, {"type": "Feature", "geometry": {"type": "LineString", "coordinates": [[39.23156518158662, 21.5659356651201], [39.23202220889193, 21.56337522297551], [39.23225737114715, 21.5621049764078]]}, "properties": {"name": "طريق الحرمين", "street": "طريق الحرمين", "segment_code": "1606210033", "from_street": "", "to_street": "", "main_street_code": "0033", "region_no": "160621", "direction": "N", "direction_label": "شمال", "municipality": "بلدية ابرق الرغامة", "district": "الواحة", "sub_district": "الواحة 4", "length_m": "430.000013", "width_m": "14.8", "area_m2": "6364.000193", "street_type": "طريق سريع", "color": "#f59e0b"}}, {"type": "Feature", "geometry": {"type": "LineString", "coordinates": [[39.23110273952618, 21.56848000081691], [39.23135725936826, 21.56705414432973]]}, "properties": {"name": "طريق الحرمين", "street": "طريق الحرمين", "segment_code": "1201120033", "from_street": "", "to_street": "", "main_street_code": "0033", "region_no": "120112", "direction": "N", "direction_label": "شمال", "municipality": "بلدية بريمان", "district": "السامر", "sub_district": "السامر 1", "length_m": "160.000002", "width_m": "14.8", "area_m2": "2368.000033", "street_type": "طريق سريع", "color": "#f59e0b"}}, {"type": "Feature", "geometry": {"type": "LineString", "coordinates": [[39.23135938126395, 21.56704848521121], [39.23146938147771, 21.56643223742557], [39.23156518158662, 21.5659356651201]]}, "properties": {"name": "طريق الحرمين", "street": "طريق الحرمين", "segment_code": "1606220033", "from_street": "", "to_street": "", "main_street_code": "0033", "region_no": "160622", "direction": "N", "direction_label": "شمال", "municipality": "بلدية ابرق الرغامة", "district": "الواحة", "sub_district": "الواحة 4", "length_m": "125.000029", "width_m": "14.8", "area_m2": "1850.000422", "street_type": "طريق سريع", "color": "#f59e0b"}}, {"type": "Feature", "geometry": {"type": "LineString", "coordinates": [[39.23051360098569, 21.57187190477195], [39.23110077148004, 21.56848283101191]]}, "properties": {"name": "طريق الحرمين", "street": "طريق الحرمين", "segment_code": "1201130033", "from_street": "", "to_street": "", "main_street_code": "0033", "region_no": "120113", "direction": "N", "direction_label": "شمال", "municipality": "بلدية بريمان", "district": "السامر", "sub_district": "السامر 1", "length_m": "379.999957", "width_m": "14.8", "area_m2": "5623.999364", "street_type": "طريق سريع", "color": "#f59e0b"}}, {"type": "Feature", "geometry": {"type": "LineString", "coordinates": [[39.23002746624643, 21.57465847648216], [39.23051360098569, 21.57187190477195]]}, "properties": {"name": "طريق الحرمين", "street": "طريق الحرمين", "segment_code": "1201040033", "from_street": "", "to_street": "", "main_street_code": "0033", "region_no": "120104", "direction": "N", "direction_label": "شمال", "municipality": "بلدية بريمان", "district": "السامر", "sub_district": "السامر 1", "length_m": "625.000013", "width_m": "14.8", "area_m2": "4625.000095", "street_type": "طريق سريع", "color": "#f59e0b"}}, {"type": "Feature", "geometry": {"type": "LineString", "coordinates": [[39.2295413134437, 21.57744504600798], [39.23002746624643, 21.57465847648216]]}, "properties": {"name": "طريق الحرمين", "street": "طريق الحرمين", "segment_code": "1201040033R1", "from_street": "", "to_street": "", "main_street_code": "0033", "region_no": "120104", "direction": "N", "direction_label": "شمال", "municipality": "بلدية بريمان", "district": "السامر", "sub_district": "السامر 1", "length_m": "625.000013", "width_m": "14.8", "area_m2": "4625.000095", "street_type": "طريق سريع", "color": "#f59e0b"}}, {"type": "Feature", "geometry": {"type": "LineString", "coordinates": [[39.22904365388234, 21.58032452761993], [39.22954479471105, 21.57744870043377]]}, "properties": {"name": "طريق الحرمين", "street": "طريق الحرمين", "segment_code": "1201080033", "from_street": "", "to_street": "", "main_street_code": "0033", "region_no": "120108", "direction": "N", "direction_label": "شمال", "municipality": "بلدية بريمان", "district": "السامر", "sub_district": "السامر 1", "length_m": "645.000027", "width_m": "14.8", "area_m2": "4773.000197", "street_type": "طريق سريع", "color": "#f59e0b"}}, {"type": "Feature", "geometry": {"type": "LineString", "coordinates": [[39.22854249382864, 21.58320035248139], [39.22904365388234, 21.58032452761993]]}, "properties": {"name": "طريق الحرمين", "street": "طريق الحرمين", "segment_code": "1201080033R1", "from_street": "", "to_street": "", "main_street_code": "0033", "region_no": "120108", "direction": "N", "direction_label": "شمال", "municipality": "بلدية بريمان", "district": "السامر", "sub_district": "السامر 1", "length_m": "645.000027", "width_m": "14.8", "area_m2": "4773.000197", "street_type": "طريق سريع", "color": "#f59e0b"}}, {"type": "Feature", "geometry": {"type": "LineString", "coordinates": [[39.2279038761645, 21.5867876096835], [39.22854261988973, 21.58320044526233]]}, "properties": {"name": "طريق الحرمين", "street": "طريق الحرمين", "segment_code": "1201090033", "from_street": "", "to_street": "", "main_street_code": "0033", "region_no": "120109", "direction": "N", "direction_label": "شمال", "municipality": "بلدية بريمان", "district": "السامر", "sub_district": "السامر 2", "length_m": "805.000025", "width_m": "14.8", "area_m2": "5957.000189", "street_type": "طريق سريع", "color": "#f59e0b"}}, {"type": "Feature", "geometry": {"type": "LineString", "coordinates": [[39.22725780692343, 21.59037359973209], [39.22738925266125, 21.589677591196], [39.2279038761645, 21.5867876096835]]}, "properties": {"name": "طريق الحرمين", "street": "طريق الحرمين", "segment_code": "1201090033R1", "from_street": "", "to_street": "", "main_street_code": "0033", "region_no": "120109", "direction": "N", "direction_label": "شمال", "municipality": "بلدية بريمان", "district": "السامر", "sub_district": "السامر 2", "length_m": "805.000025", "width_m": "14.8", "area_m2": "5957.000189", "street_type": "طريق سريع", "color": "#f59e0b"}}, {"type": "Feature", "geometry": {"type": "LineString", "coordinates": [[39.21282218404983, 21.63099230595417], [39.2142400835128, 21.62733980573471]]}, "properties": {"name": "طريق الحرمين", "street": "طريق الحرمين", "segment_code": "1205200033R4", "from_street": "", "to_street": "", "main_street_code": "0033", "region_no": "120520", "direction": "N", "direction_label": "شمال", "municipality": "بلدية بريمان", "district": "بريمان", "sub_district": "بريمان 1", "length_m": "2150.356226", "width_m": "14.8", "area_m2": "6365.054429", "street_type": "طريق سريع", "color": "#f59e0b"}}, {"type": "Feature", "geometry": {"type": "LineString", "coordinates": [[39.21144336852982, 21.63470494302795], [39.21147378457406, 21.63462235337582], [39.21193222400187, 21.63340261668765], [39.21231732606928, 21.6323909459908], [39.21282218404979, 21.63099230595417]]}, "properties": {"name": "طريق الحرمين", "street": "طريق الحرمين", "segment_code": "1205270033", "from_street": "", "to_street": "", "main_street_code": "0033", "region_no": "120527", "direction": "N", "direction_label": "شمال", "municipality": "بلدية بريمان", "district": "بريمان", "sub_district": "بريمان 7", "length_m": "435.000006", "width_m": "14.8", "area_m2": "6438.000085", "street_type": "طريق سريع", "color": "#f59e0b"}}, {"type": "Feature", "geometry": {"type": "LineString", "coordinates": [[39.2109268905737, 21.63606661743269], [39.21124009637585, 21.63524382954742], [39.2112868299031, 21.63511204486493], [39.21139585466376, 21.63483329388605], [39.2114439138073, 21.6347042990014]]}, "properties": {"name": "طريق الحرمين", "street": "طريق الحرمين", "segment_code": "1205260033", "from_street": "", "to_street": "", "main_street_code": "0033", "region_no": "120526", "direction": "N", "direction_label": "شمال", "municipality": "بلدية بريمان", "district": "بريمان", "sub_district": "بريمان 7", "length_m": "159.999976", "width_m": "14.8", "area_m2": "2367.99964", "street_type": "طريق سريع", "color": "#f59e0b"}}, {"type": "Feature", "geometry": {"type": "LineString", "coordinates": [[39.23656469249038, 21.54674057458033], [39.23749912299393, 21.54374859988072]]}, "properties": {"name": "طريق الحرمين", "street": "طريق الحرمين", "segment_code": "1606010033", "from_street": "", "to_street": "", "main_street_code": "0033", "region_no": "160601", "direction": "N", "direction_label": "شمال", "municipality": "بلدية ابرق الرغامة", "district": "الواحة", "sub_district": "الواحة 1", "length_m": "345.000018", "width_m": "14.8", "area_m2": "5106.000273", "street_type": "طريق سريع", "color": "#f59e0b"}}, {"type": "Feature", "geometry": {"type": "LineString", "coordinates": [[39.23202049949447, 21.56173443930276], [39.23201638301639, 21.56175485841343], [39.23187923624971, 21.56239759227647], [39.23183416844724, 21.56268800887891], [39.23174053593655, 21.56320171507458]]}, "properties": {"name": "طريق الحرمين", "street": "طريق الحرمين", "segment_code": "0509160033", "from_street": "", "to_street": "", "main_street_code": "0033", "region_no": "050916", "direction": "S", "direction_label": "جنوب", "municipality": "بلدية العزيزية", "district": "الرحاب", "sub_district": "الرحاب 6", "length_m": "164.999996", "width_m": "14.8", "area_m2": "2441.999936", "street_type": "طريق سريع", "color": "#f59e0b"}}, {"type": "Feature", "geometry": {"type": "LineString", "coordinates": [[39.23270941658136, 21.55844799732105], [39.23221934142899, 21.56074810728184], [39.23202049949447, 21.56173443930281]]}, "properties": {"name": "طريق الحرمين", "street": "طريق الحرمين", "segment_code": "0509430033", "from_street": "", "to_street": "", "main_street_code": "0033", "region_no": "050943", "direction": "S", "direction_label": "جنوب", "municipality": "بلدية العزيزية", "district": "الرحاب", "sub_district": "الرحاب 6", "length_m": "370.678025", "width_m": "14.8", "area_m2": "5486.034765", "street_type": "طريق سريع", "color": "#f59e0b"}}, {"type": "Feature", "geometry": {"type": "LineString", "coordinates": [[39.2337577018229, 21.5546867713635], [39.23326005812275, 21.55653825670387], [39.23270941658136, 21.55844799732105]]}, "properties": {"name": "طريق الحرمين", "street": "طريق الحرمين", "segment_code": "0509150033", "from_street": "", "to_street": "", "main_street_code": "0033", "region_no": "050915", "direction": "S", "direction_label": "جنوب", "municipality": "بلدية العزيزية", "district": "الرحاب", "sub_district": "الرحاب 6", "length_m": "430.228223", "width_m": "14.8", "area_m2": "6367.377704", "street_type": "طريق سريع", "color": "#f59e0b"}}, {"type": "Feature", "geometry": {"type": "LineString", "coordinates": [[39.28495338638464, 21.4404121078954], [39.2816341050143, 21.44141066681194]]}, "properties": {"name": "طريق الفلاح", "street": "طريق الفلاح", "segment_code": "1010050108L2", "from_street": "عبد الملك بن دثار", "to_street": "بداية طريق جدة_مكة", "main_street_code": "0108", "region_no": "101005", "direction": "E", "direction_label": "شرق", "municipality": "بلدية الجنوب", "district": "الأمير فواز الجنوبى", "sub_district": "الأمير فواز الجنوبى 1", "length_m": "1083.809513", "width_m": "", "area_m2": "4010.095199", "street_type": "طريق سريع", "color": "#a78bfa"}}, {"type": "Feature", "geometry": {"type": "LineString", "coordinates": [[39.26538604096486, 21.4481530687935], [39.2649606880922, 21.44828264555737], [39.26410671148724, 21.4484807738903], [39.26336466943574, 21.44861381789277], [39.26276454365694, 21.44867966566195], [39.26132148231572, 21.44878305785017]]}, "properties": {"name": "طريق الفلاح", "street": "طريق الفلاح", "segment_code": "1005020108", "from_street": "نهاية كوبري الميناء المتجه لطريق مكة", "to_street": "نهاية حدود الجوهرة 2", "main_street_code": "0108", "region_no": "100502", "direction": "E", "direction_label": "شرق", "municipality": "بلدية المليساء", "district": "الجوهرة", "sub_district": "الجوهرة 2", "length_m": "856.730681", "width_m": "", "area_m2": "4754.85528", "street_type": "طريق سريع", "color": "#a78bfa"}}, {"type": "Feature", "geometry": {"type": "LineString", "coordinates": [[39.2690319104407, 21.446363738555], [39.26808061364859, 21.44696108148972], [39.26774748102613, 21.44714304156135], [39.26726287794728, 21.44740773597583], [39.26647069793418, 21.44777009127028], [39.2658823160359, 21.44800188509426], [39.26538604096486, 21.4481530687935]]}, "properties": {"name": "طريق الفلاح", "street": "طريق الفلاح", "segment_code": "1005020108L1", "from_street": "نهاية كوبري الميناء المتجه لطريق مكة", "to_street": "نهاية حدود الجوهرة 2", "main_street_code": "0108", "region_no": "100502", "direction": "E", "direction_label": "شرق", "municipality": "بلدية المليساء", "district": "الجوهرة", "sub_district": "الجوهرة 2", "length_m": "856.730681", "width_m": "", "area_m2": "4754.85528", "street_type": "طريق سريع", "color": "#a78bfa"}}, {"type": "Feature", "geometry": {"type": "LineString", "coordinates": [[39.2719501769455, 21.44446918929399], [39.27190781879444, 21.44449160861859], [39.27091138534263, 21.44505306788583], [39.26937002426244, 21.4461389164193], [39.2690319104407, 21.446363738555]]}, "properties": {"name": "طريق الفلاح", "street": "طريق الفلاح", "segment_code": "1007040108", "from_street": "نهاية حدود الجوهرة 2", "to_street": "أنس بن قتادة الأنصاري(رضي الله عنه)", "main_street_code": "0108", "region_no": "100704", "direction": "E", "direction_label": "شرق", "municipality": "بلدية الجنوب", "district": "الأمير عبد المجيد", "sub_district": "الأمير عبد المجيد 1", "length_m": "368.401061", "width_m": "", "area_m2": "4089.251781", "street_type": "طريق سريع", "color": "#a78bfa"}}, {"type": "Feature", "geometry": {"type": "LineString", "coordinates": [[39.27496933412666, 21.44332895233075], [39.27369985108021, 21.44373613796288], [39.27285204090542, 21.44403932761982], [39.2721856481137, 21.4443445609197], [39.2719501769455, 21.44446918929399]]}, "properties": {"name": "طريق الفلاح", "street": "طريق الفلاح", "segment_code": "1010040108", "from_street": "أنس بن قتادة الأنصاري(رضي الله عنه)", "to_street": "عبد الملك بن دثار", "main_street_code": "0108", "region_no": "101004", "direction": "E", "direction_label": "شرق", "municipality": "بلدية الجنوب", "district": "الأمير فواز الجنوبى", "sub_district": "الأمير فواز الجنوبى 1", "length_m": "337.990775", "width_m": "", "area_m2": "3751.697602", "street_type": "طريق سريع", "color": "#a78bfa"}}, {"type": "Feature", "geometry": {"type": "LineString", "coordinates": [[39.28061506671381, 21.44195390536568], [39.28261262507231, 21.4413744874442], [39.28498439476797, 21.44068485991531]]}, "properties": {"name": "طريق الفلاح", "street": "طريق الفلاح", "segment_code": "0207030108", "from_street": "بداية طريق جدة_مكة", "to_street": "أنس بن قتادة الأنصاري(رضي الله عنه)", "main_street_code": "0108", "region_no": "020703", "direction": "W", "direction_label": "غرب", "municipality": "بلدية الجامعة", "district": "الفاروق", "sub_district": "الفاروق 1", "length_m": "1422.126748", "width_m": "", "area_m2": "5261.868967", "street_type": "طريق سريع", "color": "#a78bfa"}}, {"type": "Feature", "geometry": {"type": "LineString", "coordinates": [[39.27624619996629, 21.44322445936723], [39.2765162590184, 21.44314591021355], [39.27920350952571, 21.44236332888652], [39.28061506671381, 21.44195390536568]]}, "properties": {"name": "طريق الفلاح", "street": "طريق الفلاح", "segment_code": "0207030108R1", "from_street": "بداية طريق جدة_مكة", "to_street": "أنس بن قتادة الأنصاري(رضي الله عنه)", "main_street_code": "0108", "region_no": "020703", "direction": "W", "direction_label": "غرب", "municipality": "بلدية الجامعة", "district": "الفاروق", "sub_district": "الفاروق 1", "length_m": "1422.126748", "width_m": "", "area_m2": "5261.868967", "street_type": "طريق سريع", "color": "#a78bfa"}}, {"type": "Feature", "geometry": {"type": "LineString", "coordinates": [[39.27197365747305, 21.44473364810472], [39.27275353522147, 21.44437125906369], [39.27374283420216, 21.44398155733701], [39.27511520172411, 21.44355341494918], [39.27624619996629, 21.44322445936723]]}, "properties": {"name": "طريق الفلاح", "street": "طريق الفلاح", "segment_code": "0207030108R2", "from_street": "بداية طريق جدة_مكة", "to_street": "أنس بن قتادة الأنصاري(رضي الله عنه)", "main_street_code": "0108", "region_no": "020703", "direction": "W", "direction_label": "غرب", "municipality": "بلدية الجامعة", "district": "الفاروق", "sub_district": "الفاروق 1", "length_m": "1422.126748", "width_m": "", "area_m2": "5261.868967", "street_type": "طريق سريع", "color": "#a78bfa"}}, {"type": "Feature", "geometry": {"type": "LineString", "coordinates": [[39.26877171200005, 21.44685545900006], [39.26880379400006, 21.44683490200003], [39.26883581600003, 21.44681425200002], [39.26886777800007, 21.44679351000008], [39.26889968100005, 21.44677267600002], [39.26893152300005, 21.44675174900004], [39.26896330500006, 21.44673073200005], [39.26899502600003, 21.44670962200007], [39.26902554400004, 21.44668766300003], [39.26905606300005, 21.44666570400005], [39.26908658200006, 21.44664374500007], [39.26911710000007, 21.44662178500005], [39.26914761900008, 21.44659982600007], [39.26917813700004, 21.44657786700003], [39.26920865600005, 21.44655590800005], [39.26923917500005, 21.44653394900007], [39.26926969300007, 21.44651199000003], [39.26930021200008, 21.44649003100005], [39.26933073100003, 21.44646807100003], [39.26936124900004, 21.44644611200005], [39.26939176800005, 21.44642415300007], [39.26942228700005, 21.44640219400003], [39.26945280500007, 21.44638023500005], [39.26948332400008, 21.44635827600007], [39.26951384200004, 21.44633631600004], [39.26954436100004, 21.44631435700006], [39.26957488000005, 21.44629239800003], [39.26960539800007, 21.44627043900005], [39.26963591700007, 21.44624848000007], [39.26966643600008, 21.44622652100003], [39.26969695400004, 21.44620456200005], [39.26972747300005, 21.44618260200008], [39.26975799200005, 21.44616064300004], [39.26978851000007, 21.44613868400006], [39.26981902900008, 21.44611672500002], [39.26984954700004, 21.44609476600004], [39.26988006600004, 21.44607280700006], [39.26991058500005, 21.44605084800003], [39.26994110300006, 21.44602888800006], [39.26997162200007, 21.44600692900008], [39.27000214100008, 21.44598497000004], [39.27003265900004, 21.44596301100006], [39.27006355500004, 21.44594140300006], [39.27009445000004, 21.44591979500007], [39.27012534600004, 21.44589818600002], [39.27015624200004, 21.44587657800002], [39.27018713700005, 21.44585497000003], [39.27021803300005, 21.44583336200003], [39.27024892800006, 21.44581175300004], [39.27027982400006, 21.44579014500005], [39.27031072000005, 21.44576853700005], [39.27034161500006, 21.44574692900005], [39.27037251100006, 21.44572532100005], [39.27040340600007, 21.44570371200007], [39.27043430200007, 21.44568210400007], [39.27046519800007, 21.44566049600007], [39.27049609300008, 21.44563888800008], [39.27052698900007, 21.44561727900003], [39.27055788400003, 21.44559567100004], [39.27058878000003, 21.44557406300004], [39.27061967600008, 21.44555245500004], [39.27065057100003, 21.44553084700004], [39.27068146700003, 21.44550923800006], [39.27071236200004, 21.44548763000006], [39.27074325800004, 21.44546602200006], [39.27077415300005, 21.44544441400006], [39.27080504900005, 21.44542280600007], [39.27083594500004, 21.44540119700002], [39.27086684000005, 21.44537958900003], [39.27089773600005, 21.44535798100003], [39.27093035700005, 21.44533942200007], [39.27096297900005, 21.44532086200007], [39.27099560000005, 21.44530230300006], [39.27102822200004, 21.44528374400005], [39.27106084300004, 21.44526518400005], [39.27109346500004, 21.44524662500004], [39.27112608600004, 21.44522806600003], [39.27115870800003, 21.44520950600003], [39.27119132900003, 21.44519094700007], [39.27122395000004, 21.44517238800006], [39.27125657200003, 21.44515382800006], [39.27128919300003, 21.44513526900005], [39.27132181500008, 21.44511671000004], [39.27135443600002, 21.44509815000004], [39.27138705800007, 21.44507959100002], [39.27141967900008, 21.44506103200007], [39.27145230100007, 21.44504247200007], [39.27148492200007, 21.44502391300006], [39.27151754400006, 21.44500535400005], [39.27155016500006, 21.44498679400004], [39.27158278700006, 21.44496823500003], [39.27161540800006, 21.44494967600008], [39.27164803000005, 21.44493111600008], [39.27168065100005, 21.44491255700007], [39.27171327200006, 21.44489399800005], [39.27174589400005, 21.44487543800005], [39.27177851500005, 21.44485687900004], [39.27181113700004, 21.44483832000003], [39.27184375800005, 21.44481976000003], [39.27187638000004, 21.44480120100008], [39.27190900100004, 21.44478264200006], [39.27194162300003, 21.44476408200006], [39.27197424400003, 21.44474552300005]]}, "properties": {"name": "طريق الفلاح", "street": "طريق الفلاح", "segment_code": "0207020108", "from_street": "أنس بن قتادة الأنصاري(رضي الله عنه)", "to_street": "بداية كوبري الميناء من ناحية طريق مكة", "main_street_code": "0108", "region_no": "020702", "direction": "W", "direction_label": "غرب", "municipality": "بلدية الجامعة", "district": "الفاروق", "sub_district": "الفاروق 1", "length_m": "1218.689237", "width_m": "", "area_m2": "4509.196808", "street_type": "طريق سريع", "color": "#a78bfa"}}, {"type": "Feature", "geometry": {"type": "LineString", "coordinates": [[39.26525409600004, 21.44844523700004], [39.26529091500004, 21.44843451200006], [39.26532770300003, 21.44842368200005], [39.26536446100005, 21.44841274900006], [39.26540118800006, 21.44840171300007], [39.26543788300006, 21.44839057200005], [39.26547454700005, 21.44837932900003], [39.26551117900004, 21.44836798200004], [39.26554777900003, 21.44835653100006], [39.26558434600003, 21.44834497800002], [39.26562088100007, 21.44833332100006], [39.26565738200003, 21.44832156200005], [39.26569385100004, 21.44830970000004], [39.26573028600006, 21.44829773400005], [39.26576668600006, 21.44828566600006], [39.26580305300007, 21.44827349600007], [39.26583938500005, 21.44826122300003], [39.26587568300005, 21.44824884700006], [39.26591194500003, 21.44823637000007], [39.26594817200004, 21.44822379000004], [39.26598436400008, 21.44821110800007], [39.26602051900005, 21.44819832300004], [39.26605663800007, 21.44818543700006], [39.26609272100006, 21.44817245000007], [39.26612876700005, 21.44815936000003], [39.26616477600004, 21.44814616900004], [39.26620074800007, 21.44813287600005], [39.26623668200006, 21.44811948200004], [39.26627257800004, 21.44810598700008], [39.26630843600003, 21.44809239000006], [39.26634425600002, 21.44807869300007], [39.26638003600004, 21.44806489400003], [39.26641577800007, 21.44805099500007], [39.26645148000006, 21.44803699500005], [39.26648714300006, 21.44802289400008], [39.26652276600004, 21.44800869200003], [39.26655834800005, 21.44799439100007], [39.26659389000002, 21.44797998900003], [39.26662939100004, 21.44796548700003], [39.26666485200008, 21.44795088400002], [39.26670027100005, 21.44793618200003], [39.26673564800006, 21.44792138000003], [39.26677098300007, 21.44790647800005], [39.26680627700006, 21.44789147700004], [39.26684152800004, 21.44787637600007], [39.26687673600003, 21.44786117600006], [39.26691190100007, 21.44784587700008], [39.26694702300006, 21.44783047800007], [39.26698210100005, 21.44781498100008], [39.26701713500006, 21.44779938400006], [39.26705212600007, 21.44778368900006], [39.26708707200004, 21.44776789600007], [39.26712197300003, 21.44775200300006], [39.26715682900004, 21.44773601300005], [39.26719164000008, 21.44771992400007], [39.26722640500003, 21.44770373700004], [39.26726112500006, 21.44768745200003], [39.26729579900007, 21.44767107000007], [39.26733042600006, 21.44765458900002], [39.26736500700008, 21.44763801100004], [39.26739954100003, 21.44762133600005], [39.26743402700004, 21.44760456300003], [39.26746846600003, 21.44758769300006], [39.26750285800006, 21.44757072600004], [39.26753720100004, 21.44755366200008], [39.26757149700006, 21.44753650100006], [39.26760574300005, 21.44751924300004], [39.26763994100003, 21.44750188900002], [39.26767409000007, 21.44748443900005], [39.26770819000006, 21.44746689200002], [39.26774223900003, 21.44744925000003], [39.26777623900006, 21.44743151100005], [39.26781018900004, 21.44741367700004], [39.26784408900005, 21.44739574700003], [39.26787793700004, 21.44737772100007], [39.26791173500004, 21.44735960000003], [39.26794548100003, 21.44734138400003], [39.26797917600004, 21.44732307200007], [39.26801281900003, 21.44730466600004], [39.26804641100006, 21.44728616500004], [39.26807994900003, 21.44726756900008], [39.26811343600008, 21.44724887900003], [39.26814686900008, 21.44723009400008], [39.26818024900007, 21.44721121500004], [39.26821357600005, 21.44719224200003], [39.26824685000003, 21.44717317500005], [39.26828006900007, 21.44715401500002], [39.26831323400006, 21.44713476000004], [39.26834634500005, 21.44711541300006], [39.26837940100006, 21.44709597200006], [39.26841240200002, 21.44707643800007], [39.26844534800006, 21.44705681000005], [39.26847823800006, 21.44703709000004], [39.26851107300007, 21.44701727800003], [39.26854385200005, 21.44699737300004], [39.26857657400006, 21.44697737500007], [39.26860924000005, 21.44695728500005], [39.26864184900006, 21.44693710400003], [39.26867440100006, 21.44691683000008], [39.26870689600003, 21.44689646500007], [39.26873933300004, 21.44687600800006], [39.26877171200005, 21.44685545900006]]}, "properties": {"name": "طريق الفلاح", "street": "طريق الفلاح", "segment_code": "0207020108R1", "from_street": "أنس بن قتادة الأنصاري(رضي الله عنه)", "to_street": "بداية كوبري الميناء من ناحية طريق مكة", "main_street_code": "0108", "region_no": "020702", "direction": "W", "direction_label": "غرب", "municipality": "بلدية الجامعة", "district": "الفاروق", "sub_district": "الفاروق 1", "length_m": "1218.689237", "width_m": "", "area_m2": "4509.103695", "street_type": "طريق سريع", "color": "#a78bfa"}}, {"type": "Feature", "geometry": {"type": "LineString", "coordinates": [[39.210867364988, 21.63492722293141], [39.21072645445498, 21.63526860357147], [39.2106968024826, 21.63534044008861], [39.2106339174546, 21.63549278781754], [39.21046947552329, 21.63594535448686]]}, "properties": {"name": "طريق الحرمين", "street": "طريق الحرمين", "segment_code": "0605340033", "from_street": "", "to_street": "", "main_street_code": "0033", "region_no": "060534", "direction": "S", "direction_label": "جنوب", "municipality": "بلدية المطار", "district": "المروة", "sub_district": "المروة 6", "length_m": "120.000006", "width_m": "14.8", "area_m2": "1776.000082", "street_type": "طريق سريع", "color": "#f59e0b"}}, {"type": "Feature", "geometry": {"type": "LineString", "coordinates": [[39.21246164580604, 21.63065342568031], [39.21195107571602, 21.6320658913006], [39.21156597191275, 21.63307756120223], [39.21110753040123, 21.63429729694455], [39.21102960014599, 21.63450823729418], [39.21092057491854, 21.63478698804743], [39.21087056975249, 21.63491877678433]]}, "properties": {"name": "طريق الحرمين", "street": "طريق الحرمين", "segment_code": "0605320033", "from_street": "", "to_street": "", "main_street_code": "0033", "region_no": "060532", "direction": "S", "direction_label": "جنوب", "municipality": "بلدية المطار", "district": "المروة", "sub_district": "المروة 6", "length_m": "499.999998", "width_m": "14.8", "area_m2": "7399.999977", "street_type": "طريق سريع", "color": "#f59e0b"}}, {"type": "Feature", "geometry": {"type": "LineString", "coordinates": [[39.26139279000006, 21.44901506700006], [39.26143091000006, 21.44901233500008], [39.26146903000006, 21.44900960400003], [39.26150715000006, 21.44900687300003], [39.26154527100005, 21.44900414200004], [39.26158339100004, 21.44900141000005], [39.26162151100004, 21.44899867900006], [39.26165963100004, 21.44899594800006], [39.26169775100004, 21.44899321700007], [39.26173587100004, 21.44899048500002], [39.26177399100004, 21.44898775400003], [39.26181211200003, 21.44898502300003], [39.26185023200003, 21.44898229200004], [39.26188835200003, 21.44897956000005], [39.26192647200003, 21.44897682900006], [39.26196459200003, 21.44897409800006], [39.26200271200003, 21.44897136700007], [39.26204083200003, 21.44896863500003], [39.26207895300007, 21.44896590400003], [39.26211707300007, 21.44896317300004], [39.26215519300007, 21.44896044200004], [39.26219331300007, 21.44895771100005], [39.26223143300007, 21.44895497900006], [39.26226955300007, 21.44895224800007], [39.26230767300007, 21.44894951700007], [39.26234579400005, 21.44894678600008], [39.26238391400005, 21.44894405400004], [39.26242203400005, 21.44894132300004], [39.26246015400005, 21.44893859200005], [39.26249827400005, 21.44893586100005], [39.26253639400005, 21.44893312900007], [39.26257451400005, 21.44893039800007], [39.26261263500004, 21.44892766700008], [39.26265075500004, 21.44892493600003], [39.26268887500004, 21.44892220400004], [39.26272699500004, 21.44891947300005], [39.26276511500004, 21.44891674200005], [39.26280323500004, 21.44891401100006], [39.26284074300003, 21.44890989500004], [39.26287825100007, 21.44890578000008], [39.26291575900007, 21.44890166400006], [39.26295326700006, 21.44889754900004], [39.26299077500005, 21.44889343300002], [39.26302828300004, 21.44888931800006], [39.26306579100003, 21.44888520200004], [39.26310329900008, 21.44888108700007], [39.26314080700007, 21.44887697100006], [39.26317831400007, 21.44887285600004], [39.26321582200006, 21.44886874000002], [39.26325333000005, 21.44886462500006], [39.26329083800005, 21.44886050900004], [39.26332834600004, 21.44885639400007], [39.26336585400003, 21.44885227800006], [39.26340336200008, 21.44884816300004], [39.26344162600003, 21.44884247100003], [39.26347987300005, 21.44883667400006], [39.26351810500006, 21.44883077000003], [39.26355632000008, 21.44882475900005], [39.26359451800005, 21.44881864300004], [39.26363269900003, 21.44881242000002], [39.26367086300007, 21.44880609100005], [39.26370900800003, 21.44879965700005], [39.26374713600006, 21.44879311600005], [39.26378524600005, 21.44878646900003], [39.26382333600003, 21.44877971600005], [39.26386140800003, 21.44877285800004], [39.26389946100005, 21.44876589400008], [39.26393749400006, 21.44875882400004], [39.26397550800004, 21.44875164800004], [39.26401350100008, 21.44874436700007], [39.26405147400004, 21.44873698000004], [39.26408942600006, 21.44872948700004], [39.26412735700006, 21.44872188900007], [39.26416526700007, 21.44871418600007], [39.26420315600006, 21.44870637800005], [39.26424102200008, 21.44869846400007], [39.26427886700003, 21.44869044500007], [39.26431668900005, 21.44868232000005], [39.26435448800004, 21.44867409100004], [39.26439226400004, 21.44866575700007], [39.26443001700005, 21.44865731700003], [39.26446774700003, 21.44864877300006], [39.26450545200004, 21.44864012400006], [39.26454313300007, 21.44863137000004], [39.26458079000002, 21.44862251200004], [39.26461842200007, 21.44861354900007], [39.26465602900004, 21.44860448100007], [39.26469361100004, 21.44859530900004], [39.26473116700004, 21.44858603200004], [39.26476869700008, 21.44857665100005], [39.26480620100006, 21.44856716600003], [39.26484367800003, 21.44855757700003], [39.26488112800007, 21.44854788300006], [39.26491855200004, 21.44853808500005], [39.26495594800008, 21.44852818400005], [39.26499331600007, 21.44851817800003], [39.26503065700007, 21.44850806900007], [39.26506796900003, 21.44849785600007], [39.26510525300006, 21.44848753900004], [39.26514250800005, 21.44847711900007], [39.26517973300002, 21.44846659500007], [39.26521693000007, 21.44845596800008], [39.26525409600004, 21.44844523700004]]}, "properties": {"name": "طريق الفلاح", "street": "طريق الفلاح", "segment_code": "0207020108R2", "from_street": "أنس بن قتادة الأنصاري(رضي الله عنه)", "to_street": "بداية كوبري الميناء من ناحية طريق مكة", "main_street_code": "0108", "region_no": "020702", "direction": "W", "direction_label": "غرب", "municipality": "بلدية الجامعة", "district": "الفاروق", "sub_district": "الفاروق 1", "length_m": "1218.689237", "width_m": "", "area_m2": "4509.149511", "street_type": "طريق سريع", "color": "#a78bfa"}}, {"type": "Feature", "geometry": {"type": "LineString", "coordinates": [[39.26977456428818, 21.44510645437464], [39.26969690720527, 21.44519075925685], [39.26939625115777, 21.44554504350973], [39.26897855569288, 21.44612900728783], [39.26871351309059, 21.44641151684131], [39.26821170085366, 21.44676168897974], [39.2681677544204, 21.4467853165173]]}, "properties": {"name": "طريق الفلاح", "street": "طريق الفلاح", "segment_code": "1007040108S", "from_street": "نهاية حدود الجوهرة 2", "to_street": "أنس بن قتادة الأنصاري(رضي الله عنه)", "main_street_code": "0108", "region_no": "100704", "direction": "E", "direction_label": "شرق", "municipality": "بلدية الجنوب", "district": "الأمير عبد المجيد", "sub_district": "الأمير عبد المجيد 1", "length_m": "368.401061", "width_m": "", "area_m2": "1864.114645", "street_type": "طريق سريع", "color": "#a78bfa"}}, {"type": "Feature", "geometry": {"type": "LineString", "coordinates": [[39.27176779248686, 21.4438343635562], [39.27122691059733, 21.44407429493258], [39.27067594553722, 21.44438595711646], [39.27030872814647, 21.44464472896962], [39.26992625922729, 21.44494177327647], [39.26977456428818, 21.44510645437464]]}, "properties": {"name": "طريق الفلاح", "street": "طريق الفلاح", "segment_code": "1007040108S1", "from_street": "نهاية حدود الجوهرة 2", "to_street": "أنس بن قتادة الأنصاري(رضي الله عنه)", "main_street_code": "0108", "region_no": "100704", "direction": "E", "direction_label": "شرق", "municipality": "بلدية الجنوب", "district": "الأمير عبد المجيد", "sub_district": "الأمير عبد المجيد 1", "length_m": "368.401061", "width_m": "", "area_m2": "932.057323", "street_type": "طريق سريع", "color": "#a78bfa"}}, {"type": "Feature", "geometry": {"type": "LineString", "coordinates": [[39.27531011116959, 21.44307308690589], [39.27519889540412, 21.44309996410654], [39.27491142479848, 21.44315987894813], [39.27413288290778, 21.44329263543521], [39.27327769284347, 21.44340160804269], [39.27308373856182, 21.44343924953841], [39.27271205173273, 21.44350675808072], [39.27225272568617, 21.44366241281777], [39.27199993809296, 21.44376389877184]]}, "properties": {"name": "طريق الفلاح", "street": "طريق الفلاح", "segment_code": "1010040108S", "from_street": "أنس بن قتادة الأنصاري(رضي الله عنه)", "to_street": "عبد الملك بن دثار", "main_street_code": "0108", "region_no": "101004", "direction": "E", "direction_label": "شرق", "municipality": "بلدية الجنوب", "district": "الأمير فواز الجنوبى", "sub_district": "الأمير فواز الجنوبى 1", "length_m": "337.990775", "width_m": "", "area_m2": "2610.164162", "street_type": "طريق سريع", "color": "#a78bfa"}}, {"type": "Feature", "geometry": {"type": "LineString", "coordinates": [[39.27845179662403, 21.4418511827488], [39.27782026549306, 21.44207933336729], [39.27688266432267, 21.44248727869238], [39.2762065110635, 21.44275135516589], [39.2756706687782, 21.44294945804664], [39.27554847957381, 21.44299872300986], [39.27535968087814, 21.44306110750716], [39.27531011116959, 21.44307308690589]]}, "properties": {"name": "طريق الفلاح", "street": "طريق الفلاح", "segment_code": "1010040108S1", "from_street": "أنس بن قتادة الأنصاري(رضي الله عنه)", "to_street": "عبد الملك بن دثار", "main_street_code": "0108", "region_no": "101004", "direction": "E", "direction_label": "شرق", "municipality": "بلدية الجنوب", "district": "الأمير فواز الجنوبى", "sub_district": "الأمير فواز الجنوبى 1", "length_m": "337.990775", "width_m": "", "area_m2": "1305.082081", "street_type": "طريق سريع", "color": "#a78bfa"}}, {"type": "Feature", "geometry": {"type": "LineString", "coordinates": [[39.26820986552113, 21.4472765052159], [39.26854792740768, 21.44712655434968], [39.26901994710242, 21.44692260038424], [39.26953019058259, 21.44667674908199], [39.27090773673504, 21.4459573629408], [39.27199184545703, 21.44535796963101]]}, "properties": {"name": "طريق الفلاح", "street": "طريق الفلاح", "segment_code": "0207020108S1", "from_street": "أنس بن قتادة الأنصاري(رضي الله عنه)", "to_street": "بداية كوبري الميناء من ناحية طريق مكة", "main_street_code": "0108", "region_no": "020702", "direction": "W", "direction_label": "غرب", "municipality": "بلدية الجامعة", "district": "الفاروق", "sub_district": "الفاروق 1", "length_m": "1218.689237", "width_m": "", "area_m2": "1650.178954", "street_type": "طريق سريع", "color": "#a78bfa"}}, {"type": "Feature", "geometry": {"type": "LineString", "coordinates": [[39.27199184545703, 21.44535796963101], [39.27278274528827, 21.44499810149782], [39.27387324503199, 21.44441063835645], [39.2750657716766, 21.44376921336119], [39.27537828425439, 21.44361929075209], [39.2758120156093, 21.44343330977175]]}, "properties": {"name": "طريق الفلاح", "street": "طريق الفلاح", "segment_code": "0207030108S", "from_street": "بداية طريق جدة_مكة", "to_street": "أنس بن قتادة الأنصاري(رضي الله عنه)", "main_street_code": "0108", "region_no": "020703", "direction": "W", "direction_label": "غرب", "municipality": "بلدية الجامعة", "district": "الفاروق", "sub_district": "الفاروق 1", "length_m": "1422.126748", "width_m": "", "area_m2": "3328.636649", "street_type": "طريق سريع", "color": "#a78bfa"}}, {"type": "Feature", "geometry": {"type": "LineString", "coordinates": [[39.26132148215049, 21.44878305809174], [39.26050016523931, 21.44884189829569], [39.25886286620612, 21.44891611500653], [39.25825604452418, 21.44895963435327], [39.25616790334229, 21.4490961455202], [39.25513327574633, 21.44914902150928], [39.25346957326527, 21.44926529383233], [39.25166612537358, 21.44935688303476], [39.24944915379457, 21.44949985212128], [39.24638466085254, 21.44966943226253], [39.24342991454407, 21.44985546002156], [39.2422557717085, 21.44992936754433], [39.23790311985051, 21.45019586728725], [39.23313685080353, 21.45046917921227], [39.22969944645341, 21.45067705911896], [39.22878313647635, 21.45074059579421], [39.228283662336, 21.45080422075846], [39.2278208503967, 21.45087708073735], [39.22733705682338, 21.45098936535205], [39.22682522740615, 21.45111481944554], [39.22644665300129, 21.45123352497642], [39.22605409137817, 21.45137851429249], [39.22542323219373, 21.45164201611633], [39.22471631835478, 21.45197311733323], [39.2237200220851, 21.45243225490196], [39.22069912797667, 21.45388084752211], [39.22001924741475, 21.45421005687951], [39.21820121213216, 21.45506043905648], [39.2173101093362, 21.45547754646374], [39.21662118230328, 21.45581039881815], [39.21634264171607, 21.45594642906467], [39.21620891912995, 21.45601173455644], [39.21526695347473, 21.45647175458088], [39.21384617115222, 21.45712446577906], [39.21273111284142, 21.45764313525734], [39.21209847179955, 21.45788104308938], [39.21148912913147, 21.45808274585794], [39.21099864128876, 21.45821550219297], [39.20985629681918, 21.45844975276095], [39.20929850761053, 21.45852595824914], [39.2086397049454, 21.45857494182662], [39.20852685084967, 21.45858333266859], [39.20801507834587, 21.45860935601593], [39.20757878539041, 21.45861822548855], [39.20734495264252, 21.45862297857839], [39.20710067101903, 21.45862936942751], [39.20695295936021, 21.45863158140646], [39.20587783710029, 21.45864767762268], [39.20389450251279, 21.45867735275965], [39.20089671181217, 21.45873131673434], [39.19812888395546, 21.45878689108079], [39.19798743143012, 21.45878864336039], [39.19705467701924, 21.45880019063308], [39.19549260348167, 21.45881951820191], [39.19449109981731, 21.45883956201487], [39.19318016599062, 21.45886043772779], [39.19257171771544, 21.45887012314261], [39.19236037221309, 21.45887348694966], [39.19080096827145, 21.4588941491636], [39.19000112266731, 21.45892022816459], [39.18918884370829, 21.45897746907087], [39.18810491695925, 21.45905094790964], [39.18725222264663, 21.45913097206801], [39.1858546034326, 21.45925883598734], [39.18572218048222, 21.45927095072562], [39.18434294353477, 21.45939711931601], [39.18289704860067, 21.4595196176337], [39.18264502007929, 21.45954820782596], [39.18239898539233, 21.45958793008255], [39.18195955014006, 21.45966536210629], [39.18156872923097, 21.45977864693278], [39.1812742003395, 21.45988004235367], [39.18095175988056, 21.46004399017519], [39.18069487650944, 21.46018726820103], [39.18040880812045, 21.46039539328], [39.18015788827316, 21.46059665422074], [39.17989787880535, 21.46084470130292], [39.17975721752996, 21.46101790813553], [39.17969875152461, 21.4610881463159], [39.17966587465927, 21.46112764476864], [39.17945769274759, 21.46146612347648], [39.17931107232026, 21.46175323219785], [39.17919644220537, 21.46202164876412], [39.17908922146896, 21.46233130359565], [39.17899987868755, 21.46265345171049], [39.17893545126653, 21.46297205887012], [39.17865416987262, 21.46431542073259], [39.17792018672438, 21.46788683163432], [39.1779049507737, 21.46795814810066], [39.17788971545359, 21.46802946518481], [39.17777403726183, 21.46857095326047], [39.1772855730423, 21.47093783719067], [39.17701425178842, 21.47229819498817], [39.17685151509804, 21.4731631519721], [39.17679325546466, 21.4736054331568], [39.1767474681763, 21.47394353310272], [39.17665280012712, 21.47500092793488], [39.1765731904495, 21.47595600366227], [39.17597265101806, 21.4828757462376]]}, "properties": {"name": "طريق الفلاح", "street": "طريق الفلاح", "segment_code": "0111010108B", "from_street": "أعلى دوار الملك فهد", "to_street": "نهاية كوبري الميناء المتجه لطريق مكة", "main_street_code": "0108", "region_no": "011101", "direction": "S", "direction_label": "جنوب", "municipality": "بلدية البلد", "district": "ميناء جدة الإسلامي", "sub_district": "ميناء جدة الإسلامي 1", "length_m": "11163.63504", "width_m": "", "area_m2": "123916.34894", "street_type": "طريق سريع", "color": "#a78bfa"}}, {"type": "Feature", "geometry": {"type": "LineString", "coordinates": [[39.19752063974118, 21.45861996617123], [39.19740918151992, 21.45862169057794], [39.1967329724662, 21.45858831701237], [39.19602306734264, 21.45859136358868], [39.19495887314587, 21.45860823277451], [39.19426529009083, 21.45862646641155], [39.19261177907699, 21.45866379222248]]}, "properties": {"name": "طريق الفلاح", "street": "طريق الفلاح", "segment_code": "0214030108BS", "from_street": "طريق الملك فيصل", "to_street": "التلفزيون", "main_street_code": "0108", "region_no": "021403", "direction": "E", "direction_label": "شرق", "municipality": "بلدية الجامعة", "district": "بترومين", "sub_district": "بترومين 3", "length_m": "508.793554", "width_m": "", "area_m2": "3765.072298", "street_type": "طريق سريع", "color": "#a78bfa"}}, {"type": "Feature", "geometry": {"type": "LineString", "coordinates": [[39.21335334868023, 21.62820104500654], [39.213190057254, 21.62863249427496], [39.21246164580604, 21.63065342568031]]}, "properties": {"name": "طريق الحرمين", "street": "طريق الحرمين", "segment_code": "0605100033", "from_street": "", "to_street": "", "main_street_code": "0033", "region_no": "060510", "direction": "S", "direction_label": "جنوب", "municipality": "بلدية المطار", "district": "المروة", "sub_district": "المروة 6", "length_m": "573.391798", "width_m": "14.8", "area_m2": "4243.099302", "street_type": "طريق سريع", "color": "#f59e0b"}}, {"type": "Feature", "geometry": {"type": "LineString", "coordinates": [[39.21427751658113, 21.62575915379091], [39.21335334868023, 21.62820104500654]]}, "properties": {"name": "طريق الحرمين", "street": "طريق الحرمين", "segment_code": "0605100033L1", "from_street": "", "to_street": "", "main_street_code": "0033", "region_no": "060510", "direction": "S", "direction_label": "جنوب", "municipality": "بلدية المطار", "district": "المروة", "sub_district": "المروة 6", "length_m": "573.391798", "width_m": "14.8", "area_m2": "4243.099302", "street_type": "طريق سريع", "color": "#f59e0b"}}, {"type": "Feature", "geometry": {"type": "LineString", "coordinates": [[39.21570292939287, 21.62207914252079], [39.21481623979838, 21.62423248486947], [39.21427751658113, 21.62575915379091]]}, "properties": {"name": "طريق الحرمين", "street": "طريق الحرمين", "segment_code": "0605040033", "from_street": "", "to_street": "", "main_street_code": "0033", "region_no": "060504", "direction": "S", "direction_label": "جنوب", "municipality": "بلدية المطار", "district": "المروة", "sub_district": "المروة 8", "length_m": "866.651092", "width_m": "14.8", "area_m2": "6413.218077", "street_type": "طريق سريع", "color": "#f59e0b"}}, {"type": "Feature", "geometry": {"type": "LineString", "coordinates": [[39.2171796001226, 21.61841591828513], [39.21715069558871, 21.61849253300144], [39.21696154093676, 21.61897086509199], [39.21693005379821, 21.61905457287117], [39.21690374658672, 21.61912450721083], [39.21686557478208, 21.61922598179304], [39.21673693190817, 21.61956796180299], [39.21570292939287, 21.62207914252079]]}, "properties": {"name": "طريق الحرمين", "street": "طريق الحرمين", "segment_code": "0605040033L1", "from_street": "", "to_street": "", "main_street_code": "0033", "region_no": "060504", "direction": "S", "direction_label": "جنوب", "municipality": "بلدية المطار", "district": "المروة", "sub_district": "المروة 8", "length_m": "866.651092", "width_m": "14.8", "area_m2": "6413.218077", "street_type": "طريق سريع", "color": "#f59e0b"}}, {"type": "Feature", "geometry": {"type": "LineString", "coordinates": [[39.21827598255985, 21.61542334122187], [39.21823825826799, 21.61552337069736], [39.21759958121276, 21.61730729495183], [39.21759068977441, 21.61733093341151], [39.21758180033371, 21.61735456631913], [39.21754438274557, 21.61745404191033], [39.21754186344534, 21.61746073827833], [39.21750582692484, 21.617556541024], [39.21746979033901, 21.61765234379566], [39.21740759290584, 21.6178176965034], [39.21717731282421, 21.61841642639911]]}, "properties": {"name": "طريق الحرمين", "street": "طريق الحرمين", "segment_code": "0605290033", "from_street": "", "to_street": "", "main_street_code": "0033", "region_no": "060529", "direction": "S", "direction_label": "جنوب", "municipality": "بلدية المطار", "district": "المروة", "sub_district": "المروة 7", "length_m": "700.532695", "width_m": "14.8", "area_m2": "5183.941945", "street_type": "طريق سريع", "color": "#f59e0b"}}, {"type": "Feature", "geometry": {"type": "LineString", "coordinates": [[39.21942750571009, 21.61244770620365], [39.21926085474468, 21.61289076979517], [39.21919166898699, 21.61307470931991], [39.21869862536618, 21.61430265449479], [39.21827598255985, 21.61542334122187]]}, "properties": {"name": "طريق الحرمين", "street": "طريق الحرمين", "segment_code": "0605290033L1", "from_street": "", "to_street": "", "main_street_code": "0033", "region_no": "060529", "direction": "S", "direction_label": "جنوب", "municipality": "بلدية المطار", "district": "المروة", "sub_district": "المروة 7", "length_m": "700.532695", "width_m": "14.8", "area_m2": "5183.941945", "street_type": "طريق سريع", "color": "#f59e0b"}}, {"type": "Feature", "geometry": {"type": "LineString", "coordinates": [[39.22058413865405, 21.60937821439293], [39.22055032341846, 21.60946811396163], [39.22042516719514, 21.60980084777646], [39.22006338427925, 21.61076265208051], [39.21996760442263, 21.61101728026057], [39.2199003064214, 21.61119619115287], [39.2197893455245, 21.61149120157827], [39.21977649925362, 21.61152535697816], [39.21975505204915, 21.6115823765175], [39.21943002269617, 21.6124465194552]]}, "properties": {"name": "طريق الحرمين", "street": "طريق الحرمين", "segment_code": "0605300033", "from_street": "", "to_street": "", "main_street_code": "0033", "region_no": "060530", "direction": "S", "direction_label": "جنوب", "municipality": "بلدية المطار", "district": "المروة", "sub_district": "المروة 7", "length_m": "359.999976", "width_m": "14.8", "area_m2": "5327.99965", "street_type": "طريق سريع", "color": "#f59e0b"}}, {"type": "Feature", "geometry": {"type": "LineString", "coordinates": [[39.22103253707026, 21.60818560900598], [39.22103170069273, 21.60818782708149], [39.2210286456916, 21.60819592927772], [39.22102559953132, 21.60820418638493], [39.22100979969339, 21.60824608385422], [39.2209876179755, 21.60830499239616], [39.22097609313175, 21.60833563134203], [39.22096694797418, 21.60835993786628], [39.22095083007562, 21.60840278462389], [39.22090125379292, 21.60853456989363], [39.22083441485898, 21.60871226764374], [39.22080533492436, 21.60878957684062], [39.22058369118314, 21.60937882946713]]}, "properties": {"name": "طريق الحرمين", "street": "طريق الحرمين", "segment_code": "0605310033", "from_street": "", "to_street": "", "main_street_code": "0033", "region_no": "060531", "direction": "S", "direction_label": "جنوب", "municipality": "بلدية المطار", "district": "المروة", "sub_district": "المروة 7", "length_m": "140.000032", "width_m": "14.8", "area_m2": "2072.000474", "street_type": "طريق سريع", "color": "#f59e0b"}}, {"type": "Feature", "geometry": {"type": "LineString", "coordinates": [[39.22154773634487, 21.60682286168796], [39.2214677050324, 21.60703133913293], [39.22137913515576, 21.60727124490212], [39.22113522008709, 21.60793192174579], [39.22108647423549, 21.60804254399813], [39.22103253707026, 21.60818560900598]]}, "properties": {"name": "طريق الحرمين", "street": "طريق الحرمين", "segment_code": "0602750033", "from_street": "", "to_street": "", "main_street_code": "0033", "region_no": "060275", "direction": "S", "direction_label": "جنوب", "municipality": "بلدية المطار", "district": "الصفا", "sub_district": "الصفا 12", "length_m": "160.000015", "width_m": "14.8", "area_m2": "2368.00022", "street_type": "طريق سريع", "color": "#f59e0b"}}, {"type": "Feature", "geometry": {"type": "LineString", "coordinates": [[39.22251042095681, 21.60426630579006], [39.22203013024107, 21.60556624339959], [39.22174931348185, 21.60629776245884], [39.22154773634487, 21.60682286168796]]}, "properties": {"name": "طريق الحرمين", "street": "طريق الحرمين", "segment_code": "0602760033", "from_street": "", "to_street": "", "main_street_code": "0033", "region_no": "060276", "direction": "S", "direction_label": "جنوب", "municipality": "بلدية المطار", "district": "الصفا", "sub_district": "الصفا 12", "length_m": "299.999997", "width_m": "14.8", "area_m2": "4439.999962", "street_type": "طريق سريع", "color": "#f59e0b"}}, {"type": "Feature", "geometry": {"type": "LineString", "coordinates": [[39.22377905900004, 21.60169296900006], [39.22378769000005, 21.60166975600004], [39.22379631900003, 21.60164654300007], [39.22380494700008, 21.60162333000005], [39.22381357400008, 21.60160011500005], [39.22382219900004, 21.60157690100004], [39.22383082300007, 21.60155368600005], [39.22383944600006, 21.60153047000006], [39.22384806700006, 21.60150725400007], [39.22385668600003, 21.60148403700003], [39.22386530500006, 21.60146082000006], [39.22387392100006, 21.60143760200003], [39.22388253700007, 21.60141438400007], [39.22389115100003, 21.60139116500005], [39.22389976300008, 21.60136794600004], [39.22390837400008, 21.60134472600004], [39.22391698400003, 21.60132150600003], [39.22392559300005, 21.60129828500004], [39.22393419900004, 21.60127506300006], [39.22394280500004, 21.60125184100008], [39.22395140900005, 21.60122861900004], [39.22396001200008, 21.60120539600007], [39.22396861300007, 21.60118217300004], [39.22397721300007, 21.60115894900002], [39.22398581100003, 21.60113572400007], [39.22399440900006, 21.60111249900007], [39.22400300400005, 21.60108927300007], [39.22401159800006, 21.60106604700007], [39.22402019100008, 21.60104282100008], [39.22402878300005, 21.60101959400004], [39.22403737300004, 21.60099636600006], [39.22404596100006, 21.60097313800003], [39.22405454800003, 21.60094990900006], [39.22406313400006, 21.60092668000004], [39.22407171900005, 21.60090345000003], [39.22408030200006, 21.60088022000008], [39.22408888300004, 21.60085698900008], [39.22409746300008, 21.60083375800008], [39.22410604200007, 21.60081052600003], [39.22411461900003, 21.60078729300005], [39.22412319500006, 21.60076406100006], [39.22413177000004, 21.60074082700004], [39.22414034300004, 21.60071759300007], [39.22414891500006, 21.60069435900004], [39.22415748500003, 21.60067112400003], [39.22416605400008, 21.60064788800003], [39.22417462100003, 21.60062465200008], [39.22418318700005, 21.60060141600007], [39.22419175200002, 21.60057817900002], [39.22420031500008, 21.60055494100004], [39.22420887700008, 21.60053170300006], [39.22421743700005, 21.60050846500008], [39.22422599600003, 21.60048522500006], [39.22423455400008, 21.60046198600003], [39.22424311000003, 21.60043874600007], [39.22425166500005, 21.60041550500006], [39.22426021800004, 21.60039226400005], [39.22426877000004, 21.60036902200005], [39.22427732000006, 21.60034578000005], [39.22428587000007, 21.60032253700007], [39.22429441700007, 21.60029929400002], [39.22430296400006, 21.60027605000005], [39.22431150800003, 21.60025280600007], [39.22432005200005, 21.60022956100005], [39.22432859400004, 21.60020631500004], [39.22433713500004, 21.60018307000007], [39.22434567400006, 21.60015982300007], [39.22435421200004, 21.60013657600007], [39.22436274800003, 21.60011332900007], [39.22437128300004, 21.60009008100008], [39.22437981700006, 21.60006683200004], [39.22438834900004, 21.60004358400005], [39.22439687900004, 21.60002033400008], [39.22440540900004, 21.59999708400005], [39.22441393700007, 21.59997383300004], [39.22442246300005, 21.59995058200008], [39.22443098800005, 21.59992733100006], [39.22443951200006, 21.59990407900005], [39.22444794100005, 21.59988070200006], [39.22445637000004, 21.59985732400003], [39.22446480000008, 21.59983394700004], [39.22447322900007, 21.59981057000005], [39.22448165800006, 21.59978719300005], [39.22449008700005, 21.59976381600006], [39.22449851600004, 21.59974043800003], [39.22450694600008, 21.59971706100004], [39.22451537500007, 21.59969368400004], [39.22452380400006, 21.59967030700005], [39.22453223300005, 21.59964693000006], [39.22454066200004, 21.59962355200003], [39.22454909100003, 21.59960017500003], [39.22455752100007, 21.59957679800004], [39.22456595000006, 21.59955342100005], [39.22457437900005, 21.59953004400006], [39.22458280800004, 21.59950666600002], [39.22459123700003, 21.59948328900003], [39.22459966700006, 21.59945991200004], [39.22460809600005, 21.59943653500005], [39.22461652500004, 21.59941315800006], [39.22462495400003, 21.59938978000002], [39.22463338300003, 21.59936640300003], [39.22464181300006, 21.59934302600004]]}, "properties": {"name": "طريق الحرمين", "street": "طريق الحرمين", "segment_code": "1203140033", "from_street": "", "to_street": "", "main_street_code": "0033", "region_no": "120314", "direction": "N", "direction_label": "شمال", "municipality": "بلدية بريمان", "district": "المنار", "sub_district": "المنار 2", "length_m": "549.99976", "width_m": "14.8", "area_m2": "4069.999336", "street_type": "طريق سريع", "color": "#f59e0b"}}, {"type": "Feature", "geometry": {"type": "LineString", "coordinates": [[39.22289909700004, 21.60403733800007], [39.22290788000004, 21.60401415300004], [39.22291666100006, 21.60399096800006], [39.22292544200008, 21.60396778200004], [39.22293422000007, 21.60394459500003], [39.22294299800006, 21.60392140800008], [39.22295177400008, 21.60389822000008], [39.22296054800006, 21.60387503200008], [39.22296932100005, 21.60385184300003], [39.22297809300005, 21.60382865400004], [39.22298686300007, 21.60380546400006], [39.22299563200005, 21.60378227400003], [39.22300440000004, 21.60375908300006], [39.22301316600004, 21.60373589100004], [39.22302193000007, 21.60371269900003], [39.22303069400004, 21.60368950700007], [39.22303945500005, 21.60366631400007], [39.22304821600005, 21.60364312000007], [39.22305697500008, 21.60361992600008], [39.22306573200007, 21.60359673100004], [39.22307448900006, 21.60357353600006], [39.22308324300008, 21.60355034100007], [39.22309199700004, 21.60352714400005], [39.22310074900003, 21.60350394800003], [39.22310949900003, 21.60348075000007], [39.22311824900004, 21.60345755200007], [39.22312699600008, 21.60343435400006], [39.22313574300006, 21.60341115500006], [39.22314448800006, 21.60338795600006], [39.22315323100003, 21.60336475600008], [39.22316197300006, 21.60334155500004], [39.22317071400005, 21.60331835400007], [39.22317945300006, 21.60329515300003], [39.22318819100008, 21.60327195100007], [39.22319692800005, 21.60324874800006], [39.22320566300004, 21.60322554500004], [39.22321439600006, 21.60320234100004], [39.22322312800003, 21.60317913700004], [39.22323185900007, 21.60315593200005], [39.22324058900006, 21.60313272700006], [39.22324931700007, 21.60310952100008], [39.22325804300004, 21.60308631500004], [39.22326676900008, 21.60306310800007], [39.22327549200003, 21.60303990100005], [39.22328421500004, 21.60301669300003], [39.22329293600006, 21.60299348400002], [39.22330165500006, 21.60297027500008], [39.22331037300006, 21.60294706600007], [39.22331909000007, 21.60292385600007], [39.22332780600004, 21.60290064500003], [39.22333651900004, 21.60287743400005], [39.22334523200004, 21.60285422300007], [39.22335394300006, 21.60283101000005], [39.22336265300004, 21.60280779800007], [39.22337136100003, 21.60278458500005], [39.22338006800004, 21.60276137100004], [39.22338877300007, 21.60273815700003], [39.22339747700005, 21.60271494200003], [39.22340618000004, 21.60269172600005], [39.22341488100005, 21.60266851100005], [39.22342358100008, 21.60264529400007], [39.22343227900006, 21.60262207700004], [39.22344097600006, 21.60259886000006], [39.22344967200007, 21.60257564200003], [39.22345836600005, 21.60255242300008], [39.22346705900003, 21.60252920400006], [39.22347575000003, 21.60250598500005], [39.22348444000005, 21.60248276500005], [39.22349312900008, 21.60245954400006], [39.22350181600007, 21.60243632300006], [39.22351050200007, 21.60241310100002], [39.22351918600003, 21.60238987900004], [39.22352786900007, 21.60236665600007], [39.22353655000006, 21.60234343300004], [39.22354523000007, 21.60232020900003], [39.22355390900003, 21.60229698500007], [39.22356258600007, 21.60227376000006], [39.22357126200006, 21.60225053500005], [39.22357993700007, 21.60222730900006], [39.22358861000004, 21.60220408300006], [39.22359728100002, 21.60218085600007], [39.22360595100002, 21.60215762800004], [39.22361462000003, 21.60213440000007], [39.22362328800006, 21.60211117200004], [39.22363195400004, 21.60208794300007], [39.22364061800005, 21.60206471300006], [39.22364928100006, 21.60204148300005], [39.22365794300003, 21.60201825200005], [39.22366660300003, 21.60199502100005], [39.22367526200003, 21.60197179000005], [39.22368392000004, 21.60194855700007], [39.22369257600008, 21.60192532500002], [39.22370123000007, 21.60190209100006], [39.22370988400007, 21.60187885800008], [39.22371853600004, 21.60185562300006], [39.22372718600008, 21.60183238900004], [39.22373583500007, 21.60180915300003], [39.22374448300008, 21.60178591700003], [39.22375312900004, 21.60176268100003], [39.22376177400002, 21.60173944400003], [39.22377041700003, 21.60171620700004], [39.22377905900004, 21.60169296900006]]}, "properties": {"name": "طريق الحرمين", "street": "طريق الحرمين", "segment_code": "1203140033R1", "from_street": "", "to_street": "", "main_street_code": "0033", "region_no": "120314", "direction": "N", "direction_label": "شمال", "municipality": "بلدية بريمان", "district": "المنار", "sub_district": "المنار 2", "length_m": "549.99976", "width_m": "14.8", "area_m2": "4069.998535", "street_type": "طريق سريع", "color": "#f59e0b"}}, {"type": "Feature", "geometry": {"type": "LineString", "coordinates": [[39.22626907864291, 21.593344559906], [39.22615921760324, 21.59378084269926], [39.22590750500196, 21.59464176567242], [39.22561130930584, 21.59566520397074], [39.22544468955425, 21.59618416912651], [39.22523608359446, 21.59682630164897]]}, "properties": {"name": "طريق الحرمين", "street": "طريق الحرمين", "segment_code": "0602780033", "from_street": "", "to_street": "", "main_street_code": "0033", "region_no": "060278", "direction": "S", "direction_label": "جنوب", "municipality": "بلدية المطار", "district": "الصفا", "sub_district": "الصفا 11", "length_m": "1199.999986", "width_m": "14.8", "area_m2": "5919.999929", "street_type": "طريق سريع", "color": "#f59e0b"}}, {"type": "Feature", "geometry": {"type": "LineString", "coordinates": [[39.17620255000003, 21.48289941000007], [39.17628288900005, 21.48193343900004], [39.17636322900006, 21.48096746900006], [39.17644356900007, 21.48000149800004], [39.17652390900003, 21.47903552800005], [39.17660424900004, 21.47806955700003], [39.17668458900005, 21.47710358700004], [39.17676492800007, 21.47613761600007], [39.17684453700008, 21.47518254000005], [39.17689187100007, 21.47465384200007], [39.17693920400006, 21.47412514500007], [39.17698499100004, 21.47378704500005], [39.17704325000005, 21.47334476300006], [39.17720598500006, 21.47247980600002], [39.17734164500007, 21.47179962700005], [39.17747730500002, 21.47111944800002], [39.17764012600003, 21.47033048700007], [39.17780294700003, 21.46954152500007], [39.17796576800004, 21.46875256400006], [39.17808144500003, 21.46821107600005], [39.17809668000007, 21.46813975900005], [39.17811191600003, 21.46806844200006], [39.17829541100008, 21.46717558900008], [39.17847890600007, 21.46628273600004], [39.17866240100005, 21.46538988300006], [39.17884589600004, 21.46449703000008], [39.17898653500004, 21.46382534900005], [39.17912717500008, 21.46315366800007], [39.17919160200006, 21.46283506100008], [39.17949054100006, 21.46192060600004], [39.18001253700004, 21.46111245100008], [39.18072315800003, 21.46046390500004], [39.18157552900004, 21.46001774700005], [39.18251342600007, 21.45980340700004], [39.18273903500005, 21.45976807800002], [39.18374646900003, 21.45967188500003], [39.18475390300006, 21.45957569200004], [39.18576133600004, 21.45947949900005], [39.18660395400008, 21.45939728000008], [39.18744657200006, 21.45931506100004], [39.18829177200007, 21.45925673900007], [39.18931826900007, 21.45918625500008], [39.19018390400004, 21.45913268100003], [39.19098573000008, 21.45910547200003], [39.19171457200008, 21.45908202500004], [39.19244341400002, 21.45905857800005], [39.19337190200002, 21.45904203100002], [39.19402736900003, 21.45903159200003], [39.19468283700007, 21.45902115400003], [39.19553736400007, 21.45900802900007], [39.19639189100008, 21.45899490400006], [39.19724641700003, 21.45898177900006], [39.19817917300003, 21.45897023100002], [39.19832062600005, 21.45896847800003], [39.19924323600003, 21.45894995300006], [39.20016584700005, 21.45893142700004], [39.20108845700003, 21.45891290100008], [39.20208772200004, 21.45889491200006], [39.20308698600007, 21.45887692300005], [39.20408625100004, 21.45885893300004], [39.20507792000006, 21.45884409500007], [39.20606958900004, 21.45882925600006], [39.20660715100007, 21.45882120700003], [39.20714471200006, 21.45881315900004], [39.20729242400006, 21.45881094600003], [39.20753670600004, 21.45880455500003], [39.20777053900008, 21.45879980200004], [39.20820683200003, 21.45879093200006], [39.20871860500006, 21.45876490800003], [39.20883145900007, 21.45875651700004], [39.20949026300008, 21.45870753300005], [39.21004805300004, 21.45863132700003], [39.21061922500007, 21.45851420100007], [39.21119039800004, 21.45839707500005], [39.21168088600007, 21.45826431800003], [39.21229023000006, 21.45806261400003], [39.21292287100005, 21.45782470600005], [39.21348040100003, 21.45756537000005], [39.21403793000007, 21.45730603500004], [39.21474832200005, 21.45697967900003], [39.21545871400008, 21.45665332300007], [39.21640068000005, 21.45619330100004], [39.21653440300003, 21.45612799500003], [39.21681294300004, 21.45599196500007], [39.21750187100002, 21.45565911200003], [39.21839297400004, 21.45524200300002], [39.21930199200006, 21.45481681100006], [39.22021101100006, 21.45439161900003], [39.22089089100007, 21.45406240900007], [39.22164611500006, 21.45370026000006], [39.22240133900004, 21.45333811100005], [39.22315656300003, 21.45297596200004], [39.22391178800007, 21.45261381300003], [39.22440993600003, 21.45238424400003], [39.22490808400005, 21.45215467400004], [39.22561499800003, 21.45182357200002], [39.22624585800003, 21.45156007000003], [39.22663842000003, 21.45141508000006], [39.22701699400005, 21.45129637400004], [39.22752882400005, 21.45117091900005], [39.22801261800004, 21.45105863400005], [39.22847543100005, 21.45098577300007], [39.22897490500003, 21.45092214800007], [39.22989121600006, 21.45085861000007], [39.23075056800008, 21.45080663900006], [39.23160992100003, 21.45075466800006], [39.23246927300005, 21.45070269700005], [39.23332862500007, 21.45065072600005], [39.23428188000003, 21.45059606300003], [39.23523513500004, 21.45054139900003], [39.23618839000005, 21.45048673600007], [39.23714164500007, 21.45043207200007], [39.23809490000008, 21.45037740900005], [39.23896543100005, 21.45032410800007], [39.23983596200003, 21.45027080700004], [39.24070649300006, 21.45021750600006], [39.24157702500003, 21.45016420500008], [39.24244755600006, 21.45011090400004], [39.24303462800003, 21.45007395000005], [39.24362170000006, 21.45003699500006], [39.24460661700004, 21.44997498500004], [39.24559153400003, 21.44991297400003], [39.24657645000008, 21.44985096400006], [39.24759794900007, 21.44979443600005], [39.24861944800006, 21.44973790800003], [39.24964094600006, 21.44968138000007], [39.25037993800004, 21.44963372300003], [39.25111892900003, 21.44958606600005], [39.25185792000008, 21.44953840900007], [39.25275964500003, 21.44949261300007], [39.25366137000003, 21.44944681700002], [39.25449322300005, 21.44938868000003], [39.25532507500003, 21.44933054300003], [39.25635970300004, 21.44927766600006], [39.25721000800007, 21.44923412600008], [39.25806031200005, 21.44919058500005], [39.25891061600004, 21.44914704500007], [39.25976092100007, 21.44910350500004], [39.26061122500005, 21.44905996400007], [39.26139287800004, 21.44901203900002]]}, "properties": {"name": "طريق الفلاح", "street": "طريق الفلاح", "segment_code": "0207020108B", "from_street": "بداية كوبري الميناء من ناحية طريق مكة", "to_street": "أعلى دوار الملك فهد", "main_street_code": "0108", "region_no": "020702", "direction": "W", "direction_label": "غرب", "municipality": "بلدية الجامعة", "district": "الفاروق", "sub_district": "الفاروق 1", "length_m": "11134.048421", "width_m": "", "area_m2": "123587.937477", "street_type": "طريق سريع", "color": "#a78bfa"}}, {"type": "Feature", "geometry": {"type": "LineString", "coordinates": [[39.17937349600844, 21.47636228708022], [39.17885166466287, 21.47612827272438], [39.17837721773287, 21.47586884715545], [39.17806533116941, 21.47560924717762], [39.17788897937466, 21.47540656039486], [39.17771255182042, 21.47514047567748], [39.17756993707683, 21.4748299761036], [39.17752221715186, 21.47457643361172], [39.17748798188327, 21.47427215876282], [39.17754168356499, 21.47387269318072], [39.17764240511787, 21.47314984669169], [39.17783957901648, 21.47196763499097], [39.17786766653633, 21.47179922473088], [39.17786962003169, 21.47160680031881], [39.1778737162294, 21.47120327489824], [39.17797780523046, 21.47046774522322], [39.17813382484908, 21.46959670082669]]}, "properties": {"name": "طريق الفلاح", "street": "طريق الفلاح", "segment_code": "0107010108BS", "from_street": "الملك خالد", "to_street": "طريق الملك فهد", "main_street_code": "0108", "region_no": "010701", "direction": "N", "direction_label": "شمال", "municipality": "بلدية البلد", "district": "الهنداوية", "sub_district": "الهنداوية 3", "length_m": "845.835055", "width_m": "7.4", "area_m2": "9388.769114", "street_type": "طريق سريع", "color": "#a78bfa"}}, {"type": "Feature", "geometry": {"type": "LineString", "coordinates": [[39.18060396078675, 21.4606672008363], [39.18069575928209, 21.46054595284716], [39.1808488635513, 21.46046039284246], [39.18103043672868, 21.46038119448894], [39.18125115507394, 21.4603184370554], [39.1815837301009, 21.46024636019042], [39.18201367022083, 21.46016078906993], [39.18245996335011, 21.46008284924628], [39.18289096040657, 21.46002691784089], [39.18331071766853, 21.45996812922289], [39.1839136834765, 21.45986227837612], [39.18464348867638, 21.45974395146297], [39.18578926454293, 21.45962065586367]]}, "properties": {"name": "طريق الفلاح", "street": "طريق الفلاح", "segment_code": "0213020108BS", "from_street": "الذهب", "to_street": "الميناء", "main_street_code": "0108", "region_no": "021302", "direction": "N", "direction_label": "شمال", "municipality": "بلدية الجامعة", "district": "الثعالبة", "sub_district": "الثعالبة 2", "length_m": "556.371466", "width_m": "3.7", "area_m2": "4117.148846", "street_type": "طريق سريع", "color": "#a78bfa"}}, {"type": "Feature", "geometry": {"type": "LineString", "coordinates": [[39.17580151500005, 21.47906896600006], [39.17580278800006, 21.47916241300004], [39.17580406100006, 21.47925586000002], [39.17580533400007, 21.47934930700006], [39.17580660700003, 21.47944275400005], [39.17580788100003, 21.47953620100003], [39.17580915400004, 21.47962964900006], [39.17581042700004, 21.47972309600004], [39.17581170000005, 21.47981654300003], [39.17581297300006, 21.47990999000007], [39.17581424600007, 21.48000343700005], [39.17581552000007, 21.48009688400003], [39.17581364600005, 21.48019064900006], [39.17581177200003, 21.48028441300005], [39.17580989800007, 21.48037817700003], [39.17580802400005, 21.48047194100008], [39.17580615000003, 21.48056570600005], [39.17580427600006, 21.48065947000003], [39.17580240200004, 21.48075323400008], [39.17580052800002, 21.48084699900005], [39.17579865400006, 21.48094076300004], [39.17579834600008, 21.48103917400005], [39.17579803900003, 21.48113758500006], [39.17579773100005, 21.48123599600007], [39.17579742400005, 21.48133440700008], [39.17579711600007, 21.48143281800003], [39.17579680900008, 21.48153122900004], [39.17579691500003, 21.48161967900006], [39.17579702100005, 21.48170812900003], [39.17579712700007, 21.48179657900005], [39.17579723300003, 21.48188502900007], [39.17579733900004, 21.48197347900003], [39.17579744600005, 21.48206192900005], [39.17579755200006, 21.48215037900007], [39.17579767000007, 21.48224873200007], [39.17579778800007, 21.48234708600006], [39.17579790600007, 21.48244543900006], [39.17579802400007, 21.48254379300005], [39.17579814200008, 21.48264214600005], [39.17579826000008, 21.48274050000003], [39.17579837800002, 21.48283885300003], [39.17579707900006, 21.48287257500004]]}, "properties": {"name": "طريق الفلاح", "street": "طريق الفلاح", "segment_code": "0111010108BS", "from_street": "طريق الملك فهد", "to_street": "الملك خالد", "main_street_code": "0108", "region_no": "011101", "direction": "S", "direction_label": "جنوب", "municipality": "بلدية البلد", "district": "ميناء جدة الإسلامي", "sub_district": "ميناء جدة الإسلامي 1", "length_m": "1114.70006", "width_m": "7.4", "area_m2": "8248.780446", "street_type": "طريق سريع", "color": "#a78bfa"}}, {"type": "Feature", "geometry": {"type": "LineString", "coordinates": [[39.17634334001189, 21.4829195601724], [39.17638743830098, 21.48242228078147], [39.17643534789055, 21.48182061034418], [39.1764883699844, 21.48131136892009], [39.17655162515679, 21.48081646029567], [39.17662211590228, 21.48032074632514], [39.1766555697342, 21.48017568475928], [39.17679277908123, 21.47958746627073], [39.17685586654164, 21.47928302452017]]}, "properties": {"name": "طريق الفلاح", "street": "طريق الفلاح", "segment_code": "0111030108BS", "from_street": "طريق الملك فهد", "to_street": "نهاية كبري اتجاة الشمال", "main_street_code": "0108", "region_no": "011103", "direction": "N", "direction_label": "شمال", "municipality": "بلدية البلد", "district": "ميناء جدة الإسلامي", "sub_district": "ميناء جدة الإسلامي 1", "length_m": "406.536607", "width_m": "", "area_m2": "3008.370894", "street_type": "طريق سريع", "color": "#a78bfa"}}, {"type": "Feature", "geometry": {"type": "LineString", "coordinates": [[39.17668488269312, 21.45827745231835], [39.1770841949704, 21.45832806112444], [39.1775809207111, 21.45843842062654], [39.17771245312397, 21.45849464276275], [39.17800839431011, 21.45867229240887], [39.17813078940733, 21.45879862520632], [39.1783262094989, 21.45908693633324], [39.17856679849523, 21.45953132169322], [39.17873594915607, 21.4600283750691], [39.17886428810645, 21.46056372064259], [39.1789108852758, 21.46108002913552], [39.17893184034462, 21.46151030529827], [39.17886598641685, 21.46191365163519], [39.17877533173704, 21.46240712340169], [39.17850896641277, 21.46381990363267], [39.17828646613219, 21.4651136674917], [39.17770528848074, 21.46804277960972]]}, "properties": {"name": "طريق الفلاح", "street": "طريق الفلاح", "segment_code": "0111020108BS", "from_street": "ميناء جدة الإسلامي 1", "to_street": "الميناء", "main_street_code": "0108", "region_no": "011102", "direction": "S", "direction_label": "جنوب", "municipality": "بلدية البلد", "district": "ميناء جدة الإسلامي", "sub_district": "ميناء جدة الإسلامي 1", "length_m": "875.347358", "width_m": "", "area_m2": "8994.520736", "street_type": "طريق سريع", "color": "#a78bfa"}}, {"type": "Feature", "geometry": {"type": "LineString", "coordinates": [[39.19261177907699, 21.45866379222253], [39.19196028183327, 21.45863367997994], [39.19049795036974, 21.45865624915397], [39.18885556682532, 21.45876131806], [39.18725967629771, 21.4589236818066], [39.18661875963525, 21.45896987685352], [39.18614819682012, 21.45904141507743], [39.18572774295325, 21.45912219956139], [39.1848211572274, 21.45918053502761], [39.18387608708355, 21.45924134154804], [39.18280693110452, 21.45919448106407], [39.18177507434354, 21.45906412522041], [39.17670478426903, 21.45807030791159]]}, "properties": {"name": "طريق الفلاح", "street": "طريق الفلاح", "segment_code": "0214020108BS", "from_street": "بترومين 2", "to_street": "طريق الملك فيصل", "main_street_code": "0108", "region_no": "021402", "direction": "E", "direction_label": "شرق", "municipality": "بلدية الجامعة", "district": "بترومين", "sub_district": "بترومين 2", "length_m": "1181.652736", "width_m": "", "area_m2": "12315.44771", "street_type": "طريق سريع", "color": "#a78bfa"}}, {"type": "Feature", "geometry": {"type": "LineString", "coordinates": [[39.22707989757013, 21.58981145896194], [39.22687536276005, 21.59078934600769], [39.22656567428592, 21.5921666989209], [39.22626907864291, 21.593344559906]]}, "properties": {"name": "طريق الحرمين", "street": "طريق الحرمين", "segment_code": "0602780033L1", "from_street": "", "to_street": "", "main_street_code": "0033", "region_no": "060278", "direction": "S", "direction_label": "جنوب", "municipality": "بلدية المطار", "district": "الصفا", "sub_district": "الصفا 11", "length_m": "1199.999986", "width_m": "14.8", "area_m2": "5919.999929", "street_type": "طريق سريع", "color": "#f59e0b"}}, {"type": "Feature", "geometry": {"type": "LineString", "coordinates": [[39.22770833302688, 21.58624613733295], [39.22743128733217, 21.58772529444392], [39.22717220406086, 21.58937256719769], [39.22708467160516, 21.58978863400032], [39.22707989757013, 21.58981145896194]]}, "properties": {"name": "طريق الحرمين", "street": "طريق الحرمين", "segment_code": "0602780033L2", "from_street": "", "to_street": "", "main_street_code": "0033", "region_no": "060278", "direction": "S", "direction_label": "جنوب", "municipality": "بلدية المطار", "district": "الصفا", "sub_district": "الصفا 11", "length_m": "1199.999986", "width_m": "14.8", "area_m2": "5919.999929", "street_type": "طريق سريع", "color": "#f59e0b"}}, {"type": "Feature", "geometry": {"type": "LineString", "coordinates": [[39.22824337430552, 21.58316880002199], [39.22813373612706, 21.58377581449399], [39.22778165486885, 21.58581241070961], [39.22770815360704, 21.58624538639912]]}, "properties": {"name": "طريق الحرمين", "street": "طريق الحرمين", "segment_code": "0602790033", "from_street": "", "to_street": "", "main_street_code": "0033", "region_no": "060279", "direction": "S", "direction_label": "جنوب", "municipality": "بلدية المطار", "district": "الصفا", "sub_district": "الصفا 10", "length_m": "1035.000012", "width_m": "14.8", "area_m2": "5106.000061", "street_type": "طريق سريع", "color": "#f59e0b"}}, {"type": "Feature", "geometry": {"type": "LineString", "coordinates": [[39.22878142095567, 21.58009268966438], [39.22875442526514, 21.58027286880504], [39.22851504103962, 21.58163758014127], [39.22838649098657, 21.58237642342844], [39.22824337430552, 21.58316880002199]]}, "properties": {"name": "طريق الحرمين", "street": "طريق الحرمين", "segment_code": "0602790033L1", "from_street": "", "to_street": "", "main_street_code": "0033", "region_no": "060279", "direction": "S", "direction_label": "جنوب", "municipality": "بلدية المطار", "district": "الصفا", "sub_district": "الصفا 10", "length_m": "1035.000012", "width_m": "14.8", "area_m2": "5106.000061", "street_type": "طريق سريع", "color": "#f59e0b"}}, {"type": "Feature", "geometry": {"type": "LineString", "coordinates": [[39.22931433347974, 21.57701585653588], [39.22884649171349, 21.57965838175555], [39.22878142095567, 21.58009268966438]]}, "properties": {"name": "طريق الحرمين", "street": "طريق الحرمين", "segment_code": "0602790033L2", "from_street": "", "to_street": "", "main_street_code": "0033", "region_no": "060279", "direction": "S", "direction_label": "جنوب", "municipality": "بلدية المطار", "district": "الصفا", "sub_district": "الصفا 10", "length_m": "1035.000012", "width_m": "14.8", "area_m2": "5106.000061", "street_type": "طريق سريع", "color": "#f59e0b"}}, {"type": "Feature", "geometry": {"type": "LineString", "coordinates": [[39.22993887801766, 21.57345157863737], [39.22975143148302, 21.57442822980401], [39.22944504687706, 21.57626255443916], [39.22933969824096, 21.57689326902504], [39.22931689300639, 21.57701824355323]]}, "properties": {"name": "طريق الحرمين", "street": "طريق الحرمين", "segment_code": "0602800033", "from_street": "", "to_street": "", "main_street_code": "0033", "region_no": "060280", "direction": "S", "direction_label": "جنوب", "municipality": "بلدية المطار", "district": "الصفا", "sub_district": "الصفا 9", "length_m": "799.999995", "width_m": "14.8", "area_m2": "5919.999962", "street_type": "طريق سريع", "color": "#f59e0b"}}, {"type": "Feature", "geometry": {"type": "LineString", "coordinates": [[39.23056312436237, 21.56988538316559], [39.23048644991151, 21.57033140245818], [39.23045320554515, 21.57051057730208], [39.23029596443583, 21.57150309125401], [39.23019049228265, 21.57214057433678], [39.22993887801766, 21.57345157863737]]}, "properties": {"name": "طريق الحرمين", "street": "طريق الحرمين", "segment_code": "0602800033L1", "from_street": "", "to_street": "", "main_street_code": "0033", "region_no": "060280", "direction": "S", "direction_label": "جنوب", "municipality": "بلدية المطار", "district": "الصفا", "sub_district": "الصفا 9", "length_m": "799.999995", "width_m": "14.8", "area_m2": "5919.999962", "street_type": "طريق سريع", "color": "#f59e0b"}}, {"type": "Feature", "geometry": {"type": "LineString", "coordinates": [[39.23089484861436, 21.56810525665514], [39.23088898996187, 21.56813996611631], [39.23080235201169, 21.56862201289075], [39.23060312845259, 21.56966359529354], [39.23056312436237, 21.56988538316559]]}, "properties": {"name": "طريق الحرمين", "street": "طريق الحرمين", "segment_code": "0602810033", "from_street": "", "to_street": "", "main_street_code": "0033", "region_no": "060281", "direction": "S", "direction_label": "جنوب", "municipality": "بلدية المطار", "district": "الصفا", "sub_district": "الصفا 9", "length_m": "199.999997", "width_m": "14.8", "area_m2": "2959.999956", "street_type": "طريق سريع", "color": "#f59e0b"}}, {"type": "Feature", "geometry": {"type": "LineString", "coordinates": [[39.23107560232346, 21.56703432444681], [39.23089484861436, 21.56810525665514]]}, "properties": {"name": "طريق الحرمين", "street": "طريق الحرمين", "segment_code": "0602820033", "from_street": "", "to_street": "", "main_street_code": "0033", "region_no": "060282", "direction": "S", "direction_label": "جنوب", "municipality": "بلدية المطار", "district": "الصفا", "sub_district": "الصفا 9", "length_m": "119.999984", "width_m": "14.8", "area_m2": "1775.999769", "street_type": "طريق سريع", "color": "#f59e0b"}}, {"type": "Feature", "geometry": {"type": "LineString", "coordinates": [[39.23127558702858, 21.56578429088191], [39.23117234806571, 21.56646111419364], [39.23107575753719, 21.56703526693845]]}, "properties": {"name": "طريق الحرمين", "street": "طريق الحرمين", "segment_code": "0509630033", "from_street": "", "to_street": "", "main_street_code": "0033", "region_no": "050963", "direction": "S", "direction_label": "جنوب", "municipality": "بلدية العزيزية", "district": "الرحاب", "sub_district": "الرحاب 4", "length_m": "139.999967", "width_m": "14.8", "area_m2": "2071.999508", "street_type": "طريق سريع", "color": "#f59e0b"}}, {"type": "Feature", "geometry": {"type": "LineString", "coordinates": [[39.23174057488681, 21.56320162575412], [39.23170026453025, 21.56342283934019], [39.23152208964373, 21.56445030193829], [39.23135528333011, 21.56535029816125], [39.23129764157149, 21.5656397012893], [39.23127515451782, 21.56578523046696]]}, "properties": {"name": "طريق الحرمين", "street": "طريق الحرمين", "segment_code": "0509620033", "from_street": "", "to_street": "", "main_street_code": "0033", "region_no": "050962", "direction": "S", "direction_label": "جنوب", "municipality": "بلدية العزيزية", "district": "الرحاب", "sub_district": "الرحاب 4", "length_m": "290.000017", "width_m": "14.8", "area_m2": "4292.000248", "street_type": "طريق سريع", "color": "#f59e0b"}}, {"type": "Feature", "geometry": {"type": "LineString", "coordinates": [[39.23396479398794, 21.55395725425845], [39.2337577018229, 21.5546867713635]]}, "properties": {"name": "طريق الحرمين", "street": "طريق الحرمين", "segment_code": "0509100033", "from_street": "", "to_street": "", "main_street_code": "0033", "region_no": "050910", "direction": "S", "direction_label": "جنوب", "municipality": "بلدية العزيزية", "district": "الرحاب", "sub_district": "الرحاب 5", "length_m": "83.542225", "width_m": "14.8", "area_m2": "1236.424925", "street_type": "طريق سريع", "color": "#f59e0b"}}, {"type": "Feature", "geometry": {"type": "LineString", "coordinates": [[39.23448237830901, 21.55228660874225], [39.23396479398794, 21.55395725425845]]}, "properties": {"name": "طريق الحرمين", "street": "طريق الحرمين", "segment_code": "0509090033", "from_street": "", "to_street": "", "main_street_code": "0033", "region_no": "050909", "direction": "S", "direction_label": "جنوب", "municipality": "بلدية العزيزية", "district": "الرحاب", "sub_district": "الرحاب 5", "length_m": "192.517995", "width_m": "14.8", "area_m2": "2849.266331", "street_type": "طريق سريع", "color": "#f59e0b"}}, {"type": "Feature", "geometry": {"type": "LineString", "coordinates": [[39.23562754603133, 21.54873980568821], [39.23448237830901, 21.55228660874225]]}, "properties": {"name": "طريق الحرمين", "street": "طريق الحرمين", "segment_code": "0509040033", "from_street": "", "to_street": "", "main_street_code": "0033", "region_no": "050904", "direction": "S", "direction_label": "جنوب", "municipality": "بلدية العزيزية", "district": "الرحاب", "sub_district": "الرحاب 4", "length_m": "820.160132", "width_m": "14.8", "area_m2": "6069.184975", "street_type": "طريق سريع", "color": "#f59e0b"}}, {"type": "Feature", "geometry": {"type": "LineString", "coordinates": [[39.23675316439391, 21.5451875749137], [39.23630154083109, 21.54663467844908], [39.23612098132047, 21.54721148729355], [39.23562754603133, 21.54873980568821]]}, "properties": {"name": "طريق الحرمين", "street": "طريق الحرمين", "segment_code": "0509040033L1", "from_street": "", "to_street": "", "main_street_code": "0033", "region_no": "050904", "direction": "S", "direction_label": "جنوب", "municipality": "بلدية العزيزية", "district": "الرحاب", "sub_district": "الرحاب 4", "length_m": "820.160132", "width_m": "14.8", "area_m2": "6069.184975", "street_type": "طريق سريع", "color": "#f59e0b"}}, {"type": "Feature", "geometry": {"type": "LineString", "coordinates": [[39.20734864625799, 21.45853024044105], [39.20642925643742, 21.45856339733529], [39.20621721872513, 21.45857118814038], [39.2053508129927, 21.45857586906716], [39.20438295186207, 21.45856792520875], [39.20314584089255, 21.45854077308454], [39.20193881540172, 21.45852525183244], [39.20058534733693, 21.4585253490982], [39.19877725969088, 21.45858536828528]]}, "properties": {"name": "طريق الفلاح", "street": "طريق الفلاح", "segment_code": "0209010108BS", "from_street": "التلفزيون", "to_street": "زينل", "main_street_code": "0108", "region_no": "020901", "direction": "E", "direction_label": "شرق", "municipality": "بلدية الجامعة", "district": "غليل", "sub_district": "غليل 1", "length_m": "888.327449", "width_m": "", "area_m2": "6573.623121", "street_type": "طريق سريع", "color": "#a78bfa"}}, {"type": "Feature", "geometry": {"type": "LineString", "coordinates": [[39.20734864600007, 21.45853024000007], [39.20743205700006, 21.45852817000002], [39.20751546900004, 21.45852610000003], [39.20759888000003, 21.45852403000004], [39.20768229100003, 21.45852196000004], [39.20776570200007, 21.45851989000005], [39.20784911300007, 21.45851782000005], [39.20793252400006, 21.45851575000006], [39.20801593500005, 21.45851368000007], [39.20809934700003, 21.45851161000007], [39.20817636800007, 21.45850846800005], [39.20825338900005, 21.45850532600002], [39.20833041000003, 21.45850218500004], [39.20840743100007, 21.45849904300007], [39.20848445200005, 21.45849590100005], [39.20856688600003, 21.45848847700006], [39.20864931900007, 21.45848105400006], [39.20873175300005, 21.45847363000007], [39.20881418600004, 21.45846620600003], [39.20889662000008, 21.45845878300003], [39.20897905300006, 21.45845135900004], [39.20906148700004, 21.45844393500005], [39.20914680800007, 21.45843530400003], [39.20923213000003, 21.45842667200003], [39.20931745100006, 21.45841804000003], [39.20940277200003, 21.45840940900007], [39.20948809400005, 21.45840077700007], [39.20957341500008, 21.45839214600005], [39.20965773100005, 21.45837763800006], [39.20974194000007, 21.45836252000004], [39.20982603700003, 21.45834679200004], [39.20991001700003, 21.45833045400008], [39.20999387700004, 21.45831350800006], [39.21007761200008, 21.45829595300006], [39.21016121700006, 21.45827779300004], [39.21024468900004, 21.45825902600006], [39.21032802200006, 21.45823965500006], [39.21041121200005, 21.45821968000007], [39.21049425600006, 21.45819910200004], [39.21057714800003, 21.45817792200006], [39.21065988400005, 21.45815614200006], [39.21074246000006, 21.45813376300003], [39.21082487200005, 21.45811078500003], [39.21090711500005, 21.45808721100008], [39.21098918500007, 21.45806304100006], [39.21107107700004, 21.45803827600002], [39.21115278800005, 21.45801291800007], [39.21123431200004, 21.45798696800006], [39.21131564700005, 21.45796042800004], [39.21139678700007, 21.45793329800006], [39.21147772700004, 21.45790558100003], [39.21155846500005, 21.45787727800007], [39.21163899600003, 21.45784839000004], [39.21171931400005, 21.45781891900003], [39.21179941700007, 21.45778886600004], [39.21187930000008, 21.45775823300005], [39.21195895900007, 21.45772702200003], [39.21203838900004, 21.45769523300004], [39.21211758700008, 21.45766287000004], [39.21219654800007, 21.45762993300008], [39.21227526800004, 21.45759642500008], [39.21235374300005, 21.45756234600003], [39.21243196900008, 21.45752770000007], [39.21250994100006, 21.45749248700002], [39.21258765700003, 21.45745670900004], [39.21266511000005, 21.45742036900003], [39.21274229800008, 21.45738346900004], [39.21281921700006, 21.45734600900005], [39.21289402700006, 21.45731145900004], [39.21296877200007, 21.45727676900003], [39.21304345300007, 21.45724194100006], [39.21311806900007, 21.45720697500008], [39.21319262100008, 21.45717187000002], [39.21326710700004, 21.45713662600008], [39.21334152700007, 21.45710124500005], [39.21341588200005, 21.45706572500006], [39.21349017000006, 21.45703006800005], [39.21356439200008, 21.45699427200003], [39.21363854800006, 21.45695833900004], [39.21371263700007, 21.45692226800003], [39.21378665900005, 21.45688606000004], [39.21386061300007, 21.45684971500003], [39.21394044200008, 21.45681523500002], [39.21402027200003, 21.45678075500007], [39.21410010200003, 21.45674627500006], [39.21417993100005, 21.45671179600004], [39.21425976100005, 21.45667731600003], [39.21433959000007, 21.45664283600007], [39.21441942000007, 21.45660835600006], [39.21449924900003, 21.45657387600005], [39.21457907900003, 21.45653939700003], [39.21465890800005, 21.45650491700007], [39.21473873800005, 21.45647043700006], [39.21481856700007, 21.45643595700005], [39.21489839700007, 21.45640147700004], [39.21497661900003, 21.45636987700004], [39.21505484100004, 21.45633827600005], [39.21513306300005, 21.45630667500006], [39.21521128600006, 21.45627507500006], [39.21528950800007, 21.45624347400008], [39.21536773000003, 21.45621187300003], [39.21544595200004, 21.45618027300003], [39.21552417500004, 21.45614867200004], [39.21560239700005, 21.45611707100005], [39.21560807100008, 21.45611453800007]]}, "properties": {"name": "طريق الفلاح", "street": "طريق الفلاح", "segment_code": "0209020108BS", "from_street": "زينل", "to_street": "المحجر", "main_street_code": "0108", "region_no": "020902", "direction": "E", "direction_label": "شرق", "municipality": "بلدية الجامعة", "district": "غليل", "sub_district": "غليل 2", "length_m": "907.796348", "width_m": "", "area_m2": "6717.692974", "street_type": "طريق سريع", "color": "#a78bfa"}}, {"type": "Feature", "geometry": {"type": "LineString", "coordinates": [[39.22733522000004, 21.45088509700003], [39.22723778500006, 21.45090953300007], [39.22714056000007, 21.45093478900003], [39.22704355100007, 21.45096086200004], [39.22694676400005, 21.45098775000002], [39.22685020800003, 21.45101545100005], [39.22675388700003, 21.45104396400006], [39.22665781000006, 21.45107328700004], [39.22656198300007, 21.45110341600002], [39.22646641300003, 21.45113435100006], [39.22637110700003, 21.45116608900003], [39.22627607100003, 21.45119862700005], [39.22618131200005, 21.45123196400004], [39.22608683700003, 21.45126609700003], [39.22599265200006, 21.45130102400003], [39.22589876500007, 21.45133674200002], [39.22580518200004, 21.45137324800004], [39.22571190900004, 21.45141054100003], [39.22561895300004, 21.45144861700004], [39.22552632000003, 21.45148747400003], [39.22543401800004, 21.45152710900004], [39.22534205300008, 21.45156751900004], [39.22525043100006, 21.45160870100005], [39.22516145000003, 21.45165255200004], [39.22507247000004, 21.45169640300003], [39.22498349000006, 21.45174025400007], [39.22489450900008, 21.45178410500006], [39.22480552900004, 21.45182795600005], [39.22471654800006, 21.45187180700003], [39.22462756800007, 21.45191565800008], [39.22453858800003, 21.45195950900006], [39.22444553200006, 21.45199978700003], [39.22435247700002, 21.45204006600005], [39.22425942200005, 21.45208034500007], [39.22416636600008, 21.45212062400003], [39.22407331100004, 21.45216090300005], [39.22398025600006, 21.45220118100008], [39.22388720000004, 21.45224146000004], [39.22380397400008, 21.45227920000008], [39.22372074700007, 21.45231693900007], [39.22363752000007, 21.45235467800006], [39.22355429400005, 21.45239241800004], [39.22347106700005, 21.45243015700004], [39.22338784100003, 21.45246789700008], [39.22330461400003, 21.45250563600007], [39.22321566600004, 21.45254406100003], [39.22312671800006, 21.45258248600004], [39.22303776900003, 21.45262091100005], [39.22294882100005, 21.45265933500008], [39.22285987300006, 21.45269776000004], [39.22277092500008, 21.45273618500005], [39.22268197600005, 21.45277461000006], [39.22259017400006, 21.45281555400004], [39.22249837200008, 21.45285649800007], [39.22240656900004, 21.45289744200005], [39.22231476700006, 21.45293838600003], [39.22222296400003, 21.45297932900007], [39.22213116200004, 21.45302027300005], [39.22203936000005, 21.45306121700003], [39.22194755700008, 21.45310216100006], [39.22185575500004, 21.45314310500004], [39.22176395300005, 21.45318404900007], [39.22167215000007, 21.45322499300005], [39.22158034800003, 21.45326593700003], [39.22148854500006, 21.45330688100006], [39.22139674300007, 21.45334782400005], [39.22130797500006, 21.45338704300008], [39.22121920800004, 21.45342626200005], [39.22113044000002, 21.45346548000003], [39.22104167200007, 21.45350469900006], [39.22095290400006, 21.45354391800004], [39.22086413600005, 21.45358313600008], [39.22077536800003, 21.45362235500005], [39.22068660100007, 21.45366157400002], [39.22060658300006, 21.45369656800005], [39.22052656600005, 21.45373156200003], [39.22044654800004, 21.45376655600006], [39.22036653000004, 21.45380155000004], [39.22028651300008, 21.45383654400007], [39.22020649500007, 21.45387153800004], [39.22011502600003, 21.45391457300008], [39.22002355700005, 21.45395760700006], [39.21993208800006, 21.45400064200004], [39.21984061900002, 21.45404367700007], [39.21974915000004, 21.45408671100006], [39.21965768100006, 21.45412974600004], [39.21956621100003, 21.45417278100007], [39.21947474200005, 21.45421581500005], [39.21938327300006, 21.45425885000003], [39.21929180400008, 21.45430188500006], [39.21920033500004, 21.45434491900005], [39.21910886600006, 21.45438795400003], [39.21902532000007, 21.45442940300006], [39.21894177500008, 21.45447085300003], [39.21885823000008, 21.45451230200007], [39.21877468500003, 21.45455375100005], [39.21869113900004, 21.45459520100007], [39.21860759400005, 21.45463665000005], [39.21851699500007, 21.45468292100003], [39.21842639600004, 21.45472919200006], [39.21833579800006, 21.45477546300003], [39.21824519900008, 21.45482173400006], [39.21815460000005, 21.45486800500004], [39.21806400100007, 21.45491427600007], [39.21797340300003, 21.45496054700004], [39.21788280400006, 21.45500681800007], [39.21779220500008, 21.45505308900005]]}, "properties": {"name": "طريق الفلاح", "street": "طريق الفلاح", "segment_code": "1001010108BS", "from_street": "المحجر", "to_street": "شارع رئيسي 0444", "main_street_code": "0108", "region_no": "100101", "direction": "E", "direction_label": "شرق", "municipality": "بلدية المليساء", "district": "الوزيرية", "sub_district": "الوزيرية 1", "length_m": "3317.988221", "width_m": "", "area_m2": "8085.605962", "street_type": "طريق سريع", "color": "#a78bfa"}}, {"type": "Feature", "geometry": {"type": "LineString", "coordinates": [[39.25479847201276, 21.44875976498963], [39.25469268857412, 21.44879875935635], [39.25440078192781, 21.44888753617286], [39.25399618963828, 21.44897383635712], [39.25327943436159, 21.44908305357053], [39.2487403505418, 21.44940402015666]]}, "properties": {"name": "طريق الفلاح", "street": "طريق الفلاح", "segment_code": "1001020108BS", "from_street": "شارع رئيسي 0444", "to_street": "الأستاد الرياضي", "main_street_code": "0108", "region_no": "100102", "direction": "E", "direction_label": "شرق", "municipality": "بلدية المليساء", "district": "الوزيرية", "sub_district": "الوزيرية 1", "length_m": "633.482257", "width_m": "", "area_m2": "4687.768702", "street_type": "طريق سريع", "color": "#a78bfa"}}, {"type": "Feature", "geometry": {"type": "LineString", "coordinates": [[39.28235448122687, 21.44104781197688], [39.28201961088824, 21.44109846401212], [39.28139361378816, 21.44118682686003], [39.280488110864, 21.4413283199769], [39.27907985215694, 21.44171483205721], [39.27830446638467, 21.44193760836443], [39.27703653344491, 21.44259304389246]]}, "properties": {"name": "طريق الفلاح", "street": "طريق الفلاح", "segment_code": "1010050108BS", "from_street": "عبد الملك بن دثار", "to_street": "عبدالله بن مالك", "main_street_code": "0108", "region_no": "101005", "direction": "E", "direction_label": "شرق", "municipality": "بلدية الجنوب", "district": "الأمير فواز الجنوبى", "sub_district": "الأمير فواز الجنوبى 1", "length_m": "582.069112", "width_m": "", "area_m2": "4307.311432", "street_type": "طريق سريع", "color": "#a78bfa"}}, {"type": "Feature", "geometry": {"type": "LineString", "coordinates": [[39.24343157200008, 21.45027781200002], [39.24351569700008, 21.45027138800003], [39.24359982100003, 21.45026496400004], [39.24371860300005, 21.45025673500004], [39.24383738400007, 21.45024850700003], [39.24395616500004, 21.45024027800002], [39.24407494600007, 21.45023204900008], [39.24419372800003, 21.45022382000008], [39.24431250900005, 21.45021559100007], [39.24443129000008, 21.45020736200007], [39.24455007100005, 21.45019913300007], [39.24466885200007, 21.45019090400007], [39.24478763400003, 21.45018267500006], [39.24490641500006, 21.45017444600006], [39.24502519600003, 21.45016621700006], [39.24514397700005, 21.45015798800006], [39.24526275800002, 21.45014975900006], [39.24538154000004, 21.45014153000005], [39.24550032100007, 21.45013330100005], [39.24561910200003, 21.45012507200005], [39.24573788300006, 21.45011684300005], [39.24585666400003, 21.45010861400004], [39.24597544600005, 21.45010038500004], [39.24609422700007, 21.45009215600004], [39.24621300800004, 21.45008392700004], [39.24633178900007, 21.45007569800003], [39.24644966600005, 21.45006898300005], [39.24656754300003, 21.45006226700008], [39.24668541900007, 21.45005555100005], [39.24680329600005, 21.45004883500008], [39.24692117300003, 21.45004211900005], [39.24703904900008, 21.45003540400006], [39.24715692600006, 21.45002868800003], [39.24727480300004, 21.45002197200006], [39.24739267900003, 21.45001525600003], [39.24751055600007, 21.45000854100005], [39.24762843300005, 21.45000182500007], [39.24774630900004, 21.44999510900004], [39.24786418600007, 21.44998839300007], [39.24798206300005, 21.44998167700004], [39.24809994000003, 21.44997496200006], [39.24821781600008, 21.44996824600003], [39.24833569300006, 21.44996153000005], [39.24845357000004, 21.44995481400002], [39.24857144600003, 21.44994809900004], [39.24868932300006, 21.44994138300007], [39.24880720000004, 21.44993466700004], [39.24892507600003, 21.44992795100006], [39.24904295300007, 21.44992123500003], [39.24916083000005, 21.44991452000005], [39.24927870600004, 21.44990780400008], [39.24939658300008, 21.44990108800005], [39.24951446000006, 21.44989437200007], [39.24963233600005, 21.44988765700003], [39.24975021300003, 21.44988094100006], [39.24986809000006, 21.44987422500003], [39.24998596600005, 21.44986750900006], [39.25010384300003, 21.44986079300003], [39.25022172000007, 21.44985407800004], [39.25033959600006, 21.44984736200007], [39.25045747300004, 21.44984064600004], [39.25057535000008, 21.44983393000007], [39.25069110100003, 21.44982897500006], [39.25080685300003, 21.44982402000005], [39.25092260400004, 21.44981906600003], [39.25103835600004, 21.44981411100002], [39.25115410700005, 21.44980915600007], [39.25126985800006, 21.44980420100006], [39.25138561000006, 21.44979924600005], [39.25150136100007, 21.44979429100005], [39.25161711300007, 21.44978933600004], [39.25173286400008, 21.44978438100003], [39.25184861600007, 21.44977942600008], [39.25196436700003, 21.44977447100007], [39.25207313900006, 21.44976952600007], [39.25218191100004, 21.44976458100007], [39.25229068200008, 21.44975963600007], [39.25239945400006, 21.44975469100007], [39.25250822600003, 21.44974974600007], [39.25261699800006, 21.44974480100007], [39.25272576900005, 21.44973985500008], [39.25283454100003, 21.44973491000007], [39.25294331300006, 21.44972996500007], [39.25305208500004, 21.44972502000007], [39.25315869500002, 21.44972545600007], [39.25326530600006, 21.44972589200006], [39.25337191600005, 21.44972632800005], [39.25347852700003, 21.44972676500004], [39.25358513800006, 21.44972720100003], [39.25369174800005, 21.44972763700002], [39.25379835900003, 21.44972807300007], [39.25390496900008, 21.44972850900007], [39.25401253100006, 21.44973328300006], [39.25411990700007, 21.44974120800003], [39.25422700400003, 21.44975227800006], [39.25433373100003, 21.44976648400007], [39.25443999500004, 21.44978381300007], [39.25454570600004, 21.44980425100005], [39.25465077100006, 21.44982777900003], [39.25475895100004, 21.44987383100005], [39.25486713000004, 21.44991988300006], [39.25497531000008, 21.44996593600007], [39.25508348900007, 21.45001198800003], [39.25519166900006, 21.45005804000004], [39.25529984800005, 21.45010409300005]]}, "properties": {"name": "طريق الفلاح", "street": "طريق الفلاح", "segment_code": "0212090108BS", "from_street": "الأستاد الرياضي", "to_street": "الشيخ محمد بن صالح العثيمين", "main_street_code": "0108", "region_no": "021209", "direction": "W", "direction_label": "غرب", "municipality": "بلدية الجامعة", "district": "مدائن الفهد", "sub_district": "مدائن الفهد 4", "length_m": "1239.214563", "width_m": "", "area_m2": "13755.281647", "street_type": "طريق سريع", "color": "#a78bfa"}}, {"type": "Feature", "geometry": {"type": "LineString", "coordinates": [[39.21821047100008, 21.45548635000006], [39.21826691400003, 21.45546314500007], [39.21832335600004, 21.45543994100007], [39.21837979900005, 21.45541673600007], [39.21845955400005, 21.45538600300006], [39.21853930900005, 21.45535527000004], [39.21861906400005, 21.45532453700002], [39.21869881900005, 21.45529380400006], [39.21877857400005, 21.45526307100005], [39.21885832900006, 21.45523233800003], [39.21893808400006, 21.45520160500007], [39.21901784000005, 21.45517087200005], [39.21909477200006, 21.45513631900008], [39.21917170400008, 21.45510176600004], [39.21924863700008, 21.45506721300006], [39.21932556900003, 21.45503266000003], [39.21940250200004, 21.45499810700005], [39.21947943400005, 21.45496355400007], [39.21955636600006, 21.45492900100004], [39.21963329900007, 21.45489444800006], [39.21971023100008, 21.45485989500003], [39.21978716400002, 21.45482534200005], [39.21986409600004, 21.45479078900007], [39.21994102900004, 21.45475623600004], [39.22001796100005, 21.45472168300006], [39.22009489300007, 21.45468713000002], [39.22017182600007, 21.45465257700005], [39.22024875800003, 21.45461802400007], [39.22032569100003, 21.45458347100003], [39.22040289700004, 21.45454613200008], [39.22048010300006, 21.45450879200007], [39.22055731000006, 21.45447145200006], [39.22063451600008, 21.45443411300005], [39.22071172300008, 21.45439677300004], [39.22078892900004, 21.45435943300004], [39.22086613500005, 21.45432209400008], [39.22094334200006, 21.45428475400007], [39.22102054800007, 21.45424741400006], [39.22109775400003, 21.45421007500005], [39.22117496100003, 21.45417273500004], [39.22125216700005, 21.45413539500004], [39.22132937400005, 21.45409805500003], [39.22140658000006, 21.45406071600007], [39.22148378600008, 21.45402337600007], [39.22156099300003, 21.45398603600006], [39.22163819900004, 21.45394869700004], [39.22171540500005, 21.45391135700004], [39.22179261200006, 21.45387401700003], [39.22186981800007, 21.45383667800007], [39.22194702500008, 21.45379933800007], [39.22202423100003, 21.45376199800006], [39.22210143700005, 21.45372465800006], [39.22217864400005, 21.45368731900004], [39.22225585000007, 21.45364997900003], [39.22233305600002, 21.45361263900003], [39.22241026300003, 21.45357530000007], [39.22248746900004, 21.45353796000006], [39.22256467500006, 21.45350062000006], [39.22264188200006, 21.45346328100004], [39.22271908800008, 21.45342594100003], [39.22279629500008, 21.45338860100003], [39.22287350100004, 21.45335126200007], [39.22295070700005, 21.45331392200006], [39.22302791400006, 21.45327658200006], [39.22310512000007, 21.45323924200005], [39.22318232600003, 21.45320190300004], [39.22325953300003, 21.45316456300003], [39.22333673900005, 21.45312722300002], [39.22341178500005, 21.45308845200003], [39.22348683200005, 21.45304968100004], [39.22356187800006, 21.45301091000005], [39.22363692400006, 21.45297213900005], [39.22371197000007, 21.45293336800006], [39.22378701700006, 21.45289459700007], [39.22386206300007, 21.45285582600008], [39.22393710900008, 21.45281705500003], [39.22401215500003, 21.45277828400003], [39.22408720200008, 21.45273951300004], [39.22416224800003, 21.45270074200005], [39.22423729400003, 21.45266197100005], [39.22431234000004, 21.45262320000006], [39.22438738600005, 21.45258442900007], [39.22446243300004, 21.45254565800008], [39.22453747900005, 21.45250688700003], [39.22461252500005, 21.45246811600003], [39.22468788200007, 21.45243327700007], [39.22476323900003, 21.45239843800005], [39.22483859500005, 21.45236359900002], [39.22491395200007, 21.45232876000006], [39.22498930900008, 21.45229392100003], [39.22506466600004, 21.45225908200007], [39.22514002200006, 21.45222424300005], [39.22521537900008, 21.45218940400002], [39.22529073600003, 21.45215456500006], [39.22536609300005, 21.45211972600003], [39.22544144900007, 21.45208488600002], [39.22551680600003, 21.45205004700006], [39.22559216300004, 21.45201520800003], [39.22566752000006, 21.45198036900007], [39.22574287600003, 21.45194553000005], [39.22581823300004, 21.45191069100002], [39.22589192300006, 21.45188083500005], [39.22596582300002, 21.45185150500004], [39.22603993100006, 21.45182270100003]]}, "properties": {"name": "طريق الفلاح", "street": "طريق الفلاح", "segment_code": "0212010108BS", "from_street": "الشيخ محمد بن صالح العثيمين", "to_street": "الإسكان", "main_street_code": "0108", "region_no": "021201", "direction": "W", "direction_label": "غرب", "municipality": "بلدية الجامعة", "district": "مدائن الفهد", "sub_district": "مدائن الفهد 3", "length_m": "2721.987617", "width_m": "", "area_m2": "10071.758757", "street_type": "طريق سريع", "color": "#a78bfa"}}, {"type": "Feature", "geometry": {"type": "LineString", "coordinates": [[39.20734928500008, 21.45898205300006], [39.20743637600003, 21.45897916300004], [39.20752346700004, 21.45897627300008], [39.20761055800006, 21.45897338300006], [39.20769764900007, 21.45897049300004], [39.20778474000008, 21.45896760300008], [39.20787183100003, 21.45896471300006], [39.20795892300004, 21.45896182300004], [39.20804601400005, 21.45895893300008], [39.20813310500006, 21.45895604300006], [39.20822019600007, 21.45895315300004], [39.20830991800005, 21.45895013300003], [39.20839962000008, 21.45894655800004], [39.20848929800007, 21.45894242800006], [39.20857894900007, 21.45893774300004], [39.20866856900005, 21.45893250300003], [39.20875815600004, 21.45892670900002], [39.20884770400005, 21.45892036100003], [39.20893721200008, 21.45891345900003], [39.20902667500008, 21.45890600300004], [39.20911609000007, 21.45889799400004], [39.20920545400003, 21.45888943100005], [39.20929476300006, 21.45888031600003], [39.20938401500007, 21.45887064800007], [39.20947320400006, 21.45886042900003], [39.20956232900005, 21.45884965700003], [39.20965138500003, 21.45883833400006], [39.20974037000008, 21.45882646100006], [39.20982927900008, 21.45881403700002], [39.20991811000005, 21.45880106300007], [39.21000685900003, 21.45878754000006], [39.21009552200007, 21.45877346800006], [39.21018409700002, 21.45875884700007], [39.21027258000004, 21.45874367900007], [39.21036096700004, 21.45872796400005], [39.21044925500007, 21.45871170200007], [39.21053744100004, 21.45869489400008], [39.21062552100005, 21.45867754000005], [39.21071349200002, 21.45865964200004], [39.21080135000005, 21.45864120000005], [39.21088909300005, 21.45862221500005], [39.21097671700005, 21.45860268700005], [39.21106421800005, 21.45858261700005], [39.21115159300007, 21.45856200700007], [39.21123883900003, 21.45854085600007], [39.21132595300003, 21.45851916500004], [39.21141293000005, 21.45849693600007], [39.21149976900006, 21.45847416900006], [39.21158646500004, 21.45845086600008], [39.21167301500003, 21.45842702600004], [39.21175941500007, 21.45840265100003], [39.21184566400007, 21.45837774200004], [39.21193175600007, 21.45835230000006], [39.21201769000004, 21.45832632600008], [39.21210346100003, 21.45829982000004], [39.21218906700005, 21.45827278400003], [39.21227450300006, 21.45824521900005], [39.21235976800006, 21.45821712600002], [39.21244485700004, 21.45818850600006], [39.21252976700004, 21.45815936000002], [39.21261449500003, 21.45812968900003], [39.21269903800004, 21.45809949400007], [39.21278339300005, 21.45806877700005], [39.21286755500006, 21.45803753900003], [39.21295152300007, 21.45800578000006], [39.21303529300008, 21.45797350200007], [39.21311886200004, 21.45794070700003], [39.21320222600008, 21.45790739500006], [39.21328538200004, 21.45787356800002], [39.21336832800006, 21.45783922700002], [39.21345105900008, 21.45780437300004], [39.21353357300006, 21.45776900900006], [39.21361586700004, 21.45773313400002], [39.21369793700006, 21.45769675100007], [39.21377978000004, 21.45765986100002], [39.21386139400005, 21.45762246500004], [39.21394277400003, 21.45758456400006], [39.21402391900006, 21.45754616100004], [39.21410482400006, 21.45750725700003], [39.21418548700007, 21.45746785200004], [39.21426277200004, 21.45742824200005], [39.21434005700007, 21.45738863100007], [39.21441734200005, 21.45734902100003], [39.21449462700008, 21.45730941000005], [39.21457191100006, 21.45726980000006], [39.21464919600004, 21.45723018900003], [39.21472648100007, 21.45719057900004], [39.21480376600005, 21.45715096800006], [39.21488105100008, 21.45711135800008], [39.21495833600005, 21.45707174700004], [39.21503562000004, 21.45703213700006], [39.21511290500007, 21.45699252600002], [39.21519019000004, 21.45695291600003], [39.21526747500008, 21.45691330500006], [39.21534476000005, 21.45687369500007], [39.21542204500003, 21.45683408400004], [39.21549932900007, 21.45679447400005], [39.21557661400004, 21.45675486300007], [39.21565389900007, 21.45671525300003], [39.21573118400005, 21.45667564200005], [39.21580846900008, 21.45663603200006], [39.21588575400006, 21.45659642100003], [39.21596303800004, 21.45655681100004]]}, "properties": {"name": "طريق الفلاح", "street": "طريق الفلاح", "segment_code": "0210010108BS", "from_street": "مدائن الفهد", "to_street": "زينل", "main_street_code": "0108", "region_no": "021001", "direction": "W", "direction_label": "غرب", "municipality": "بلدية الجامعة", "district": "النزلة اليمانية", "sub_district": "النزلة اليمانية 3", "length_m": "945.276552", "width_m": "", "area_m2": "10492.569732", "street_type": "طريق سريع", "color": "#a78bfa"}}, {"type": "Feature", "geometry": {"type": "LineString", "coordinates": [[39.20734928524408, 21.45898205273236], [39.20641187813918, 21.45898315944753], [39.2016398087526, 21.45913878407229], [39.19879971394418, 21.4591673597386]]}, "properties": {"name": "طريق الفلاح", "street": "طريق الفلاح", "segment_code": "0208020108BS", "from_street": "زينل", "to_street": "التلفزيون", "main_street_code": "0108", "region_no": "020802", "direction": "W", "direction_label": "غرب", "municipality": "بلدية الجامعة", "district": "القريات", "sub_district": "القريات 2", "length_m": "886.123296", "width_m": "", "area_m2": "9835.968584", "street_type": "طريق سريع", "color": "#a78bfa"}}, {"type": "Feature", "geometry": {"type": "LineString", "coordinates": [[39.19315361459615, 21.45928320609501], [39.1974960250222, 21.45920143698001]]}, "properties": {"name": "طريق الفلاح", "street": "طريق الفلاح", "segment_code": "0208010108BS", "from_street": "التلفزيون", "to_street": "الثعالبة 1", "main_street_code": "0108", "region_no": "020801", "direction": "W", "direction_label": "غرب", "municipality": "بلدية الجامعة", "district": "القريات", "sub_district": "القريات 1", "length_m": "449.999971", "width_m": "", "area_m2": "3329.999786", "street_type": "طريق سريع", "color": "#a78bfa"}}, {"type": "Feature", "geometry": {"type": "LineString", "coordinates": [[39.23764464252013, 21.54232295559694], [39.23743235797883, 21.54301122606217], [39.23690653733355, 21.54469612611393], [39.23675428637637, 21.5451857796507]]}, "properties": {"name": "طريق الحرمين", "street": "طريق الحرمين", "segment_code": "0509580033", "from_street": "", "to_street": "", "main_street_code": "0033", "region_no": "050958", "direction": "S", "direction_label": "جنوب", "municipality": "بلدية العزيزية", "district": "الرحاب", "sub_district": "الرحاب 4", "length_m": "329.999971", "width_m": "14.8", "area_m2": "4883.99957", "street_type": "طريق سريع", "color": "#f59e0b"}}, {"type": "Feature", "geometry": {"type": "LineString", "coordinates": [[39.23794106105751, 21.54136858726745], [39.23787094574285, 21.54158922676397], [39.23764464252013, 21.54232295559694]]}, "properties": {"name": "طريق الحرمين", "street": "طريق الحرمين", "segment_code": "0509590033", "from_street": "", "to_street": "", "main_street_code": "0033", "region_no": "050959", "direction": "S", "direction_label": "جنوب", "municipality": "بلدية العزيزية", "district": "الرحاب", "sub_district": "الرحاب 4", "length_m": "109.999973", "width_m": "14.8", "area_m2": "1627.999601", "street_type": "طريق سريع", "color": "#f59e0b"}}, {"type": "Feature", "geometry": {"type": "LineString", "coordinates": [[39.23839068816404, 21.53993839807801], [39.23820954675212, 21.54051847540115], [39.23811525763184, 21.54082041832297], [39.23794106105751, 21.54136858726745]]}, "properties": {"name": "طريق الحرمين", "street": "طريق الحرمين", "segment_code": "0509640033", "from_street": "", "to_street": "", "main_street_code": "0033", "region_no": "050964", "direction": "S", "direction_label": "جنوب", "municipality": "بلدية العزيزية", "district": "الرحاب", "sub_district": "الرحاب 4", "length_m": "164.999968", "width_m": "14.8", "area_m2": "2441.999525", "street_type": "طريق سريع", "color": "#f59e0b"}}, {"type": "Feature", "geometry": {"type": "LineString", "coordinates": [[39.23925797337434, 21.53716351811546], [39.23890656295043, 21.53832769707517], [39.23859541352993, 21.53928279254473], [39.23839068816404, 21.53993839807801]]}, "properties": {"name": "طريق الحرمين", "street": "طريق الحرمين", "segment_code": "0507070033", "from_street": "", "to_street": "", "main_street_code": "0033", "region_no": "050707", "direction": "S", "direction_label": "جنوب", "municipality": "بلدية الشرفية", "district": "بني مالك", "sub_district": "بني مالك 4", "length_m": "320.000025", "width_m": "14.8", "area_m2": "4736.00037", "street_type": "طريق سريع", "color": "#f59e0b"}}, {"type": "Feature", "geometry": {"type": "LineString", "coordinates": [[39.24006329884023, 21.53456271140184], [39.2397388962231, 21.5355877690894], [39.23925698853064, 21.53716608361471]]}, "properties": {"name": "طريق الحرمين", "street": "طريق الحرمين", "segment_code": "0507050033", "from_street": "", "to_street": "", "main_street_code": "0033", "region_no": "050705", "direction": "S", "direction_label": "جنوب", "municipality": "بلدية الشرفية", "district": "بني مالك", "sub_district": "بني مالك 4", "length_m": "599.999983", "width_m": "14.8", "area_m2": "4439.999878", "street_type": "طريق سريع", "color": "#f59e0b"}}, {"type": "Feature", "geometry": {"type": "LineString", "coordinates": [[39.24088047852485, 21.53196228486134], [39.24047285678005, 21.53326855596533], [39.24006329884023, 21.53456271140184]]}, "properties": {"name": "طريق الحرمين", "street": "طريق الحرمين", "segment_code": "0507050033L1", "from_street": "", "to_street": "", "main_street_code": "0033", "region_no": "050705", "direction": "S", "direction_label": "جنوب", "municipality": "بلدية الشرفية", "district": "بني مالك", "sub_district": "بني مالك 4", "length_m": "599.999983", "width_m": "14.8", "area_m2": "4439.999878", "street_type": "طريق سريع", "color": "#f59e0b"}}, {"type": "Feature", "geometry": {"type": "LineString", "coordinates": [[39.2420298749751, 21.52835519199574], [39.24200002603082, 21.52844461410437], [39.24090091831386, 21.53196225535101]]}, "properties": {"name": "طريق الحرمين", "street": "طريق الحرمين", "segment_code": "0506040033", "from_street": "", "to_street": "", "main_street_code": "0033", "region_no": "050604", "direction": "S", "direction_label": "جنوب", "municipality": "بلدية الشرفية", "district": "النسيم", "sub_district": "النسيم 3", "length_m": "2079.999981", "width_m": "14.8", "area_m2": "6156.799943", "street_type": "طريق سريع", "color": "#f59e0b"}}, {"type": "Feature", "geometry": {"type": "LineString", "coordinates": [[39.24342845822186, 21.52483460635162], [39.24328643837638, 21.52514441881771], [39.24305273658534, 21.52563737528875], [39.24261622288432, 21.52675260027202], [39.24229814379365, 21.52755150139466], [39.2420298749751, 21.52835519199574]]}, "properties": {"name": "طريق الحرمين", "street": "طريق الحرمين", "segment_code": "0506040033L1", "from_street": "", "to_street": "", "main_street_code": "0033", "region_no": "050604", "direction": "S", "direction_label": "جنوب", "municipality": "بلدية الشرفية", "district": "النسيم", "sub_district": "النسيم 3", "length_m": "2079.999981", "width_m": "14.8", "area_m2": "6156.799943", "street_type": "طريق سريع", "color": "#f59e0b"}}, {"type": "Feature", "geometry": {"type": "LineString", "coordinates": [[39.24521353430362, 21.52146977035137], [39.24435543406113, 21.5229931579202], [39.24381766876522, 21.52398554672022], [39.24342845822186, 21.52483460635162]]}, "properties": {"name": "طريق الحرمين", "street": "طريق الحرمين", "segment_code": "0506040033L2", "from_street": "", "to_street": "", "main_street_code": "0033", "region_no": "050604", "direction": "S", "direction_label": "جنوب", "municipality": "بلدية الشرفية", "district": "النسيم", "sub_district": "النسيم 3", "length_m": "2079.999981", "width_m": "14.8", "area_m2": "6156.799943", "street_type": "طريق سريع", "color": "#f59e0b"}}, {"type": "Feature", "geometry": {"type": "LineString", "coordinates": [[39.2473616204871, 21.51829580387314], [39.24708290701344, 21.51865167002248], [39.24622677140201, 21.51988874939559], [39.24567129880106, 21.52074472515689], [39.24521896207948, 21.52146013429214], [39.24521353430362, 21.52146977035137]]}, "properties": {"name": "طريق الحرمين", "street": "طريق الحرمين", "segment_code": "0506040033L3", "from_street": "", "to_street": "", "main_street_code": "0033", "region_no": "050604", "direction": "S", "direction_label": "جنوب", "municipality": "بلدية الشرفية", "district": "النسيم", "sub_district": "النسيم 3", "length_m": "2079.999981", "width_m": "14.8", "area_m2": "6156.799943", "street_type": "طريق سريع", "color": "#f59e0b"}}, {"type": "Feature", "geometry": {"type": "LineString", "coordinates": [[39.24977292853268, 21.51529003448866], [39.24952914804492, 21.51559443312056], [39.24934532288975, 21.51582396701897], [39.24815208416865, 21.51728651433133], [39.2473616204871, 21.51829580387314]]}, "properties": {"name": "طريق الحرمين", "street": "طريق الحرمين", "segment_code": "0506040033L4", "from_street": "", "to_street": "", "main_street_code": "0033", "region_no": "050604", "direction": "S", "direction_label": "جنوب", "municipality": "بلدية الشرفية", "district": "النسيم", "sub_district": "النسيم 3", "length_m": "2079.999981", "width_m": "14.8", "area_m2": "6156.799943", "street_type": "طريق سريع", "color": "#f59e0b"}}, {"type": "Feature", "geometry": {"type": "LineString", "coordinates": [[39.2514915650149, 21.5131082062576], [39.25125341772596, 21.51340880210716], [39.2507295621459, 21.51407002098824], [39.24988873379876, 21.51514543228327], [39.24977419777996, 21.51529091701968]]}, "properties": {"name": "طريق الحرمين", "street": "طريق الحرمين", "segment_code": "0506140033", "from_street": "", "to_street": "", "main_street_code": "0033", "region_no": "050614", "direction": "S", "direction_label": "جنوب", "municipality": "بلدية الشرفية", "district": "النسيم", "sub_district": "النسيم 3", "length_m": "299.999995", "width_m": "14.8", "area_m2": "4439.999931", "street_type": "طريق سريع", "color": "#f59e0b"}}, {"type": "Feature", "geometry": {"type": "LineString", "coordinates": [[39.25221764634259, 21.51226330600416], [39.2514915650149, 21.5131082062576]]}, "properties": {"name": "طريق الحرمين", "street": "طريق الحرمين", "segment_code": "0506150033", "from_street": "", "to_street": "", "main_street_code": "0033", "region_no": "050615", "direction": "S", "direction_label": "جنوب", "municipality": "بلدية الشرفية", "district": "النسيم", "sub_district": "النسيم 3", "length_m": "119.999983", "width_m": "14.8", "area_m2": "1775.999754", "street_type": "طريق سريع", "color": "#f59e0b"}}, {"type": "Feature", "geometry": {"type": "LineString", "coordinates": [[39.25292095970855, 21.51139817138694], [39.25248502455574, 21.51192351756284], [39.25228207135128, 21.51217969564542], [39.252218318544, 21.51226016787663]]}, "properties": {"name": "طريق الحرمين", "street": "طريق الحرمين", "segment_code": "0206230033", "from_street": "", "to_street": "", "main_street_code": "0033", "region_no": "020623", "direction": "S", "direction_label": "جنوب", "municipality": "بلدية الجامعة", "district": "السليمانية", "sub_district": "السليمانية 1", "length_m": "119.99999", "width_m": "14.8", "area_m2": "1775.999859", "street_type": "طريق سريع", "color": "#f59e0b"}}, {"type": "Feature", "geometry": {"type": "LineString", "coordinates": [[39.18602374700004, 21.45968990000006], [39.18609427600006, 21.45968335200007], [39.18616480600008, 21.45967680500007], [39.18623533600004, 21.45967025800007], [39.18630586600005, 21.45966371100008], [39.18637639600007, 21.45965716300003], [39.18644692600003, 21.45965061600003], [39.18651745500006, 21.45964406900003], [39.18658798500007, 21.45963752200004], [39.18665851500003, 21.45963097400005], [39.18672904500005, 21.45962442700005], [39.18679957500007, 21.45961788000005], [39.18687010400004, 21.45961133300005], [39.18694063400005, 21.45960478600006], [39.18701116400007, 21.45959823800007], [39.18708169400003, 21.45959169100007], [39.18715222400004, 21.45958514400007], [39.18722275300007, 21.45957859700007], [39.18729328300003, 21.45957204900003], [39.18736381300005, 21.45956550200003], [39.18743434300006, 21.45955895500003], [39.18750487300008, 21.45955240800004], [39.18757540200005, 21.45954586000005], [39.18764593200007, 21.45953931300005], [39.18771646200003, 21.45953276600005], [39.18778699200004, 21.45952621900005], [39.18785752200006, 21.45951967100007], [39.18792805100003, 21.45951312400007], [39.18799858100004, 21.45950657700007], [39.18806911100006, 21.45950003000007], [39.18813969200005, 21.45949314500007], [39.18821028600007, 21.45948639000005], [39.18828089200008, 21.45947976200006], [39.18835151000007, 21.45947326300006], [39.18842213900007, 21.45946689300007], [39.18849278000005, 21.45946065100003], [39.18856343200008, 21.45945453800005], [39.18863409600004, 21.45944855300007], [39.18870477000007, 21.45944269700004], [39.18877545400005, 21.45943697000007], [39.18884614900003, 21.45943137100005], [39.18891685400007, 21.45942590100003], [39.18898756900006, 21.45942056000007], [39.18905829300007, 21.45941534700006], [39.18912902700004, 21.45941026300005], [39.18919977000007, 21.45940530700005], [39.18927052200007, 21.45940048100005], [39.18934128200004, 21.45939578300005], [39.18941205100003, 21.45939121400005], [39.18948282800005, 21.45938677400005], [39.18955361300004, 21.45938246200006], [39.18962440600006, 21.45937827900008], [39.18969520600007, 21.45937422600002], [39.18976601400004, 21.45937030100004], [39.18983682800007, 21.45936650500005], [39.18990764900008, 21.45936283700007], [39.18997847700007, 21.45935929900003], [39.19004931100005, 21.45935588900005], [39.19012015200008, 21.45935260900006], [39.19019099800005, 21.45934945700003], [39.19026185000007, 21.45934643500004], [39.19033270700004, 21.45934354100007], [39.19040356900007, 21.45934077600003], [39.19047443600004, 21.45933814000006], [39.19054530800003, 21.45933563300002], [39.19061618500007, 21.45933325500005], [39.19068706500008, 21.45933100600007], [39.19075795000003, 21.45932888600004], [39.19082883800007, 21.45932689500006], [39.19089973000007, 21.45932503300003], [39.19097062500003, 21.45932330000005], [39.19104152300002, 21.45932169600007], [39.19111242400004, 21.45932022200003], [39.19118332700003, 21.45931887600005], [39.19125423300005, 21.45931765900008], [39.19132514100005, 21.45931657100004], [39.19139546700006, 21.45931528800003], [39.19146579300008, 21.45931400400008], [39.19153611900003, 21.45931272100006], [39.19160644400006, 21.45931143800004], [39.19167677000007, 21.45931015500003], [39.19174709600003, 21.45930887100008], [39.19181742200004, 21.45930758800006], [39.19188774800006, 21.45930630500004], [39.19195807400007, 21.45930502200002], [39.19202840000003, 21.45930373800007], [39.19209872600004, 21.45930245500006], [39.19216905200005, 21.45930117200004], [39.19223937800007, 21.45929988900008], [39.19230970400002, 21.45929860500007], [39.19238003000004, 21.45929732200005], [39.19245035500006, 21.45929603900004], [39.19252068100008, 21.45929475500003], [39.19259100700003, 21.45929347200007], [39.19266133300005, 21.45929218900005], [39.19273165900006, 21.45929090600004], [39.19280198500007, 21.45928962200003], [39.19287231100003, 21.45928833900007], [39.19294263700004, 21.45928705600005], [39.19301296300006, 21.45928577300003], [39.19308328900007, 21.45928448900003], [39.19315361500003, 21.45928320600007]]}, "properties": {"name": "طريق الفلاح", "street": "طريق الفلاح", "segment_code": "0213030108BS", "from_street": "الثعالبة 1", "to_street": "الذهب", "main_street_code": "0108", "region_no": "021303", "direction": "W", "direction_label": "غرب", "municipality": "بلدية الجامعة", "district": "الثعالبة", "sub_district": "الثعالبة 1", "length_m": "740.507192", "width_m": "", "area_m2": "5479.753223", "street_type": "طريق سريع", "color": "#a78bfa"}}, {"type": "Feature", "geometry": {"type": "LineString", "coordinates": [[39.23808542100005, 21.44999590000003], [39.23797801700005, 21.45000224400007], [39.23787061200005, 21.45000858800006], [39.23776320700006, 21.45001493100006], [39.23765580300005, 21.45002127500004], [39.23754839800006, 21.45002761900002], [39.23744099400005, 21.45003396200008], [39.23733358900006, 21.45004030600006], [39.23722618400006, 21.45004665000005], [39.23711878000006, 21.45005299300004], [39.23701137500007, 21.45005933700003], [39.23690397000007, 21.45006568100007], [39.23679656600007, 21.45007202400006], [39.23668916100007, 21.45007836800005], [39.23658175600008, 21.45008471200003], [39.23647435200007, 21.45009105500003], [39.23636694700008, 21.45009739900007], [39.23625954300007, 21.45010374300006], [39.23615213800008, 21.45011008600005], [39.23604473300003, 21.45011643000004], [39.23593732900008, 21.45012277400008], [39.23582992400003, 21.45012911700007], [39.23572251900003, 21.45013546100006], [39.23561511500003, 21.45014180500004], [39.23550771800006, 21.45014896900005], [39.23540032200003, 21.45015613300006], [39.23529292500007, 21.45016329700007], [39.23518552900003, 21.45017046200007], [39.23507813300006, 21.45017762600003], [39.23497073600004, 21.45018479000004], [39.23486334000006, 21.45019195400005], [39.23475594300004, 21.45019911800006], [39.23464854700006, 21.45020628300006], [39.23454115000004, 21.45021344700007], [39.23443375400007, 21.45022061100008], [39.23432635700004, 21.45022777500003], [39.23421896100007, 21.45023494000003], [39.23411156400005, 21.45024210400004], [39.23400416800007, 21.45024926800005], [39.23389677100005, 21.45025643200006], [39.23378937500007, 21.45026359700006], [39.23368197900004, 21.45027076100007], [39.23357458200007, 21.45027792500002], [39.23346718600004, 21.45028508900003], [39.23335978900008, 21.45029225300004], [39.23325239300004, 21.45029941800004], [39.23314499600008, 21.45030658200005], [39.23303760000005, 21.45031374600006], [39.23293020300008, 21.45032091000007], [39.23282280700005, 21.45032807500007], [39.23271541000003, 21.45033523900003], [39.23260801400005, 21.45034240300004], [39.23250061800007, 21.45034956700005], [39.23239322100005, 21.45035673100006], [39.23228582500008, 21.45036389600006], [39.23217842800005, 21.45037106000007], [39.23207448700003, 21.45037821900007], [39.23197054600007, 21.45038537900007], [39.23186660400006, 21.45039253800007], [39.23176266300004, 21.45039969800007], [39.23165872200008, 21.45040685700008], [39.23155478000007, 21.45041401700007], [39.23145083900005, 21.45042117600008], [39.23134689800003, 21.45042833600007], [39.23124295600007, 21.45043549500002], [39.23113901500005, 21.45044265500007], [39.23103507400003, 21.45044981400002], [39.23093113200008, 21.45045697400008], [39.23082719100006, 21.45046413300003], [39.23072325000004, 21.45047129300008], [39.23061930800003, 21.45047845200003], [39.23051536700007, 21.45048561200002], [39.23041142600005, 21.45049277100003], [39.23030748500003, 21.45049993000003], [39.23020354300007, 21.45050709000003], [39.23009960200005, 21.45051424900004], [39.22999566100003, 21.45052140900003], [39.22989171900008, 21.45052856800004], [39.22978777800006, 21.45053572800003], [39.22968383700004, 21.45054288700004], [39.22957989500003, 21.45055004700004], [39.22947676400003, 21.45055613200003], [39.22937368700008, 21.45056309300003], [39.22927067400008, 21.45057093000003], [39.22916773100008, 21.45057964200004], [39.22906486500005, 21.45058922900006], [39.22896208500003, 21.45059969000005], [39.22885939700006, 21.45061102300008], [39.22875681000005, 21.45062322900003], [39.22865433000004, 21.45063630700002], [39.22855196400008, 21.45065025500003], [39.22844972100006, 21.45066507200005], [39.22834760800004, 21.45068075800003], [39.22824563100005, 21.45069731100006], [39.22814379900007, 21.45071473000007], [39.22804211900007, 21.45073301400004], [39.22794059800003, 21.45075216100003], [39.22783924300006, 21.45077217000005], [39.22773806100003, 21.45079304100005], [39.22763706100005, 21.45081477000002], [39.22753624900002, 21.45083735700007], [39.22743563300003, 21.45086079900005], [39.22733522000004, 21.45088509700003]]}, "properties": {"name": "طريق الفلاح", "street": "طريق الفلاح", "segment_code": "1001030108BS", "from_street": "المحجر", "to_street": "شارع رئيسي 0444", "main_street_code": "0108", "region_no": "100103", "direction": "E", "direction_label": "شرق", "municipality": "بلدية المليساء", "district": "الوزيرية", "sub_district": "الوزيرية 1", "length_m": "3317.988221", "width_m": "", "area_m2": "8283.106828", "street_type": "طريق سريع", "color": "#a78bfa"}}, {"type": "Feature", "geometry": {"type": "LineString", "coordinates": [[39.2487403505418, 21.44940402015666], [39.2457994180537, 21.44960588524605], [39.24398485600499, 21.44969559090686], [39.24150637166128, 21.44982377862625], [39.23891969473091, 21.44994661695863], [39.23808542133216, 21.44999590019611]]}, "properties": {"name": "طريق الفلاح", "street": "طريق الفلاح", "segment_code": "1001040108BS", "from_street": "المحجر", "to_street": "شارع رئيسي 0444", "main_street_code": "0108", "region_no": "100104", "direction": "E", "direction_label": "شرق", "municipality": "بلدية المليساء", "district": "الوزيرية", "sub_district": "الوزيرية 1", "length_m": "3317.988221", "width_m": "", "area_m2": "8184.400013", "street_type": "طريق سريع", "color": "#a78bfa"}}, {"type": "Feature", "geometry": {"type": "LineString", "coordinates": [[39.23468631740582, 21.45086839366365], [39.23553283015053, 21.45083350838118], [39.23662753217015, 21.45076968624962], [39.23750533134054, 21.45071850451628], [39.23920959059033, 21.45061912106404], [39.24342009348019, 21.45028499990561]]}, "properties": {"name": "طريق الفلاح", "street": "طريق الفلاح", "segment_code": "0212110108BS", "from_street": "الشيخ محمد بن صالح العثيمين", "to_street": "الإسكان", "main_street_code": "0108", "region_no": "021211", "direction": "W", "direction_label": "غرب", "municipality": "بلدية الجامعة", "district": "مدائن الفهد", "sub_district": "مدائن الفهد 3", "length_m": "2721.987617", "width_m": "", "area_m2": "10071.400077", "street_type": "طريق سريع", "color": "#a78bfa"}}, {"type": "Feature", "geometry": {"type": "LineString", "coordinates": [[39.22603963800003, 21.45182281400002], [39.22611975900003, 21.45179242500006], [39.22620010700007, 21.45176264100007], [39.22628067600004, 21.45173346200005], [39.22636146300005, 21.45170489000003], [39.22644246300007, 21.45167692700005], [39.22652367100005, 21.45164957500003], [39.22660508200005, 21.45162283400003], [39.22668669300003, 21.45159670800007], [39.22676849800007, 21.45157119600003], [39.22685049200004, 21.45154630100006], [39.22693267200003, 21.45152202400004], [39.22701503200005, 21.45149836600007], [39.22709756800003, 21.45147532900006], [39.22718027400003, 21.45145291300003], [39.22726314800008, 21.45143112100004], [39.22734618300007, 21.45140995300005], [39.22742937500004, 21.45138941100004], [39.22751271900006, 21.45136949600004], [39.22759621000006, 21.45135020900005], [39.22767984500007, 21.45133155100007], [39.22776361800004, 21.45131352200008], [39.22784752400003, 21.45129612500006], [39.22793155800008, 21.45127936000006], [39.22801571700006, 21.45126322800007], [39.22809999400005, 21.45124773000003], [39.22818438600007, 21.45123286700004], [39.22826888700007, 21.45121863900005], [39.22835349300004, 21.45120504800008], [39.22843819900004, 21.45119209500007], [39.22852299900006, 21.45117977900003], [39.22860789100002, 21.45116810200005], [39.22869286700006, 21.45115706400003], [39.22877792500003, 21.45114666600006], [39.22886305800006, 21.45113690900007], [39.22894826200007, 21.45112779300007], [39.22903353300006, 21.45111931800005], [39.22911886500003, 21.45111148600006], [39.22920425300003, 21.45110429600004], [39.22928969300006, 21.45109774900004], [39.22937518000003, 21.45109184500006], [39.22946070900008, 21.45108658500004], [39.22954627500008, 21.45108196900003], [39.22963187400006, 21.45107799800007], [39.22971750000005, 21.45107467000003], [39.22980341000005, 21.45107106600005], [39.22988932100003, 21.45106746100004], [39.22997523200007, 21.45106385600008], [39.23006114300006, 21.45106025200005], [39.23014705300005, 21.45105664700003], [39.23023296400004, 21.45105304200007], [39.23031887500008, 21.45104943800004], [39.23040478600007, 21.45104583300002], [39.23049069600006, 21.45104222800006], [39.23057660700005, 21.45103862400003], [39.23066251800003, 21.45103501900007], [39.23074842900007, 21.45103141400006], [39.23083433900007, 21.45102781000003], [39.23092025000005, 21.45102420500007], [39.23100616100004, 21.45102060000005], [39.23109207100003, 21.45101699600008], [39.23117798200008, 21.45101339100006], [39.23126389300006, 21.45100978600004], [39.23134980400005, 21.45100618200007], [39.23143571400004, 21.45100257700005], [39.23152162500003, 21.45099897200004], [39.23160753600007, 21.45099536800006], [39.23169344700005, 21.45099176300005], [39.23177935700005, 21.45098815800003], [39.23186485600007, 21.45098463600004], [39.23195035500004, 21.45098111300007], [39.23203585400006, 21.45097759100003], [39.23212135300003, 21.45097406800005], [39.23220685200005, 21.45097054600006], [39.23229235000008, 21.45096702300003], [39.23237784900004, 21.45096350100005], [39.23246334800007, 21.45095997900006], [39.23254884700003, 21.45095645600003], [39.23263434600005, 21.45095293400004], [39.23271984500008, 21.45094941100007], [39.23280534300005, 21.45094588900002], [39.23289084200007, 21.45094236600005], [39.23297634100004, 21.45093884400006], [39.23306184000006, 21.45093532100003], [39.23314733900003, 21.45093179900005], [39.23323283700006, 21.45092827600007], [39.23331833600002, 21.45092475400003], [39.23340383500005, 21.45092123100005], [39.23348933400007, 21.45091770900007], [39.23357483300003, 21.45091418600003], [39.23366033200006, 21.45091066400005], [39.23374583000003, 21.45090714100007], [39.23383132900005, 21.45090361900003], [39.23391682800008, 21.45090009600005], [39.23400232700004, 21.45089657400007], [39.23408782600006, 21.45089305100004], [39.23417332400004, 21.45088952900005], [39.23425882300006, 21.45088600600008], [39.23434432200003, 21.45088248400003], [39.23442982100005, 21.45087896100006], [39.23451532000007, 21.45087543900007], [39.23460081900004, 21.45087191600004], [39.23468631700007, 21.45086839400005]]}, "properties": {"name": "طريق الفلاح", "street": "طريق الفلاح", "segment_code": "0212100108BS", "from_street": "الشيخ محمد بن صالح العثيمين", "to_street": "الإسكان", "main_street_code": "0108", "region_no": "021210", "direction": "W", "direction_label": "غرب", "municipality": "بلدية الجامعة", "district": "مدائن الفهد", "sub_district": "مدائن الفهد 3", "length_m": "2721.987617", "width_m": "", "area_m2": "10071.285637", "street_type": "طريق سريع", "color": "#a78bfa"}}, {"type": "Feature", "geometry": {"type": "LineString", "coordinates": [[39.17937352012839, 21.45866619583697], [39.17930369403348, 21.45941171336623], [39.1792945700693, 21.45967676519012], [39.17923623076495, 21.46013199654509], [39.1791730387091, 21.46053318966713], [39.17906804525204, 21.46113141713086], [39.17901601184886, 21.46152443971881]]}, "properties": {"name": "طريق الفلاح", "street": "طريق الفلاح", "segment_code": "0111020108BR", "from_street": "ميناء جدة الإسلامي 1", "to_street": "الميناء", "main_street_code": "0108", "region_no": "011102", "direction": "S", "direction_label": "جنوب", "municipality": "بلدية البلد", "district": "ميناء جدة الإسلامي", "sub_district": "ميناء جدة الإسلامي 1", "length_m": "875.347358", "width_m": "", "area_m2": "2358.689418", "street_type": "طريق سريع", "color": "#a78bfa"}}, {"type": "Feature", "geometry": {"type": "LineString", "coordinates": [[39.2816341050143, 21.44141066681194], [39.27925047694685, 21.44212769876103], [39.2783086773925, 21.44239072251702]]}, "properties": {"name": "طريق الفلاح", "street": "طريق الفلاح", "segment_code": "1010050108L1", "from_street": "عبد الملك بن دثار", "to_street": "بداية طريق جدة_مكة", "main_street_code": "0108", "region_no": "101005", "direction": "E", "direction_label": "شرق", "municipality": "بلدية الجنوب", "district": "الأمير فواز الجنوبى", "sub_district": "الأمير فواز الجنوبى 1", "length_m": "1083.809513", "width_m": "", "area_m2": "4010.095199", "street_type": "طريق سريع", "color": "#a78bfa"}}, {"type": "Feature", "geometry": {"type": "LineString", "coordinates": [[39.25413699959829, 21.50987123951003], [39.25334563405092, 21.51088429647799], [39.25292547080088, 21.51139243430676]]}, "properties": {"name": "طريق الحرمين", "street": "طريق الحرمين", "segment_code": "0206220033", "from_street": "", "to_street": "", "main_street_code": "0033", "region_no": "020622", "direction": "S", "direction_label": "جنوب", "municipality": "بلدية الجامعة", "district": "السليمانية", "sub_district": "السليمانية 1", "length_m": "209.999989", "width_m": "14.8", "area_m2": "3107.999832", "street_type": "طريق سريع", "color": "#f59e0b"}}, {"type": "Feature", "geometry": {"type": "LineString", "coordinates": [[39.25660632898311, 21.50686123251034], [39.25413699959829, 21.50987123951003]]}, "properties": {"name": "طريق الحرمين", "street": "طريق الحرمين", "segment_code": "0206240033", "from_street": "", "to_street": "", "main_street_code": "0033", "region_no": "020624", "direction": "S", "direction_label": "جنوب", "municipality": "بلدية الجامعة", "district": "السليمانية", "sub_district": "السليمانية 1", "length_m": "420.000026", "width_m": "14.8", "area_m2": "6216.000386", "street_type": "طريق سريع", "color": "#f59e0b"}}, {"type": "Feature", "geometry": {"type": "LineString", "coordinates": [[39.25821843033848, 21.50482966512685], [39.2577891184216, 21.50535888758074], [39.25660562605418, 21.50685809308851]]}, "properties": {"name": "طريق الحرمين", "street": "طريق الحرمين", "segment_code": "0206270033", "from_street": "", "to_street": "", "main_street_code": "0033", "region_no": "020627", "direction": "S", "direction_label": "جنوب", "municipality": "بلدية الجامعة", "district": "السليمانية", "sub_district": "السليمانية 1", "length_m": "559.681195", "width_m": "14.8", "area_m2": "4141.640843", "street_type": "طريق سريع", "color": "#f59e0b"}}, {"type": "Feature", "geometry": {"type": "LineString", "coordinates": [[39.25985203963742, 21.50281583319125], [39.25821843033848, 21.50482966512685]]}, "properties": {"name": "طريق الحرمين", "street": "طريق الحرمين", "segment_code": "0206270033L1", "from_street": "", "to_street": "", "main_street_code": "0033", "region_no": "020627", "direction": "S", "direction_label": "جنوب", "municipality": "بلدية الجامعة", "district": "السليمانية", "sub_district": "السليمانية 1", "length_m": "559.681195", "width_m": "14.8", "area_m2": "4141.640843", "street_type": "طريق سريع", "color": "#f59e0b"}}, {"type": "Feature", "geometry": {"type": "LineString", "coordinates": [[39.27029972193829, 21.48236132509939], [39.27123978573935, 21.47932393270576]]}, "properties": {"name": "طريق الحرمين", "street": "طريق الحرمين", "segment_code": "1101130033", "from_street": "", "to_street": "", "main_street_code": "0033", "region_no": "110113", "direction": "N", "direction_label": "شمال", "municipality": "بلدية أم السلم", "district": "المنتزهات", "sub_district": "المنتزهات 2", "length_m": "350.000001", "width_m": "14.8", "area_m2": "5180.000021", "street_type": "طريق سريع", "color": "#f59e0b"}}, {"type": "Feature", "geometry": {"type": "LineString", "coordinates": [[39.26943995647809, 21.48513894242868], [39.27029947666973, 21.48236190314634]]}, "properties": {"name": "طريق الحرمين", "street": "طريق الحرمين", "segment_code": "1101120033", "from_street": "", "to_street": "", "main_street_code": "0033", "region_no": "110112", "direction": "N", "direction_label": "شمال", "municipality": "بلدية أم السلم", "district": "المنتزهات", "sub_district": "المنتزهات 2", "length_m": "319.999999", "width_m": "14.8", "area_m2": "4735.999981", "street_type": "طريق سريع", "color": "#f59e0b"}}, {"type": "Feature", "geometry": {"type": "LineString", "coordinates": [[39.26722117000003, 21.49206010300003], [39.26723429900005, 21.49202636000007], [39.26724739000008, 21.49199260200004], [39.26726044400004, 21.49195883000004], [39.26727345900008, 21.49192504300004], [39.26728643600006, 21.49189124100008], [39.26729937500005, 21.49185742500003], [39.26731227600004, 21.49182359400004], [39.26732513900004, 21.49178974900008], [39.26733796400003, 21.49175589000004], [39.26735075100004, 21.49172201600004], [39.26736349900006, 21.49168812700003], [39.26737621000007, 21.49165422400006], [39.26738888200003, 21.49162030700006], [39.26740151700005, 21.49158637600004], [39.26741411300003, 21.49155243100006], [39.26742667100007, 21.49151847100006], [39.26743919000006, 21.49148449700004], [39.26745167200005, 21.49145051000005], [39.26746411500005, 21.49141650800004], [39.26747652000006, 21.49138249200007], [39.26748888700007, 21.49134846200008], [39.26750121500004, 21.49131441900005], [39.26751350500007, 21.49128036100007], [39.26752575700004, 21.49124629000005], [39.26753797100002, 21.49121220500007], [39.26755014600008, 21.49117810600006], [39.26756228300007, 21.49114399400003], [39.26757438100003, 21.49110986800002], [39.26758644100005, 21.49107572800006], [39.26759846300007, 21.49104157500005], [39.26761044600005, 21.49100740900008], [39.26762239000004, 21.49097322900008], [39.26763429700003, 21.49093903500005], [39.26764616400004, 21.49090482800005], [39.26765799400005, 21.49087060800002], [39.26766978500007, 21.49083637400003], [39.26768153700004, 21.49080212800004], [39.26769325100003, 21.49076786800003], [39.26770492600008, 21.49073359500005], [39.26771656300008, 21.49069930900004], [39.26772816100004, 21.49066500900005], [39.26773972000007, 21.49063069700003], [39.26775124100004, 21.49059637200003], [39.26776272300003, 21.49056203400005], [39.26777416700003, 21.49052768200005], [39.26778557200004, 21.49049331800006], [39.26779693800006, 21.49045894200003], [39.26780826600003, 21.49042455200004], [39.26781955500007, 21.49039015000005], [39.26783080500007, 21.49035573500004], [39.26784201700008, 21.49032130700004], [39.26785319000004, 21.49028686700007], [39.26786432400007, 21.49025241500004], [39.26787541900006, 21.49021794900005], [39.26788647600006, 21.49018347200007], [39.26789752500008, 21.49014943200007], [39.26790857400005, 21.49011539200006], [39.26791962400006, 21.49008135200006], [39.26793067300008, 21.49004731200006], [39.26794172200005, 21.49001327200006], [39.26795277200006, 21.48997923300004], [39.26796382100008, 21.48994519300004], [39.26797487000005, 21.48991115300004], [39.26798592000006, 21.48987711300003], [39.26799696900008, 21.48984307300003], [39.26800801800005, 21.48980903300003], [39.26801906800006, 21.48977499300003], [39.26803011700008, 21.48974095300002], [39.26804116600005, 21.48970691400007], [39.26805221600006, 21.48967287400006], [39.26806326500008, 21.48963883400006], [39.26807431400005, 21.48960479400006], [39.26808536400006, 21.48957075400006], [39.26809641300008, 21.48953671400005], [39.26810746200005, 21.48950267400005], [39.26811851200006, 21.48946863400005], [39.26812956100008, 21.48943459500003], [39.26814061000005, 21.48940055500003], [39.26815166000006, 21.48936651500003], [39.26816270900008, 21.48933247500003], [39.26817375800005, 21.48929843500002], [39.26818480800006, 21.48926439500008], [39.26819585700008, 21.48923035500007], [39.26820690600005, 21.48919631500007], [39.26821795600006, 21.48916227600006], [39.26822900500008, 21.48912823600006], [39.26824005400005, 21.48909419600005], [39.26825110400006, 21.48906015600005], [39.26826215300008, 21.48902611600005], [39.26827320200005, 21.48899207600005], [39.26828425200006, 21.48895803600004], [39.26829530100008, 21.48892399600004], [39.26830635000005, 21.48888995700003], [39.26831740000006, 21.48885591700002], [39.26832844900008, 21.48882187700008], [39.26833949800005, 21.48878783700007], [39.26835054800006, 21.48875379700007], [39.26836159700008, 21.48871975700007], [39.26837264600005, 21.48868571700007], [39.26838369600006, 21.48865167700006], [39.26839474500008, 21.48861763800005]]}, "properties": {"name": "طريق الحرمين", "street": "طريق الحرمين", "segment_code": "1103150033", "from_street": "", "to_street": "", "main_street_code": "0033", "region_no": "110315", "direction": "N", "direction_label": "شمال", "municipality": "بلدية ابرق الرغامة", "district": "الرغامة", "sub_district": "الرغامة 2", "length_m": "399.998726", "width_m": "14.8", "area_m2": "5919.981143", "street_type": "طريق سريع", "color": "#f59e0b"}}, {"type": "Feature", "geometry": {"type": "LineString", "coordinates": [[39.26839474500319, 21.48861763750213], [39.26944008430379, 21.4851385696071]]}, "properties": {"name": "طريق الحرمين", "street": "طريق الحرمين", "segment_code": "1101210033", "from_street": "", "to_street": "", "main_street_code": "0033", "region_no": "110121", "direction": "N", "direction_label": "شمال", "municipality": "بلدية أم السلم", "district": "المنتزهات", "sub_district": "المنتزهات 2", "length_m": "399.999983", "width_m": "14.8", "area_m2": "5919.999745", "street_type": "طريق سريع", "color": "#f59e0b"}}, {"type": "Feature", "geometry": {"type": "LineString", "coordinates": [[39.26552347500007, 21.49559833800004], [39.26554310600005, 21.49556454400005], [39.26556269100007, 21.49553072300006], [39.26558223000006, 21.49549687500007], [39.26560172200004, 21.49546300000003], [39.26562116800005, 21.49542909900003], [39.26564056700005, 21.49539517100004], [39.26565992000008, 21.49536121700004], [39.26567922600003, 21.49532723600004], [39.26569848600008, 21.49529322800004], [39.26571769900005, 21.49525919400003], [39.26573686500006, 21.49522513400007], [39.26575598500006, 21.49519104800004], [39.26577505800003, 21.49515693500007], [39.26579408400005, 21.49512279700008], [39.26581306300005, 21.49508863200003], [39.26583199500004, 21.49505444100004], [39.26585088100006, 21.49502022500008], [39.26586971900008, 21.49498598200006], [39.26588851100007, 21.49495171400002], [39.26590725600005, 21.49491742000004], [39.26592595300008, 21.49488310100003], [39.26594460400003, 21.49484875500008], [39.26596320700003, 21.49481438500004], [39.26598176400006, 21.49477998800006], [39.26600027300003, 21.49474556700005], [39.26601873500005, 21.49471112000003], [39.26603714900006, 21.49467664700006], [39.26605551700004, 21.49464215000006], [39.26607383700008, 21.49460762700005], [39.26609211000005, 21.49457308000007], [39.26611033500006, 21.49453850700007], [39.26612851300007, 21.49450390900006], [39.26614664400006, 21.49446928700007], [39.26616472700005, 21.49443463900008], [39.26618276200003, 21.49439996700005], [39.26620075000005, 21.49436527000006], [39.26621869100006, 21.49433054900004], [39.26623658400007, 21.49429580300006], [39.26625442900007, 21.49426103200005], [39.26627222600007, 21.49422623700008], [39.26628997600005, 21.49419141800007], [39.26630767800003, 21.49415657400004], [39.26632533200006, 21.49412170700003], [39.26634293900003, 21.49408681500006], [39.26636049700005, 21.49405189800007], [39.26637800800006, 21.49401695800003], [39.26639547100007, 21.49398199400002], [39.26641288600007, 21.49394700600004], [39.26643025200008, 21.49391199400003], [39.26644757100007, 21.49387695900003], [39.26646484200006, 21.49384189900007], [39.26648206500005, 21.49380681600007], [39.26649923900004, 21.49377171000003], [39.26651636600008, 21.49373658000007], [39.26653344400006, 21.49370142600003], [39.26655047400004, 21.49366624900006], [39.26656745600008, 21.49363104900004], [39.26658439000005, 21.49359582600005], [39.26660127500003, 21.49356057900007], [39.26661811200006, 21.49352530900006], [39.26663490100003, 21.49349001600007], [39.26665164100007, 21.49345470100008], [39.26666833200005, 21.49341936200005], [39.26668497600008, 21.49338400000005], [39.26670157100006, 21.49334861600005], [39.26671614600008, 21.49331282400004], [39.26673072100004, 21.49327703100005], [39.26674529600007, 21.49324123900004], [39.26675987100003, 21.49320544700004], [39.26677444700005, 21.49316965500003], [39.26678902200007, 21.49313386200004], [39.26680359700003, 21.49309807000003], [39.26681817200006, 21.49306227800002], [39.26683274800007, 21.49302648600008], [39.26684732300004, 21.49299069300002], [39.26686189800006, 21.49295490100008], [39.26687647300002, 21.49291910900007], [39.26689104900004, 21.49288331700006], [39.26690562400006, 21.49284752400007], [39.26692019900003, 21.49281173200006], [39.26693477400005, 21.49277594000006], [39.26694934900007, 21.49274014800005], [39.26696392500003, 21.49270435500006], [39.26697850000005, 21.49266856300005], [39.26699307500007, 21.49263277100005], [39.26700765000004, 21.49259697900004], [39.26702222600005, 21.49256118600005], [39.26703680100007, 21.49252539400004], [39.26705137600004, 21.49248960200003], [39.26706595100006, 21.49245381000003], [39.26708052600003, 21.49241801700003], [39.26709510200004, 21.49238222500003], [39.26710967700006, 21.49234643300002], [39.26712425200003, 21.49231064100007], [39.26713882700005, 21.49227484800002], [39.26715340300007, 21.49223905600007], [39.26716797800003, 21.49220326400007], [39.26718255300005, 21.49216747100007], [39.26719712800008, 21.49213167900007], [39.26721170300004, 21.49209588700006], [39.26722627900006, 21.49206009500006]]}, "properties": {"name": "طريق الحرمين", "street": "طريق الحرمين", "segment_code": "1103140033", "from_street": "", "to_street": "", "main_street_code": "0033", "region_no": "110314", "direction": "N", "direction_label": "شمال", "municipality": "بلدية ابرق الرغامة", "district": "الرغامة", "sub_district": "الرغامة 2", "length_m": "429.997634", "width_m": "14.8", "area_m2": "6363.964983", "street_type": "طريق سريع", "color": "#f59e0b"}}, {"type": "Feature", "geometry": {"type": "LineString", "coordinates": [[39.26313876200004, 21.49909938200005], [39.26316219000006, 21.49907031900005], [39.26318561700003, 21.49904125600006], [39.26321189800007, 21.49900839200006], [39.26323812700008, 21.49897548600006], [39.26326430300003, 21.49894253800005], [39.26329042700007, 21.49890954900008], [39.26331649800005, 21.49887651700004], [39.26334251700007, 21.49884344500003], [39.26336848300008, 21.49881033100007], [39.26339439600008, 21.49877717600003], [39.26342025600007, 21.49874397900004], [39.26344606300006, 21.49871074200007], [39.26347181800003, 21.49867746300004], [39.26349751900005, 21.49864414400002], [39.26352316700007, 21.49861078300006], [39.26354876200003, 21.49857738200006], [39.26357430400003, 21.49854394000005], [39.26359979300003, 21.49851045700007], [39.26362522800008, 21.49847693400005], [39.26365061000007, 21.49844337000007], [39.26367593800006, 21.49840976600007], [39.26370121300005, 21.49837612200002], [39.26372643400003, 21.49834243700008], [39.26375160200007, 21.49830871300003], [39.26377671500006, 21.49827494800007], [39.26380177500005, 21.49824114300003], [39.26382678100003, 21.49820729900006], [39.26385173400007, 21.49817341400006], [39.26387663200006, 21.49813949000003], [39.26390147600006, 21.49810552700006], [39.26392626600006, 21.49807152400007], [39.26395100200006, 21.49803748100004], [39.26397568300007, 21.49800339900003], [39.26400031000003, 21.49796927800003], [39.26402488300005, 21.49793511800004], [39.26404940200007, 21.49790091800003], [39.26407386600005, 21.49786668000007], [39.26409827500004, 21.49783240300007], [39.26412263000003, 21.49779808600005], [39.26414693000004, 21.49776373200007], [39.26417117500006, 21.49772933800006], [39.26419536600002, 21.49769490600005], [39.26421950200006, 21.49766043500006], [39.26424358200006, 21.49762592600007], [39.26426760800007, 21.49759137900003], [39.26429157900003, 21.49755679300006], [39.26431549500006, 21.49752217000002], [39.26433935500006, 21.49748750800006], [39.26436316000007, 21.49745280800005], [39.26438691000004, 21.49741807100003], [39.26441060500008, 21.49738329500008], [39.26443424400003, 21.49734848200006], [39.26445782800005, 21.49731363200004], [39.26448135600003, 21.49727874400003], [39.26450482900003, 21.49724381800007], [39.26452824600005, 21.49720885500005], [39.26455160700004, 21.49717385500003], [39.26457491200006, 21.49713881800005], [39.26459816200003, 21.49710374400007], [39.26462135600008, 21.49706863200004], [39.26464449400004, 21.49703348400004], [39.26466757500003, 21.49699829900004], [39.26469060100004, 21.49696307700003], [39.26471357100007, 21.49692781900006], [39.26473648400003, 21.49689252400003], [39.26475934100006, 21.49685719300004], [39.26478214200006, 21.49682182500004], [39.26480488700003, 21.49678642100002], [39.26482757500003, 21.49675098100005], [39.26485020700005, 21.49671550500005], [39.26487278200005, 21.49667999300004], [39.26489530100002, 21.49664444500007], [39.26491776300003, 21.49660886100003], [39.26494016800007, 21.49657324100008], [39.26496251600003, 21.49653758600004], [39.26498480800007, 21.49650189500005], [39.26500704300003, 21.49646616900003], [39.26502922100008, 21.49643040700005], [39.26505134200005, 21.49639461000004], [39.26507340600006, 21.49635877800006], [39.26509541200005, 21.49632291100005], [39.26511736200007, 21.49628700800002], [39.26513925500007, 21.49625107100007], [39.26516109000005, 21.49621509900004], [39.26518286800007, 21.49617909300002], [39.26520458800007, 21.49614305100005], [39.26522625100006, 21.49610697600008], [39.26524785700008, 21.49607086500004], [39.26526940500003, 21.49603472100006], [39.26529089600007, 21.49599854200005], [39.26531232800005, 21.49596232900006], [39.26533370400006, 21.49592608100005], [39.26535502100006, 21.49588980000004], [39.26537628100004, 21.49585348500005], [39.26539748200003, 21.49581713600003], [39.26541862600004, 21.49578075400007], [39.26543971200005, 21.49574433800007], [39.26546074000004, 21.49570788800003], [39.26548171000007, 21.49567140500005], [39.26550262100005, 21.49563488800004], [39.26552347500007, 21.49559833800004]]}, "properties": {"name": "طريق الحرمين", "street": "طريق الحرمين", "segment_code": "1103080033", "from_street": "", "to_street": "", "main_street_code": "0033", "region_no": "110308", "direction": "N", "direction_label": "شمال", "municipality": "بلدية ابرق الرغامة", "district": "الرغامة", "sub_district": "الرغامة 3", "length_m": "1839.995598", "width_m": "14.8", "area_m2": "6807.934456", "street_type": "طريق سريع", "color": "#f59e0b"}}, {"type": "Feature", "geometry": {"type": "LineString", "coordinates": [[39.26046415824009, 21.50241725152624], [39.2631387621319, 21.49909938228499]]}, "properties": {"name": "طريق الحرمين", "street": "طريق الحرمين", "segment_code": "1103080033R1", "from_street": "", "to_street": "", "main_street_code": "0033", "region_no": "110308", "direction": "N", "direction_label": "شمال", "municipality": "بلدية ابرق الرغامة", "district": "الرغامة", "sub_district": "الرغامة 3", "length_m": "1839.995598", "width_m": "14.8", "area_m2": "6808.00013", "street_type": "طريق سريع", "color": "#f59e0b"}}, {"type": "Feature", "geometry": {"type": "LineString", "coordinates": [[39.25778943339306, 21.50573507784847], [39.26046415824009, 21.50241725152624]]}, "properties": {"name": "طريق الحرمين", "street": "طريق الحرمين", "segment_code": "1103080033R2", "from_street": "", "to_street": "", "main_street_code": "0033", "region_no": "110308", "direction": "N", "direction_label": "شمال", "municipality": "بلدية ابرق الرغامة", "district": "الرغامة", "sub_district": "الرغامة 3", "length_m": "1839.995598", "width_m": "14.8", "area_m2": "6808.00013", "street_type": "طريق سريع", "color": "#f59e0b"}}, {"type": "Feature", "geometry": {"type": "LineString", "coordinates": [[39.2551145875624, 21.50905286122972], [39.25778943339306, 21.50573507784847]]}, "properties": {"name": "طريق الحرمين", "street": "طريق الحرمين", "segment_code": "1103080033R3", "from_street": "", "to_street": "", "main_street_code": "0033", "region_no": "110308", "direction": "N", "direction_label": "شمال", "municipality": "بلدية ابرق الرغامة", "district": "الرغامة", "sub_district": "الرغامة 3", "length_m": "1839.995598", "width_m": "14.8", "area_m2": "6808.00013", "street_type": "طريق سريع", "color": "#f59e0b"}}]}