{"type": "FeatureCollection", "features": [{"type": "Feature", "geometry": {"type": "Point", "coordinates": [39.4314507, 21.3886427]}, "properties": {"layer": "lighting", "name": "s13", "kind": "نقطة إنارة", "description": "", "color": "#fde047"}}, {"type": "Feature", "geometry": {"type": "Point", "coordinates": [39.4447197, 21.3847376]}, "properties": {"layer": "lighting", "name": "s14", "kind": "نقطة إنارة", "description": "", "color": "#fde047"}}, {"type": "Feature", "geometry": {"type": "Point", "coordinates": [39.4595736, 21.3788586]}, "properties": {"layer": "lighting", "name": "s15", "kind": "نقطة إنارة", "description": "", "color": "#fde047"}}, {"type": "Feature", "geometry": {"type": "Point", "coordinates": [39.4767309, 21.3775005]}, "properties": {"layer": "lighting", "name": "s16", "kind": "نقطة إنارة", "description": "", "color": "#fde047"}}, {"type": "Feature", "geometry": {"type": "Point", "coordinates": [39.4937636, 21.3793404]}, "properties": {"layer": "lighting", "name": "s17", "kind": "نقطة إنارة", "description": "", "color": "#fde047"}}, {"type": "Feature", "geometry": {"type": "Point", "coordinates": [39.51063948386975, 21.37896645911917]}, "properties": {"layer": "lighting", "name": "s18", "kind": "نقطة إنارة", "description": "", "color": "#fde047"}}, {"type": "Feature", "geometry": {"type": "Point", "coordinates": [39.5239304, 21.3697842]}, "properties": {"layer": "lighting", "name": "s19", "kind": "نقطة إنارة", "description": "", "color": "#fde047"}}, {"type": "Feature", "geometry": {"type": "Point", "coordinates": [39.532418, 21.356132]}, "properties": {"layer": "lighting", "name": "s20", "kind": "نقطة إنارة", "description": "", "color": "#fde047"}}, {"type": "Feature", "geometry": {"type": "Point", "coordinates": [39.5483574, 21.3505575]}, "properties": {"layer": "lighting", "name": "s21", "kind": "نقطة إنارة", "description": "", "color": "#fde047"}}, {"type": "Feature", "geometry": {"type": "Point", "coordinates": [39.56550850634687, 21.35185098597909]}, "properties": {"layer": "lighting", "name": "s22", "kind": "نقطة إنارة", "description": "", "color": "#fde047"}}, {"type": "Feature", "geometry": {"type": "Point", "coordinates": [39.58285087467578, 21.35260557172188]}, "properties": {"layer": "lighting", "name": "s23", "kind": "نقطة إنارة", "description": "", "color": "#fde047"}}, {"type": "Feature", "geometry": {"type": "Point", "coordinates": [39.59990258402351, 21.35182746055706]}, "properties": {"layer": "lighting", "name": "s24", "kind": "نقطة إنارة", "description": "", "color": "#fde047"}}, {"type": "Feature", "geometry": {"type": "Point", "coordinates": [39.614182341013, 21.35156124364531]}, "properties": {"layer": "lighting", "name": "s25", "kind": "نقطة إنارة", "description": "", "color": "#fde047"}}, {"type": "Feature", "geometry": {"type": "Point", "coordinates": [39.62438239999999, 21.3518657]}, "properties": {"layer": "lighting", "name": "s26", "kind": "نقطة إنارة", "description": "", "color": "#fde047"}}, {"type": "Feature", "geometry": {"type": "Point", "coordinates": [39.6430383, 21.3523049]}, "properties": {"layer": "lighting", "name": "s27", "kind": "نقطة إنارة", "description": "", "color": "#fde047"}}, {"type": "Feature", "geometry": {"type": "Point", "coordinates": [39.65871492844048, 21.35686439998362]}, "properties": {"layer": "lighting", "name": "s28", "kind": "نقطة إنارة", "description": "", "color": "#fde047"}}, {"type": "Feature", "geometry": {"type": "Point", "coordinates": [39.67592022137926, 21.36767915786831]}, "properties": {"layer": "lighting", "name": "s29", "kind": "نقطة إنارة", "description": "", "color": "#fde047"}}, {"type": "Feature", "geometry": {"type": "Point", "coordinates": [39.69098820058175, 21.3757707919283]}, "properties": {"layer": "lighting", "name": "s30", "kind": "نقطة إنارة", "description": "", "color": "#fde047"}}, {"type": "Feature", "geometry": {"type": "Point", "coordinates": [39.70413821965918, 21.38650742422107]}, "properties": {"layer": "lighting", "name": "s31", "kind": "نقطة إنارة", "description": "", "color": "#fde047"}}, {"type": "Feature", "geometry": {"type": "LineString", "coordinates": [[39.43148146947783, 21.38933297394373], [39.43146200320664, 21.3886660913303], [39.43237401635368, 21.3886133551737], [39.43463194225521, 21.38837570104533], [39.4369180995272, 21.38793267363674], [39.43817697439957, 21.38757628713583], [39.44395498574511, 21.38513500013896], [39.44470126346317, 21.38476594971749], [39.45365827001085, 21.38061252738026], [39.45953007233801, 21.37883663681812], [39.46360469413794, 21.3780320660092], [39.46707269060278, 21.37755081201581], [39.47185374014499, 21.37731968820126], [39.476665249137, 21.37754572546157], [39.48220602161805, 21.37820678715785], [39.49375134893398, 21.37934751163661], [39.5024774473093, 21.38030325181517], [39.50395063925535, 21.38033749638392], [39.50572543340662, 21.38023435626683], [39.50782617540947, 21.37985649136725], [39.50992450251642, 21.37930674751598], [39.51054654461331, 21.37909446571338], [39.51064128934355, 21.37898412906699]]}, "properties": {"layer": "lighting", "name": "مسار بلا عنوان", "kind": "نقطة إنارة", "description": "", "color": "#fbbf24"}}, {"type": "Feature", "geometry": {"type": "LineString", "coordinates": [[39.51064619444392, 21.37898579111695], [39.51078244447935, 21.37899448727959], [39.51311241477813, 21.37797247134541], [39.51468282678421, 21.37704347893112], [39.52309657952299, 21.37052777063762], [39.52390671725779, 21.36978705270058], [39.52581112374489, 21.36793225333079], [39.5272916841168, 21.36585784474144], [39.52961098250896, 21.36130372691788], [39.5311880544519, 21.35808604699699], [39.53215720334583, 21.35646184878351], [39.53239270350181, 21.35614751168734], [39.53375654321431, 21.35464055285209], [39.53526672564833, 21.35329275621351], [39.53755669895965, 21.35192967243438], [39.53939092831506, 21.35113283926909], [39.54233032490436, 21.35042639933062], [39.54570878762938, 21.350374589659], [39.54839787284381, 21.35051736446906], [39.55820772151483, 21.35134984898705], [39.56444341888839, 21.35190586449767], [39.56551108238158, 21.3518628461497]]}, "properties": {"layer": "lighting", "name": "مسار بلا عنوان", "kind": "نقطة إنارة", "description": "", "color": "#fbbf24"}}, {"type": "Feature", "geometry": {"type": "LineString", "coordinates": [[39.56550391045361, 21.3518576918975], [39.57560088895113, 21.35274366432693], [39.57921247002473, 21.35289494607268], [39.58121499490007, 21.3528514039176], [39.58266959008647, 21.35273128617354], [39.58287116600376, 21.35262059338203]]}, "properties": {"layer": "lighting", "name": "مسار بلا عنوان", "kind": "نقطة إنارة", "description": "", "color": "#fbbf24"}}, {"type": "Feature", "geometry": {"type": "LineString", "coordinates": [[39.58286710145841, 21.35261758445549], [39.58323440695936, 21.35267394364543], [39.58419453738021, 21.35261494569638], [39.58996864104419, 21.35218764598817], [39.59077354122828, 21.35213476226855], [39.59135515298967, 21.35204948381608], [39.59219655720403, 21.35186898559273], [39.59277064078561, 21.35172804623859], [39.59330245389756, 21.35164916787047], [39.59407080065242, 21.35160947259352], [39.5956300792548, 21.35149029913602], [39.59718812877291, 21.35185349378999], [39.59753772900957, 21.35190951953276], [39.59853973640264, 21.35192991330223], [39.59970410385749, 21.35193163112273], [39.59989460617171, 21.35183572556553]]}, "properties": {"layer": "lighting", "name": "مسار بلا عنوان", "kind": "نقطة إنارة", "description": "", "color": "#fbbf24"}}, {"type": "Feature", "geometry": {"type": "LineString", "coordinates": [[39.59989761192531, 21.35185388614417], [39.600234249767, 21.35189569122543], [39.60337629608918, 21.35183574207619], [39.60901326798471, 21.35174334744866], [39.6102968522073, 21.35170421118766], [39.61290987377098, 21.35162151707478], [39.61417995674747, 21.35159949557598]]}, "properties": {"layer": "lighting", "name": "مسار بلا عنوان", "kind": "نقطة إنارة", "description": "", "color": "#fbbf24"}}, {"type": "Feature", "geometry": {"type": "LineString", "coordinates": [[39.64302522408416, 21.35230620299222], [39.64306868403526, 21.35226324465774], [39.64502797876062, 21.35224579629464], [39.64731751477247, 21.35241567731829], [39.64902927968529, 21.35263163430833], [39.65047181506946, 21.35295297709047], [39.65243887167932, 21.35354775124516], [39.65616263209186, 21.35528287781561], [39.6586262480892, 21.35680427842725], [39.65871129414963, 21.35686469257455]]}, "properties": {"layer": "lighting", "name": "مسار بلا عنوان", "kind": "نقطة إنارة", "description": "", "color": "#fbbf24"}}, {"type": "Feature", "geometry": {"type": "LineString", "coordinates": [[39.65870086347147, 21.35686935530214], [39.6603672910619, 21.35793572526152], [39.66344342580152, 21.3598433413373], [39.6639179260689, 21.36019611288993], [39.66811988697211, 21.36277865162931], [39.67219915408439, 21.36540681214426], [39.67592166354111, 21.36769102173773]]}, "properties": {"layer": "lighting", "name": "مسار بلا عنوان", "kind": "نقطة إنارة", "description": "", "color": "#fbbf24"}}, {"type": "Feature", "geometry": {"type": "LineString", "coordinates": [[39.6759260264885, 21.36769466137611], [39.67911182120379, 21.36946493754461], [39.68134342104231, 21.37071537897486], [39.68731196920026, 21.37380566731649], [39.69099283283537, 21.37579593282362]]}, "properties": {"layer": "lighting", "name": "مسار بلا عنوان", "kind": "نقطة إنارة", "description": "", "color": "#fbbf24"}}, {"type": "Feature", "geometry": {"type": "LineString", "coordinates": [[39.69099360607326, 21.37580012945918], [39.69543000169719, 21.37818849796964], [39.69712779874444, 21.37925395981164], [39.70023905352532, 21.38188125362386], [39.70221546505179, 21.38407269471888], [39.7041121142728, 21.38650719001524]]}, "properties": {"layer": "lighting", "name": "مسار بلا عنوان", "kind": "نقطة إنارة", "description": "", "color": "#fbbf24"}}, {"type": "Feature", "geometry": {"type": "LineString", "coordinates": [[39.70413280373501, 21.38652225814071], [39.70575383097994, 21.38860779823013], [39.70933544477986, 21.39287151181697], [39.71186269039352, 21.39614107018554], [39.71200542613101, 21.39665632880993], [39.71358826734711, 21.39875582402426], [39.71418491426302, 21.39945896204937], [39.71447367801264, 21.39958480309647], [39.71652464042896, 21.40219585369054], [39.71784429266948, 21.4039404303935], [39.71896505054129, 21.40535016651538], [39.72115308203676, 21.408156728253], [39.72217631458894, 21.40932799480045], [39.72277926218216, 21.40988752947961], [39.7242511059274, 21.41086894163788], [39.72507367327174, 21.41127830042699], [39.72679650349446, 21.41174764162601], [39.72856157676807, 21.411984546981], [39.73464793177163, 21.41158226858488], [39.7376188566293, 21.41123209237709], [39.74219874094269, 21.41080071883657], [39.74360485509882, 21.41075974952188], [39.74515943258686, 21.41083804381738], [39.74610640764347, 21.41139794134539], [39.75176698778905, 21.41260971420877], [39.7541893083478, 21.41315237586594], [39.75540080666233, 21.41309668520171], [39.75657890917493, 21.41329741742802], [39.76257405707815, 21.41364143328118], [39.76402990319307, 21.41364479851812], [39.76433907160964, 21.41386615111542], [39.76644136045893, 21.41393527499156], [39.76770597842227, 21.41407086444555], [39.76959493831999, 21.4144362627794], [39.77106650549455, 21.41489058278508], [39.77219343143369, 21.41539314352413], [39.77342268153464, 21.41602984255567], [39.77627391817043, 21.41780710497493], [39.77805508487029, 21.41918663981731], [39.77950423365971, 21.4201742115979], [39.78068633687195, 21.42095576902668], [39.78168766685868, 21.42160670434685], [39.78171385970989, 21.42156790261287]]}, "properties": {"layer": "lighting", "name": "مسار بلا عنوان", "kind": "نقطة إنارة", "description": "", "color": "#fbbf24"}}, {"type": "Feature", "geometry": {"type": "Point", "coordinates": [39.78172213088437, 21.42153231979959]}, "properties": {"layer": "lighting", "name": "محطة رئيسية 1", "kind": "نقطة إنارة", "description": "", "color": "#fde047"}}, {"type": "Feature", "geometry": {"type": "Point", "coordinates": [39.43154732627826, 21.38935613133187]}, "properties": {"layer": "lighting", "name": "المحطة الرئيسية 2", "kind": "نقطة إنارة", "description": "", "color": "#fde047"}}, {"type": "Feature", "geometry": {"type": "LineString", "coordinates": [[39.43143859461026, 21.38867553568699], [39.4314194355286, 21.38896278478947], [39.43045516116928, 21.38897512240692], [39.42903916434094, 21.38899413387534], [39.42834862348464, 21.38899073169746], [39.4275794510347, 21.38899217369176]]}, "properties": {"layer": "lighting", "name": "نقطة إنارة", "kind": "نقطة إنارة", "description": "", "color": "#fbbf24"}}, {"type": "Feature", "geometry": {"type": "LineString", "coordinates": [[39.58285980166946, 21.35262919843555], [39.58289861100854, 21.35313138953328], [39.58356736476338, 21.3531009723818], [39.58503105286707, 21.35304484998906], [39.58645781556506, 21.3530124213311], [39.58792679501872, 21.35292569488429], [39.58938893114831, 21.35289522391734], [39.59085706700428, 21.35283859192483], [39.59225945260029, 21.35281220885213], [39.59373188451262, 21.35278584925486], [39.5951594447853, 21.35274762494143], [39.59661156445704, 21.35267369626168], [39.59792408245763, 21.35264731695086], [39.59930394282084, 21.35258110090628]]}, "properties": {"layer": "lighting", "name": "نقطة إنارة", "kind": "نقطة إنارة", "description": "", "color": "#fbbf24"}}, {"type": "Feature", "geometry": {"type": "LineString", "coordinates": [[39.43144811424254, 21.38865159868746], [39.4314288258492, 21.38895813577419], [39.43203541439813, 21.38892713174724], [39.43249338680312, 21.38889757812997], [39.43335296734541, 21.38881924865472], [39.43443345430686, 21.3886996950786], [39.43478387074448, 21.38863380958148], [39.43576086485675, 21.388458248118], [39.43620940923791, 21.38835530564443], [39.43705413794735, 21.38816087115373], [39.4376055877657, 21.3880013272227], [39.43898515047663, 21.38758239125261], [39.43969644281664, 21.38733258682252], [39.44035415610803, 21.3870864955701], [39.44164999527676, 21.3865044288015], [39.4429594406319, 21.38590743843006], [39.4441834051007, 21.38530350497059]]}, "properties": {"layer": "lighting", "name": "نقطة إنارة", "kind": "نقطة إنارة", "description": "", "color": "#fbbf24"}}, {"type": "Feature", "geometry": {"type": "LineString", "coordinates": [[39.44469643681317, 21.38474202056041], [39.44480469393532, 21.38502420792275], [39.44536519887916, 21.38476853386399], [39.44648008612328, 21.3842382950874], [39.44750766428265, 21.38375530409497], [39.44903025241598, 21.38305736657744], [39.4500926142006, 21.38254126702115], [39.45118952432475, 21.38202332323378], [39.45232394289987, 21.38153020022365], [39.45344113090572, 21.38107919250822], [39.45412836747119, 21.38081266216478], [39.45478333732314, 21.38057676109181], [39.45537410864746, 21.38036850550597], [39.45602044189241, 21.38014781695892], [39.45616325051208, 21.38011147249203], [39.45742003410831, 21.37971401027859], [39.45752510571195, 21.37968235378835], [39.45796377210166, 21.37955693334644], [39.45890470855642, 21.37930654349654]]}, "properties": {"layer": "lighting", "name": "نقطة إنارة", "kind": "نقطة إنارة", "description": "", "color": "#fbbf24"}}, {"type": "Feature", "geometry": {"type": "LineString", "coordinates": [[39.45956112594744, 21.37886227599802], [39.45962231276689, 21.37911932005027], [39.46030854810237, 21.37894618351509], [39.46171947885024, 21.37864325926339], [39.46298903219041, 21.37840927790516], [39.46317635190771, 21.37837737076319], [39.46384649350892, 21.37825874649059], [39.4645658675484, 21.37815755841726], [39.46544339252331, 21.37803544506098], [39.46601920175576, 21.37796573485375], [39.46744279076116, 21.37783127264749], [39.46816326592613, 21.37776223502721], [39.46890723874915, 21.37772761785378], [39.46971188983212, 21.37768027623442], [39.4703529334395, 21.37765900072478], [39.47107296012637, 21.37764325257387], [39.47180020764857, 21.37764077758011], [39.47252366535425, 21.37764090435389], [39.47323858927274, 21.37766225022753], [39.47470947619464, 21.37773041158167], [39.47555334209768, 21.37777443439163], [39.47614469032652, 21.37783760538363]]}, "properties": {"layer": "lighting", "name": "نقطة إنارة", "kind": "نقطة إنارة", "description": "", "color": "#fbbf24"}}, {"type": "Feature", "geometry": {"type": "LineString", "coordinates": [[39.47669216750929, 21.37750926263168], [39.47666587228813, 21.37787058430925], [39.47748039504955, 21.3779584198832], [39.47760787229819, 21.3779668808122], [39.47855696662274, 21.37809321478863], [39.47999044510353, 21.37821817270915], [39.48144864115862, 21.37838023259311], [39.48287427904758, 21.37853699596804], [39.48431497428701, 21.37868587665952], [39.48576732100991, 21.37884933308003], [39.48719538688584, 21.3790007003553], [39.48864461097953, 21.37915573857584], [39.49008181937293, 21.3793140700611], [39.4915176466239, 21.37946028435415], [39.49295948268923, 21.37961485238892]]}, "properties": {"layer": "lighting", "name": "نقطة إنارة", "kind": "نقطة إنارة", "description": "", "color": "#fbbf24"}}, {"type": "Feature", "geometry": {"type": "LineString", "coordinates": [[39.4937477947184, 21.3793392195059], [39.49366428784103, 21.37968511715643], [39.49439991846435, 21.37977190507848], [39.49584299039537, 21.3799191225423], [39.49730518506988, 21.38008388517566], [39.49873848364209, 21.38022794800527], [39.50016969495854, 21.38038095921387], [39.5016067209584, 21.38052792072989], [39.50231140035343, 21.38057293771807], [39.50305596754498, 21.38060688511476], [39.50380145016553, 21.38059913019575], [39.5045130507143, 21.38057775474825], [39.50526818322081, 21.38052287344651], [39.50594780282712, 21.38045920401675], [39.5067604169057, 21.38034126235748], [39.50738819897129, 21.3802431907309], [39.50813428083694, 21.38007734429303], [39.50882745443404, 21.37991033865943], [39.50953300440729, 21.37971199590572], [39.51019470460516, 21.37951882549032]]}, "properties": {"layer": "lighting", "name": "نقطة إنارة", "kind": "نقطة إنارة", "description": "", "color": "#fbbf24"}}, {"type": "Feature", "geometry": {"type": "LineString", "coordinates": [[39.51064183681816, 21.37898205000455], [39.51076960643864, 21.3793020527444], [39.51139570332424, 21.379063067707], [39.51154556460273, 21.37900263109882], [39.51210516726159, 21.37877013829733], [39.51284826977256, 21.37842934034943], [39.51341301005614, 21.37813425734919], [39.51410407336977, 21.37775132642613], [39.51468295853286, 21.37739183020822], [39.51534202312584, 21.37695797741844], [39.51608658195487, 21.37644069819862], [39.51644711528348, 21.37615949062941], [39.51755796623409, 21.37528489622227], [39.51868644048377, 21.37440068691444], [39.51926739097446, 21.37393360974026], [39.51978250831627, 21.37354815364625], [39.52088041231894, 21.37267644690316], [39.5219825355066, 21.37182336418355], [39.52311525082827, 21.37092520978295]]}, "properties": {"layer": "lighting", "name": "نقطة إنارة", "kind": "نقطة إنارة", "description": "", "color": "#fbbf24"}}, {"type": "Feature", "geometry": {"type": "LineString", "coordinates": [[39.52391903546696, 21.36978176668235], [39.52415888307543, 21.37005148359364], [39.52420923216675, 21.37000692562604], [39.52481408573136, 21.36943027985821], [39.52519561608703, 21.36903843683278], [39.52564117508113, 21.3685349473798], [39.52612313117043, 21.36799161493271], [39.526964797285, 21.36688871968064], [39.52726636679613, 21.36643512348974], [39.52772257799177, 21.36570565051528], [39.52838402547304, 21.36451645154112], [39.52876718260299, 21.3637165556272], [39.52900106698723, 21.36325717260475], [39.52926469172637, 21.36268725545984], [39.52958587299469, 21.36200928790973], [39.53018280739808, 21.36078908025437], [39.53076853629688, 21.35955972348167], [39.53136794107793, 21.35834803410242], [39.53159469180752, 21.35791350959498], [39.53171351240668, 21.35769114317755], [39.53190288960423, 21.35738595952354], [39.53207621412374, 21.35712384150368]]}, "properties": {"layer": "lighting", "name": "نقطة إنارة", "kind": "نقطة إنارة", "description": "", "color": "#fbbf24"}}, {"type": "Feature", "geometry": {"type": "LineString", "coordinates": [[39.53240954997612, 21.35614312073768], [39.53264588960675, 21.35630931581695], [39.5328875023265, 21.35600903018357], [39.53328010047059, 21.35552327741338], [39.53359448226703, 21.35518235564554], [39.53379147352284, 21.35498047915204], [39.53419263833275, 21.35458563626715], [39.5345825391837, 21.35422712756348], [39.53475565372142, 21.35408835060026], [39.53485599000626, 21.35400058086708], [39.53516440457064, 21.35375841922983], [39.53557147627173, 21.35344845187871], [39.53578177395892, 21.35328602440859], [39.53598955688231, 21.35317273419145], [39.53661962100312, 21.35275280368261], [39.53720655341225, 21.35242615964754], [39.53805164166781, 21.35199102787477], [39.53840209120079, 21.35185591181541], [39.53900013863448, 21.351587996896], [39.5396502814765, 21.35138152014453], [39.54038602767089, 21.35114165117782], [39.54087247066066, 21.3510344123857], [39.54215168213297, 21.35077958415884], [39.54289737394873, 21.35067075942995], [39.54369832261893, 21.35061534561819], [39.54456990766688, 21.35060441122596], [39.5460521865815, 21.35067265656475], [39.54746675595453, 21.35078159853475]]}, "properties": {"layer": "lighting", "name": "نقطة إنارة", "kind": "نقطة إنارة", "description": "", "color": "#fbbf24"}}, {"type": "Feature", "geometry": {"type": "LineString", "coordinates": [[39.5483440275807, 21.35051019300001], [39.54830766633354, 21.35085949024714], [39.54890752339113, 21.35089796776296], [39.55034107962911, 21.35102809511701], [39.55179943771927, 21.35114674897769], [39.55322626461169, 21.35125815606875], [39.55466833403259, 21.35137766275442], [39.55756289748857, 21.35161814805438], [39.56048439871771, 21.35185054042937], [39.56190113891996, 21.35196913184809], [39.56481880186912, 21.35218228908083]]}, "properties": {"layer": "lighting", "name": "نقطة إنارة", "kind": "نقطة إنارة", "description": "", "color": "#fbbf24"}}, {"type": "Feature", "geometry": {"type": "LineString", "coordinates": [[39.56551331347619, 21.35185104812391], [39.56542767896083, 21.35223328176715], [39.56623119995889, 21.35228712711884], [39.5676950187855, 21.35242274248172], [39.56912265196785, 21.352519440793], [39.5705915251197, 21.35264328561315], [39.5719576993901, 21.35275954466898], [39.57346503954653, 21.35287342771989], [39.57484460248742, 21.35297987694328], [39.57631389533966, 21.35307833065099], [39.57777693506337, 21.35316138922405], [39.57920845172348, 21.3532162284462], [39.58067272116651, 21.35323305590682], [39.58212381857241, 21.35317821851379]]}, "properties": {"layer": "lighting", "name": "نقطة إنارة", "kind": "نقطة إنارة", "description": "", "color": "#fbbf24"}}, {"type": "Feature", "geometry": {"type": "LineString", "coordinates": [[39.58286214482295, 21.35261517643478], [39.58274135103126, 21.35275064738564], [39.58195520591032, 21.35278848631585], [39.58111822685835, 21.35289274579358], [39.58028477768777, 21.35290715769069], [39.5794397284396, 21.35291725179628]]}, "properties": {"layer": "lighting", "name": "نقطة إنارة", "kind": "نقطة إنارة", "description": "", "color": "#fbbf24"}}, {"type": "Feature", "geometry": {"type": "LineString", "coordinates": [[39.59990049183978, 21.35183903903019], [39.59980478979895, 21.3519773848116], [39.59935510868918, 21.35199260480922], [39.59851851332278, 21.35202819640009], [39.59773585923518, 21.351961285452]]}, "properties": {"layer": "lighting", "name": "نقطة إنارة", "kind": "نقطة إنارة", "description": "", "color": "#fbbf24"}}, {"type": "Feature", "geometry": {"type": "LineString", "coordinates": [[39.58286829875588, 21.35262565024593], [39.58298613172546, 21.35271442958693], [39.58356313022615, 21.35269320801345], [39.58435425269069, 21.35263527011712], [39.58517978279295, 21.35258871112094], [39.5860206548146, 21.35253542380016], [39.58681664417701, 21.35247583387595], [39.58766462856401, 21.35242512948671], [39.5884534447805, 21.35236964676854], [39.58928545447838, 21.35230428001741], [39.59010062480453, 21.35225096500247], [39.59088616566042, 21.35219004615893], [39.59170966677912, 21.35203431199156], [39.59249608432914, 21.35183826506605], [39.59292845703504, 21.35173870681012], [39.59330846366588, 21.35170112127438], [39.59414356956369, 21.35166865824682], [39.59493862727522, 21.35163367934777]]}, "properties": {"layer": "lighting", "name": "نقطة إنارة", "kind": "نقطة إنارة", "description": "", "color": "#fbbf24"}}, {"type": "Feature", "geometry": {"type": "LineString", "coordinates": [[39.59989842776615, 21.35184441920606], [39.59995900133089, 21.35196347259857], [39.60015842833974, 21.35197624806767], [39.60096128928907, 21.35196777261886], [39.60180471593267, 21.35193725918664], [39.60261557053313, 21.35195211029177], [39.60346119072275, 21.35192285303136], [39.60426316692108, 21.3518850558222], [39.60506873276017, 21.35191953695601], [39.60590832222822, 21.35187043541357], [39.60678098730794, 21.35185359874041], [39.6075580353082, 21.35184800033132], [39.60839998096298, 21.35181958276054], [39.60920854600046, 21.35179818434332], [39.61001502536158, 21.3517891149426], [39.61084439135604, 21.35178662742872], [39.61166897832277, 21.35179415092501], [39.61249713867882, 21.3517441725085]]}, "properties": {"layer": "lighting", "name": "نقطة إنارة", "kind": "نقطة إنارة", "description": "", "color": "#fbbf24"}}, {"type": "Feature", "geometry": {"type": "LineString", "coordinates": [[39.5998984222387, 21.35185012985493], [39.59990325520106, 21.3525059234288], [39.6006212028279, 21.35250678871147], [39.6019574253044, 21.35245569687127], [39.60333329358959, 21.35240337528325], [39.60477522166173, 21.35233121371375], [39.60622381842019, 21.35228367759575], [39.60765660626548, 21.35225331066363], [39.60911046322016, 21.35219687367433], [39.61059453090805, 21.35216555780106], [39.61202922845731, 21.35210079329315], [39.61345329044021, 21.35201430136854]]}, "properties": {"layer": "lighting", "name": "نقطة إنارة", "kind": "نقطة إنارة", "description": "", "color": "#fbbf24"}}, {"type": "Feature", "geometry": {"type": "LineString", "coordinates": [[39.6141857546842, 21.35162146339683], [39.6141890810828, 21.35198969950273], [39.61489525879049, 21.35195764408359], [39.61635541712345, 21.35195448559565], [39.6177677068, 21.35197838498791], [39.61927044619622, 21.35201236669774], [39.62075437839768, 21.3520228157565], [39.62216037560582, 21.35207746116312], [39.62361484698971, 21.35212476106455]]}, "properties": {"layer": "lighting", "name": "نقطة إنارة", "kind": "نقطة إنارة", "description": "", "color": "#fbbf24"}}, {"type": "Feature", "geometry": {"type": "Point", "coordinates": [39.62421221670043, 21.35152042383509]}, "properties": {"layer": "lighting", "name": "عداد", "kind": "نقطة إنارة", "description": "", "color": "#fde047"}}, {"type": "Feature", "geometry": {"type": "LineString", "coordinates": [[39.62420286617225, 21.35154486257631], [39.62412296857817, 21.35214562515547], [39.62493267952824, 21.35217634058359], [39.62506413033806, 21.35215884785384], [39.62650617966397, 21.35218832634657], [39.62796731862923, 21.35222428489695], [39.62938104671315, 21.35227953715651], [39.63086367495917, 21.3523061665812], [39.63228572520866, 21.35235278153523], [39.63377745903608, 21.35238650500903], [39.63519577219658, 21.35242994023484]]}, "properties": {"layer": "lighting", "name": "نقطة إنارة", "kind": "نقطة إنارة", "description": "", "color": "#fbbf24"}}, {"type": "Feature", "geometry": {"type": "LineString", "coordinates": [[39.62419214611895, 21.35151541968487], [39.62393220607817, 21.35065520796597], [39.62386467170956, 21.35051047347308], [39.62379627264556, 21.35046308608604], [39.62364698027104, 21.35045620287065], [39.62325978237082, 21.35044511990095], [39.62311333558003, 21.35059659627253], [39.62296702170139, 21.350690749895], [39.6226927969151, 21.35069878283178], [39.62265999669543, 21.35108675261482]]}, "properties": {"layer": "lighting", "name": "نقطة إنارة", "kind": "نقطة إنارة", "description": "", "color": "#fbbf24"}}, {"type": "Feature", "geometry": {"type": "LineString", "coordinates": [[39.64246919106455, 21.35226425856077], [39.64245315060317, 21.35259643876511], [39.64103046379929, 21.35257494831878], [39.63955861002635, 21.35251064026094], [39.63806160652732, 21.35246730845685], [39.63663845731191, 21.35246940741344]]}, "properties": {"layer": "lighting", "name": "نقطة إنارة", "kind": "نقطة إنارة", "description": "", "color": "#fbbf24"}}, {"type": "Feature", "geometry": {"type": "LineString", "coordinates": [[39.64247106960627, 21.35226337942907], [39.64253381891936, 21.35258038574103], [39.6439096710293, 21.3526099377317], [39.6453602302434, 21.35263394779788], [39.64678083197054, 21.35268841503385], [39.64765574980332, 21.35277228656495], [39.64823612441495, 21.35285616355586], [39.64966876638599, 21.35309602805278], [39.65036300655012, 21.3532467347699], [39.65105859115542, 21.35344473355624], [39.6524399216642, 21.35387811236626], [39.65312687567751, 21.35414484330532], [39.6537571981287, 21.35442537451525], [39.65418065105948, 21.35462875092398], [39.65484871136318, 21.35496901191286], [39.65504078131109, 21.35507334620886], [39.65618026284901, 21.35572411727275], [39.65730834591939, 21.35644382581944], [39.65843017939046, 21.35713407719266]]}, "properties": {"layer": "lighting", "name": "نقطة إنارة", "kind": "نقطة إنارة", "description": "", "color": "#fbbf24"}}, {"type": "Feature", "geometry": {"type": "LineString", "coordinates": [[39.65871599635229, 21.35687646401715], [39.65858244809623, 21.35721419555989], [39.65954378732155, 21.35782877697418], [39.66071874351086, 21.35857130246746], [39.66192039946402, 21.35933203204608], [39.66576513465957, 21.36175251913607], [39.66789030133339, 21.36311505274491], [39.66912983819902, 21.36389860822687], [39.67154500942841, 21.36538369402491], [39.6751640410881, 21.36763923189849]]}, "properties": {"layer": "lighting", "name": "نقطة إنارة", "kind": "نقطة إنارة", "description": "", "color": "#fbbf24"}}, {"type": "Feature", "geometry": {"type": "LineString", "coordinates": [[39.67591520312082, 21.36771589757056], [39.67573485680079, 21.36797784980305], [39.67639021769855, 21.36837921333496], [39.67761936524101, 21.36907546464189], [39.67888598697593, 21.36974769040693], [39.68014684683499, 21.37043604297905], [39.68137460221094, 21.37107672664563], [39.68395196155293, 21.37245461936116], [39.68643294784508, 21.37378965266229], [39.68768351152195, 21.37446941253873], [39.6901893335601, 21.3757759028818]]}, "properties": {"layer": "lighting", "name": "نقطة إنارة", "kind": "نقطة إنارة", "description": "", "color": "#fbbf24"}}, {"type": "Feature", "geometry": {"type": "LineString", "coordinates": [[39.69098946927824, 21.37579671757824], [39.69079508782101, 21.37610442917847], [39.69147642293158, 21.37648598958551], [39.6924004456471, 21.3769858711253], [39.69337360069397, 21.37748846913491], [39.69482899437222, 21.37826652860619], [39.69524863962231, 21.37849888865979], [39.69589240705997, 21.37887857929742], [39.69646566763438, 21.37926256854476], [39.69746929641184, 21.37993302767784], [39.69873169593796, 21.38094082710042], [39.69976712517663, 21.38187696766163], [39.70076034126538, 21.38288603303526], [39.70169948788139, 21.38397094327924], [39.70252792791995, 21.38502036324277], [39.70343324018174, 21.38617213519599]]}, "properties": {"layer": "lighting", "name": "نقطة إنارة", "kind": "نقطة إنارة", "description": "", "color": "#fbbf24"}}, {"type": "Feature", "geometry": {"type": "LineString", "coordinates": [[39.70411992200762, 21.38652644227412], [39.70386391625944, 21.38667913642654], [39.70428440426188, 21.38725173961414], [39.7050974454387, 21.38830221684457], [39.70596598642889, 21.38941171236917], [39.70851370853547, 21.3926799471327], [39.70937602643021, 21.3938007759451], [39.71195573872463, 21.39708425238895]]}, "properties": {"layer": "lighting", "name": "نقطة إنارة", "kind": "نقطة إنارة", "description": "", "color": "#fbbf24"}}, {"type": "Feature", "geometry": {"type": "LineString", "coordinates": [[39.62324851337731, 21.35047340394543], [39.62292640505273, 21.3504453716207], [39.62241737036241, 21.3503371582683], [39.62228922374133, 21.35026777832898], [39.62245933386464, 21.34926048281831], [39.62262676437842, 21.34859870154319]]}, "properties": {"layer": "lighting", "name": "مسار بلا عنوان", "kind": "نقطة إنارة", "description": "", "color": "#fbbf24"}}, {"type": "Feature", "geometry": {"type": "LineString", "coordinates": [[39.6224628584063, 21.3492649722365], [39.6222843909594, 21.34926175220565], [39.62245042285635, 21.34858047880024]]}, "properties": {"layer": "lighting", "name": "مسار بلا عنوان", "kind": "نقطة إنارة", "description": "", "color": "#fbbf24"}}, {"type": "Feature", "geometry": {"type": "LineString", "coordinates": [[39.62210030874177, 21.35342510413341], [39.62184502204509, 21.35366157967287], [39.62181385419081, 21.35394061144383], [39.62166695719277, 21.35572922627129]]}, "properties": {"layer": "lighting", "name": "مسار بلا عنوان", "kind": "نقطة إنارة", "description": "", "color": "#fbbf24"}}, {"type": "Feature", "geometry": {"type": "LineString", "coordinates": [[39.62179180389452, 21.35392657165804], [39.62161505174335, 21.35390409077798], [39.62156758483813, 21.35466905418362], [39.62154105960857, 21.3550562303159], [39.62155539158778, 21.35541725966492], [39.62153270942584, 21.35577685532244]]}, "properties": {"layer": "lighting", "name": "مسار بلا عنوان", "kind": "نقطة إنارة", "description": "", "color": "#fbbf24"}}, {"type": "Feature", "geometry": {"type": "LineString", "coordinates": [[39.55739719162628, 21.35318489432302], [39.55711226278892, 21.35326888989317], [39.55695863394461, 21.35338940291802], [39.55683128827504, 21.35350051936166], [39.55663966761421, 21.35372970622578], [39.55619052003078, 21.3536710735953], [39.55606445747872, 21.35345661016373], [39.55586296856381, 21.35323051205579], [39.55564649617565, 21.35308936020457], [39.55604990175062, 21.3531192934861], [39.55631183358124, 21.35312633119679], [39.55657909794031, 21.35029220713439], [39.55653984053426, 21.35017368439798], [39.55645856012558, 21.35003991140405], [39.55656707307605, 21.3500636345996], [39.55660223218359, 21.34987451392105], [39.55614717945469, 21.34974170414082], [39.55635511802717, 21.34958137854946], [39.55648133809595, 21.34945753441709], [39.55665285793032, 21.34918601891345]]}, "properties": {"layer": "lighting", "name": "مسار بلا عنوان", "kind": "نقطة إنارة", "description": "", "color": "#fbbf24"}}, {"type": "Feature", "geometry": {"type": "LineString", "coordinates": [[39.55603092761609, 21.35346728332468], [39.55627834550207, 21.35340836843848]]}, "properties": {"layer": "lighting", "name": "مسار بلا عنوان", "kind": "نقطة إنارة", "description": "", "color": "#fbbf24"}}, {"type": "Feature", "geometry": {"type": "LineString", "coordinates": [[39.55692347278811, 21.35108470698063], [39.55704543605933, 21.35109184473438], [39.55722137740207, 21.35027942247299], [39.55699807101596, 21.35011784956884], [39.55703913722427, 21.34991367581883], [39.55738663332109, 21.34994815961777], [39.55756705110807, 21.34995737290205], [39.5574269728364, 21.34984277616369], [39.55726868707672, 21.34968026138594], [39.55714270497497, 21.34949808832106], [39.55700396956006, 21.34915964162726], [39.55700712816483, 21.34936711082235], [39.55695803509109, 21.34975745976587]]}, "properties": {"layer": "lighting", "name": "مسار بلا عنوان", "kind": "نقطة إنارة", "description": "", "color": "#fbbf24"}}, {"type": "Feature", "geometry": {"type": "LineString", "coordinates": [[39.55700839989382, 21.35012012218723], [39.55657039616197, 21.35006576284366]]}, "properties": {"layer": "lighting", "name": "مسار بلا عنوان", "kind": "نقطة إنارة", "description": "", "color": "#fbbf24"}}, {"type": "Feature", "geometry": {"type": "LineString", "coordinates": [[39.55756971633426, 21.35160342117865], [39.55753830562115, 21.35158294465655], [39.55688401828832, 21.35152890870908], [39.55692353749934, 21.35108283543115]]}, "properties": {"layer": "lighting", "name": "مسار بلا عنوان", "kind": "نقطة إنارة", "description": "", "color": "#fbbf24"}}, {"type": "Feature", "geometry": {"type": "Point", "coordinates": [39.75435254027308, 21.41008183561043]}, "properties": {"layer": "lighting", "name": "لوحة توزيع", "kind": "نقطة إنارة", "description": "", "color": "#fde047"}}, {"type": "Feature", "geometry": {"type": "Point", "coordinates": [39.75373241833108, 21.41366139277563]}, "properties": {"layer": "lighting", "name": "لوحة توزيع", "kind": "نقطة إنارة", "description": "", "color": "#fde047"}}, {"type": "Feature", "geometry": {"type": "LineString", "coordinates": [[39.756986662873, 21.40690514037574], [39.7566078320291, 21.40735644358388], [39.75625561670304, 21.40779882688898], [39.75592300915976, 21.40821173593032], [39.75551988563232, 21.40860441487439], [39.75515690000106, 21.40902664592481], [39.75475629373918, 21.40943220229263], [39.7542682916247, 21.40990395249748], [39.75386026421686, 21.41034866317959], [39.75362737607685, 21.41066859892319], [39.75344000944754, 21.41117740445069], [39.75341951744488, 21.41172453109137], [39.75355521573672, 21.41225104465534], [39.75389047931483, 21.41269265106382], [39.75432545045975, 21.41304782144072], [39.7548599038157, 21.41328011694133], [39.75541921754427, 21.4133376954831], [39.75600180283382, 21.41343296424027], [39.75654551876596, 21.4135150888195]]}, "properties": {"layer": "lighting", "name": "مسار بلا عنوان", "kind": "نقطة إنارة", "description": "", "color": "#fbbf24"}}, {"type": "Feature", "geometry": {"type": "LineString", "coordinates": [[39.73046452384044, 21.41210689879824], [39.73105786379691, 21.41206011780601], [39.73161316808468, 21.41199953781208], [39.73219835127799, 21.41194034738691], [39.73275203360741, 21.41188434135286], [39.73334564498224, 21.41183316255202], [39.73391554121925, 21.41177108355856], [39.73507876027952, 21.41164896853781], [39.73563419531718, 21.41161104656635], [39.73679078791512, 21.41150053510546], [39.73736201032447, 21.41144790164684], [39.73791888250999, 21.41137369409091], [39.73849367342986, 21.41128623073516], [39.73910800845645, 21.41121013798494]]}, "properties": {"layer": "lighting", "name": "مسار بلا عنوان", "kind": "نقطة إنارة", "description": "", "color": "#fbbf24"}}, {"type": "Feature", "geometry": {"type": "LineString", "coordinates": [[39.73910007576452, 21.41121372756989], [39.73967415872437, 21.41116074542807], [39.74025483586475, 21.4111147572839], [39.74084936579045, 21.41106361698521], [39.74141282916173, 21.41100790593725], [39.74198488446373, 21.41096671129165], [39.74255145514629, 21.4109261266291], [39.74310555776989, 21.41089814957241]]}, "properties": {"layer": "lighting", "name": "مسار بلا عنوان", "kind": "نقطة إنارة", "description": "", "color": "#fbbf24"}}, {"type": "Feature", "geometry": {"type": "LineString", "coordinates": [[39.76000081617635, 21.41429085187871], [39.75939978932596, 21.41426124546508], [39.75882952570378, 21.41422932360989], [39.75823615039221, 21.41420496785871], [39.7576571120212, 21.41416157237904]]}, "properties": {"layer": "lighting", "name": "مسار بلا عنوان", "kind": "نقطة إنارة", "description": "", "color": "#fbbf24"}}, {"type": "Feature", "geometry": {"type": "LineString", "coordinates": [[39.75765437948397, 21.41417441497769], [39.75706559268041, 21.41413140693284], [39.75647933284725, 21.41409013921025], [39.75590953156717, 21.41403873156622], [39.75533808725738, 21.41398297338711], [39.75477790860671, 21.41389737077921], [39.75426558912719, 21.41384730979362], [39.75372929573923, 21.41383530812013], [39.75313974282241, 21.41386806945904], [39.75255877338282, 21.41393111705234], [39.75198378160462, 21.41404415616145], [39.75142544459188, 21.41419455652293], [39.75087846591441, 21.41440395208228], [39.75036561182653, 21.41462427383153], [39.74983447558618, 21.41485082594801], [39.7493033339685, 21.41506005983429]]}, "properties": {"layer": "lighting", "name": "مسار بلا عنوان", "kind": "نقطة إنارة", "description": "", "color": "#fbbf24"}}, {"type": "Feature", "geometry": {"type": "LineString", "coordinates": [[39.74932137683014, 21.41507528681016], [39.74877576327095, 21.41528367179173], [39.74823414057661, 21.41548023284115], [39.74773501727055, 21.41573375499343], [39.74730123978588, 21.4160322715967], [39.74682779729508, 21.41637137606374], [39.74637954780948, 21.41669505176192], [39.7459031928176, 21.41701033243272], [39.7454197482115, 21.41736118487016], [39.74494716703019, 21.41769659456709], [39.74451949452701, 21.41804560503147], [39.74411662996501, 21.41838261675283]]}, "properties": {"layer": "lighting", "name": "مسار بلا عنوان", "kind": "نقطة إنارة", "description": "", "color": "#fbbf24"}}, {"type": "Feature", "geometry": {"type": "LineString", "coordinates": [[39.74412269922712, 21.41838410169932], [39.7437341239009, 21.4187368342334], [39.74333021072761, 21.41913648638098], [39.74293869574816, 21.41953855709241], [39.74258397521238, 21.41993626842575], [39.74221590908152, 21.42035861127542], [39.74186098290188, 21.42079511427909], [39.74151023847483, 21.42124383485515], [39.74120675747388, 21.42167792046565]]}, "properties": {"layer": "lighting", "name": "مسار بلا عنوان", "kind": "نقطة إنارة", "description": "", "color": "#fbbf24"}}, {"type": "Feature", "geometry": {"type": "LineString", "coordinates": [[39.73998599408785, 21.42425242188897], [39.74021561120806, 21.42371202590123], [39.74045169860495, 21.42319101447112], [39.74067904005562, 21.42268722328848], [39.74092563538899, 21.42217872448589], [39.74120261166473, 21.42167903546756]]}, "properties": {"layer": "lighting", "name": "مسار بلا عنوان", "kind": "نقطة إنارة", "description": "", "color": "#fbbf24"}}, {"type": "Feature", "geometry": {"type": "LineString", "coordinates": [[39.73934998203752, 21.4238890127708], [39.73960444381605, 21.42342198617954], [39.73985892445742, 21.42293627901776], [39.74008386705304, 21.42245301240904], [39.74038739750313, 21.42194500200863], [39.74061563659218, 21.42141768819037]]}, "properties": {"layer": "lighting", "name": "مسار بلا عنوان", "kind": "نقطة إنارة", "description": "", "color": "#fbbf24"}}, {"type": "Feature", "geometry": {"type": "LineString", "coordinates": [[39.74063495808601, 21.4214356094166], [39.74100376647309, 21.42091117607827], [39.74129956846397, 21.42045676219313], [39.7417022834195, 21.41996078545172], [39.74206257245926, 21.41953116697546], [39.74245217972945, 21.41912071357781], [39.74285096212954, 21.41869382551805], [39.74326527062848, 21.41831464351959], [39.74370165201808, 21.41793277612347], [39.74412577947592, 21.41757791572221]]}, "properties": {"layer": "lighting", "name": "مسار بلا عنوان", "kind": "نقطة إنارة", "description": "", "color": "#fbbf24"}}, {"type": "Feature", "geometry": {"type": "LineString", "coordinates": [[39.74411968953902, 21.41755567807879], [39.74457403512435, 21.41719956795389], [39.74500222490536, 21.41686224708137], [39.74531139829725, 21.4164136067186], [39.74553801710012, 21.4159079076293], [39.74560000023516, 21.4153794412533], [39.74554942133246, 21.41481960689048], [39.74531161630247, 21.41430910544392], [39.7450126811708, 21.41392918631413]]}, "properties": {"layer": "lighting", "name": "مسار بلا عنوان", "kind": "نقطة إنارة", "description": "", "color": "#fbbf24"}}, {"type": "Feature", "geometry": {"type": "LineString", "coordinates": [[39.7482706108902, 21.41451436490486], [39.74742331437853, 21.41520109206988], [39.7469859839789, 21.4155366609214], [39.74651448801057, 21.41587334608791], [39.74605314770255, 21.41623746905881], [39.74558880894303, 21.41653811762601]]}, "properties": {"layer": "lighting", "name": "مسار بلا عنوان", "kind": "نقطة إنارة", "description": "", "color": "#fbbf24"}}, {"type": "Feature", "geometry": {"type": "LineString", "coordinates": [[39.74827129180694, 21.41451651676158], [39.74792936800721, 21.41431538176031], [39.7474168274898, 21.41430367824653], [39.74676957931521, 21.41415789666867], [39.7462772039846, 21.41400247623876]]}, "properties": {"layer": "lighting", "name": "مسار بلا عنوان", "kind": "نقطة إنارة", "description": "", "color": "#fbbf24"}}, {"type": "Feature", "geometry": {"type": "LineString", "coordinates": [[39.74908282758039, 21.41269333657794], [39.74830547151263, 21.41254979180155], [39.74798741999457, 21.41258201731886], [39.74779377748918, 21.41270120405203], [39.74766592493533, 21.41283436033216], [39.74762264601372, 21.4129089483128], [39.74751907792594, 21.4131779166962], [39.74750751203112, 21.41338527632427], [39.74756395925, 21.41357108786313], [39.74768327946373, 21.41377406056681], [39.74786505661172, 21.41395875705622], [39.74801562120038, 21.41404155302833], [39.74836863728472, 21.41409296501051], [39.7486034215669, 21.41407371956804], [39.74875942216968, 21.41399912553355], [39.74912952634756, 21.41370595888219], [39.74954612372565, 21.41333297165908], [39.74996376186229, 21.41291416492248]]}, "properties": {"layer": "lighting", "name": "مسار بلا عنوان", "kind": "نقطة إنارة", "description": "", "color": "#fbbf24"}}, {"type": "Feature", "geometry": {"type": "LineString", "coordinates": [[39.75114643633009, 21.41404468819468], [39.75164982727178, 21.41374845778313], [39.75222852426882, 21.41335040002152], [39.75135092682784, 21.41318975162134], [39.75074735433613, 21.41306459952182], [39.75040440004225, 21.41340353567188], [39.749963899437, 21.41376234355736], [39.74954320578478, 21.41415563157092], [39.74971984281331, 21.4144227761641], [39.74915183859905, 21.41449980735887], [39.74869188219112, 21.41486462467183], [39.74818082587472, 21.41523461240656], [39.74773388382797, 21.41556516326311]]}, "properties": {"layer": "lighting", "name": "مسار بلا عنوان", "kind": "نقطة إنارة", "description": "", "color": "#fbbf24"}}, {"type": "Feature", "geometry": {"type": "LineString", "coordinates": [[39.74633035071655, 21.41313529483532], [39.74638470449079, 21.41258300749223]]}, "properties": {"layer": "lighting", "name": "مسار بلا عنوان", "kind": "نقطة إنارة", "description": "", "color": "#fbbf24"}}, {"type": "Feature", "geometry": {"type": "LineString", "coordinates": [[39.74628460011699, 21.41401123125311], [39.74605594103603, 21.41389085330847], [39.74624096385546, 21.41342475846999], [39.7463401888207, 21.41314623048647]]}, "properties": {"layer": "lighting", "name": "مسار بلا عنوان", "kind": "نقطة إنارة", "description": "", "color": "#fbbf24"}}, {"type": "Feature", "geometry": {"type": "LineString", "coordinates": [[39.7459642429958, 21.41134652474189], [39.74655439319363, 21.41132970929359], [39.7471388357159, 21.41123687983536], [39.74771831257718, 21.41110861441829], [39.74826712507512, 21.41099214458373], [39.74883740064633, 21.41085114109246], [39.7494030966422, 21.41070384086541], [39.7499593262436, 21.41056176090804], [39.75054751479098, 21.41041140415099], [39.75109051882748, 21.41036378513463], [39.75165639453297, 21.41046913101227], [39.75213264925597, 21.4107174123284], [39.75219070805124, 21.410874171558], [39.75215148559644, 21.41101046090161], [39.7518321328596, 21.41128374904025], [39.75142970501096, 21.41167895528156]]}, "properties": {"layer": "lighting", "name": "مسار بلا عنوان", "kind": "نقطة إنارة", "description": "", "color": "#fbbf24"}}, {"type": "Feature", "geometry": {"type": "LineString", "coordinates": [[39.75347867283139, 21.40976096770712], [39.75305628843433, 21.4101499591798], [39.75264018841975, 21.41052381181755], [39.75224336871633, 21.41092902428017], [39.75219607126941, 21.41087176351648]]}, "properties": {"layer": "lighting", "name": "مسار بلا عنوان", "kind": "نقطة إنارة", "description": "", "color": "#fbbf24"}}, {"type": "Feature", "geometry": {"type": "LineString", "coordinates": [[39.75329372952622, 21.41082551670888], [39.75263523482005, 21.41144617319493], [39.75285724491744, 21.41186794326979], [39.75284679775431, 21.4124190453444], [39.75264821997097, 21.4128304954711], [39.75168618327752, 21.41263538651047], [39.75129403226242, 21.41257299442148], [39.75052967460874, 21.41238442090037], [39.74981921221981, 21.41216888044752], [39.7495471151934, 21.41190096608691], [39.74947947903153, 21.41155313248112], [39.74948513173474, 21.41133407912978], [39.7495858063982, 21.41112607445191], [39.74968066659424, 21.41099484098491], [39.74984146944879, 21.41087782211936], [39.75007867761914, 21.41077128347368], [39.75031367262919, 21.41073502428674], [39.75060241324437, 21.4107960230456], [39.75084480489106, 21.41089664657565], [39.75095965765514, 21.41101072660781], [39.751088461665, 21.41116867613078], [39.75112483554954, 21.41130566585922], [39.75117394350367, 21.41155274378447], [39.75113204354352, 21.41176747022454], [39.75108401258245, 21.41191430633238], [39.75098532874957, 21.41201221649775]]}, "properties": {"layer": "lighting", "name": "مسار بلا عنوان", "kind": "نقطة إنارة", "description": "", "color": "#fbbf24"}}, {"type": "Feature", "geometry": {"type": "LineString", "coordinates": [[39.75265423866438, 21.4114455191614], [39.75225223666691, 21.41184125266907], [39.75180961713204, 21.41207450408647]]}, "properties": {"layer": "lighting", "name": "مسار بلا عنوان", "kind": "نقطة إنارة", "description": "", "color": "#fbbf24"}}, {"type": "Feature", "geometry": {"type": "LineString", "coordinates": [[39.74568164286664, 21.41393663158641], [39.74513176533782, 21.41361320848339], [39.74460217397616, 21.41336386860188], [39.74411690428308, 21.4130957005464], [39.74360010503644, 21.41284914203072], [39.74309469607766, 21.41260564727444], [39.74257749445344, 21.4123492864238], [39.74208065220002, 21.41212838030542], [39.7415081382775, 21.41197363350929], [39.74092116730291, 21.41191090703038], [39.740323946249, 21.41191771027544], [39.73974946282918, 21.41194521287052], [39.73915195763958, 21.41199056595823], [39.73859839945557, 21.41203751107707], [39.73801670029699, 21.41207203441261], [39.73741929580731, 21.41210054381621], [39.73682824249218, 21.4121422425815], [39.73626196466569, 21.41219886659975], [39.73568513140383, 21.41224377165714]]}, "properties": {"layer": "lighting", "name": "مسار بلا عنوان", "kind": "نقطة إنارة", "description": "", "color": "#fbbf24"}}, {"type": "Feature", "geometry": {"type": "LineString", "coordinates": [[39.74676950698618, 21.41420187536676], [39.74679576768092, 21.41349318379108], [39.74736726220551, 21.41261698045809]]}, "properties": {"layer": "lighting", "name": "مسار بلا عنوان", "kind": "نقطة إنارة", "description": "", "color": "#fbbf24"}}, {"type": "Feature", "geometry": {"type": "LineString", "coordinates": [[39.74977068444419, 21.41441498051645], [39.75038972046858, 21.41409698940421], [39.75095469805591, 21.41366141382033]]}, "properties": {"layer": "lighting", "name": "مسار بلا عنوان", "kind": "نقطة إنارة", "description": "", "color": "#fbbf24"}}, {"type": "Feature", "geometry": {"type": "LineString", "coordinates": [[39.75435538591634, 21.41009152945195], [39.75420522774592, 21.40998014206496]]}, "properties": {"layer": "lighting", "name": "مسار بلا عنوان", "kind": "نقطة إنارة", "description": "", "color": "#fbbf24"}}, {"type": "Feature", "geometry": {"type": "LineString", "coordinates": [[39.75327139647581, 21.41082619481207], [39.7536408640379, 21.4106574275981]]}, "properties": {"layer": "lighting", "name": "مسار بلا عنوان", "kind": "نقطة إنارة", "description": "", "color": "#fbbf24"}}, {"type": "Feature", "geometry": {"type": "LineString", "coordinates": [[39.75372279426863, 21.41366254073329], [39.75221107248061, 21.41334540404686]]}, "properties": {"layer": "lighting", "name": "مسار بلا عنوان", "kind": "نقطة إنارة", "description": "", "color": "#fbbf24"}}, {"type": "Feature", "geometry": {"type": "LineString", "coordinates": [[39.75074361848507, 21.41308354677223], [39.74996135856924, 21.4129180613634]]}, "properties": {"layer": "lighting", "name": "مسار بلا عنوان", "kind": "نقطة إنارة", "description": "", "color": "#fbbf24"}}, {"type": "Feature", "geometry": {"type": "LineString", "coordinates": [[39.74765413506393, 21.4129068859611], [39.7473572007283, 21.41262681352267]]}, "properties": {"layer": "lighting", "name": "مسار بلا عنوان", "kind": "نقطة إنارة", "description": "", "color": "#fbbf24"}}, {"type": "Feature", "geometry": {"type": "LineString", "coordinates": [[39.74560019959311, 21.41654065482032], [39.74531900169241, 21.41640700015179]]}, "properties": {"layer": "lighting", "name": "مسار بلا عنوان", "kind": "نقطة إنارة", "description": "", "color": "#fbbf24"}}, {"type": "Feature", "geometry": {"type": "LineString", "coordinates": [[39.74506965827062, 21.41396176127113], [39.74517067608061, 21.41364773836846]]}, "properties": {"layer": "lighting", "name": "مسار بلا عنوان", "kind": "نقطة إنارة", "description": "", "color": "#fbbf24"}}, {"type": "Feature", "geometry": {"type": "Point", "coordinates": [39.74503142774541, 21.41777682253677]}, "properties": {"layer": "lighting", "name": "برج", "kind": "برج", "description": "ارتفاع البرج (20) متر عدد الفوانيس(4) الحالة الفنية (جيد) قدرة لكشافات(240)واط", "color": "#fde047"}}, {"type": "Feature", "geometry": {"type": "Point", "coordinates": [39.7454866150728, 21.41743371798701]}, "properties": {"layer": "lighting", "name": "برج", "kind": "برج", "description": "ارتفاع البرج (20) متر عدد الفوانيس(4) الحالة الفنية (جيد) قدرة لكشافات(240)واط", "color": "#fde047"}}, {"type": "Feature", "geometry": {"type": "Point", "coordinates": [39.74594727314253, 21.41709492759156]}, "properties": {"layer": "lighting", "name": "​", "kind": "برج", "description": "ارتفاع البرج (20) متر عدد الفوانيس(4) الحالة الفنية (جيد) قدرة لكشافات(240)واط", "color": "#fde047"}}, {"type": "Feature", "geometry": {"type": "Point", "coordinates": [39.74640904000206, 21.4167607361167]}, "properties": {"layer": "lighting", "name": "عمود", "kind": "عمود", "description": "", "color": "#fde047"}}, {"type": "Feature", "geometry": {"type": "Point", "coordinates": [39.74687297108369, 21.41640220409086]}, "properties": {"layer": "lighting", "name": "عمود", "kind": "عمود", "description": "", "color": "#fde047"}}, {"type": "Feature", "geometry": {"type": "Point", "coordinates": [39.74732743500864, 21.41607737739072]}, "properties": {"layer": "lighting", "name": "عمود", "kind": "عمود", "description": "", "color": "#fde047"}}, {"type": "Feature", "geometry": {"type": "Point", "coordinates": [39.7477662850478, 21.41579708851106]}, "properties": {"layer": "lighting", "name": "برج", "kind": "برج", "description": "ارتفاع البرج (20) متر عدد الفوانيس(4) الحالة الفنية (جيد) قدرة لكشافات(240)واط", "color": "#fde047"}}, {"type": "Feature", "geometry": {"type": "Point", "coordinates": [39.7482678073764, 21.41552262919354]}, "properties": {"layer": "lighting", "name": "برج", "kind": "برج", "description": "ارتفاع البرج (20) متر عدد الفوانيس(4) الحالة الفنية (جيد) قدرة لكشافات(240)واط", "color": "#fde047"}}, {"type": "Feature", "geometry": {"type": "Point", "coordinates": [39.7487894801233, 21.41529158780401]}, "properties": {"layer": "lighting", "name": "برج", "kind": "برج", "description": "ارتفاع البرج (20) متر عدد الفوانيس(4) الحالة الفنية (جيد) قدرة لكشافات(240)واط", "color": "#fde047"}}, {"type": "Feature", "geometry": {"type": "Point", "coordinates": [39.74930539998781, 21.41506685086759]}, "properties": {"layer": "lighting", "name": "عمود", "kind": "عمود", "description": "", "color": "#fde047"}}, {"type": "Feature", "geometry": {"type": "Point", "coordinates": [39.74983615709797, 21.41484211837582]}, "properties": {"layer": "lighting", "name": "برج", "kind": "برج", "description": "ارتفاع البرج (20) متر عدد الفوانيس(4) الحالة الفنية (جيد) قدرة لكشافات(240)واط", "color": "#fde047"}}, {"type": "Feature", "geometry": {"type": "Point", "coordinates": [39.75036105765615, 21.41461005590588]}, "properties": {"layer": "lighting", "name": "برج", "kind": "برج", "description": "ارتفاع البرج (20) متر عدد الفوانيس(4) الحالة الفنية (جيد) قدرة لكشافات(240)واط", "color": "#fde047"}}, {"type": "Feature", "geometry": {"type": "Point", "coordinates": [39.7508764133059, 21.41439406987179]}, "properties": {"layer": "lighting", "name": "برج", "kind": "برج", "description": "ارتفاع البرج (20) متر عدد الفوانيس(4) الحالة الفنية (جيد) قدرة لكشافات(240)واط", "color": "#fde047"}}, {"type": "Feature", "geometry": {"type": "Point", "coordinates": [39.75141929192431, 21.41417604601819]}, "properties": {"layer": "lighting", "name": "برج", "kind": "برج", "description": "ارتفاع البرج (20) متر عدد الفوانيس(4) الحالة الفنية (جيد) قدرة لكشافات(240)واط", "color": "#fde047"}}, {"type": "Feature", "geometry": {"type": "Point", "coordinates": [39.75198480977577, 21.41402960907728]}, "properties": {"layer": "lighting", "name": "برج", "kind": "برج", "description": "ارتفاع البرج (20) متر عدد الفوانيس(4) الحالة الفنية (جيد) قدرة لكشافات(240)واط", "color": "#fde047"}}, {"type": "Feature", "geometry": {"type": "Point", "coordinates": [39.75255338336622, 21.41391752499452]}, "properties": {"layer": "lighting", "name": "برج", "kind": "برج", "description": "ارتفاع البرج (20) متر عدد الفوانيس(4) الحالة الفنية (جيد) قدرة لكشافات(240)واط", "color": "#fde047"}}, {"type": "Feature", "geometry": {"type": "Point", "coordinates": [39.7531504764709, 21.41385915454465]}, "properties": {"layer": "lighting", "name": "برج", "kind": "برج", "description": "ارتفاع البرج (20) متر عدد الفوانيس(4) الحالة الفنية (جيد) قدرة لكشافات(240)واط", "color": "#fde047"}}, {"type": "Feature", "geometry": {"type": "Point", "coordinates": [39.75373099197523, 21.41383163913711]}, "properties": {"layer": "lighting", "name": "برج", "kind": "برج", "description": "ارتفاع البرج (20) متر عدد الفوانيس(4) الحالة الفنية (جيد) قدرة لكشافات(240)واط", "color": "#fde047"}}, {"type": "Feature", "geometry": {"type": "Point", "coordinates": [39.75425674126647, 21.41384150125225]}, "properties": {"layer": "lighting", "name": "برج", "kind": "برج", "description": "ارتفاع البرج (20) متر عدد الفوانيس(4) الحالة الفنية (جيد) قدرة لكشافات(240)واط", "color": "#fde047"}}, {"type": "Feature", "geometry": {"type": "Point", "coordinates": [39.75477960927518, 21.41389430935547]}, "properties": {"layer": "lighting", "name": "برج", "kind": "برج", "description": "ارتفاع البرج (20) متر عدد الفوانيس(4) الحالة الفنية (جيد) قدرة لكشافات(240)واط", "color": "#fde047"}}, {"type": "Feature", "geometry": {"type": "Point", "coordinates": [39.75534059749958, 21.41397666732217]}, "properties": {"layer": "lighting", "name": "برج", "kind": "برج", "description": "ارتفاع البرج (20) متر عدد الفوانيس(4) الحالة الفنية (جيد) قدرة لكشافات(240)واط", "color": "#fde047"}}, {"type": "Feature", "geometry": {"type": "Point", "coordinates": [39.75591605342393, 21.4140392321097]}, "properties": {"layer": "lighting", "name": "برج", "kind": "برج", "description": "ارتفاع البرج (20) متر عدد الفوانيس(4) الحالة الفنية (جيد) قدرة لكشافات(240)واط", "color": "#fde047"}}, {"type": "Feature", "geometry": {"type": "Point", "coordinates": [39.75649187274835, 21.41411332777897]}, "properties": {"layer": "lighting", "name": "برج", "kind": "برج", "description": "ارتفاع البرج (20) متر عدد الفوانيس(4) الحالة الفنية (جيد) قدرة لكشافات(240)واط", "color": "#fde047"}}, {"type": "Feature", "geometry": {"type": "Point", "coordinates": [39.75707768065136, 21.41416418549674]}, "properties": {"layer": "lighting", "name": "برج", "kind": "برج", "description": "ارتفاع البرج (20) متر عدد الفوانيس(4) الحالة الفنية (جيد) قدرة لكشافات(240)واط", "color": "#fde047"}}, {"type": "Feature", "geometry": {"type": "Point", "coordinates": [39.75766306495627, 21.41419974716042]}, "properties": {"layer": "lighting", "name": "برج", "kind": "برج", "description": "ارتفاع البرج (20) متر عدد الفوانيس(4) الحالة الفنية (جيد) قدرة لكشافات(240)واط", "color": "#fde047"}}, {"type": "Feature", "geometry": {"type": "Point", "coordinates": [39.75828785809973, 21.41425732013471]}, "properties": {"layer": "lighting", "name": "برج", "kind": "برج", "description": "ارتفاع البرج (20) متر عدد الفوانيس(4) الحالة الفنية (جيد) قدرة لكشافات(240)واط", "color": "#fde047"}}, {"type": "Feature", "geometry": {"type": "Point", "coordinates": [39.75886506923707, 21.41428702052298]}, "properties": {"layer": "lighting", "name": "برج", "kind": "برج", "description": "ارتفاع البرج (20) متر عدد الفوانيس(4) الحالة الفنية (جيد) قدرة لكشافات(240)واط", "color": "#fde047"}}, {"type": "Feature", "geometry": {"type": "Point", "coordinates": [39.75942189649238, 21.41429425246438]}, "properties": {"layer": "lighting", "name": "برج", "kind": "برج", "description": "ارتفاع البرج (20) متر عدد الفوانيس(4) الحالة الفنية (جيد) قدرة لكشافات(240)واط", "color": "#fde047"}}, {"type": "Feature", "geometry": {"type": "Point", "coordinates": [39.76001642756977, 21.41431950728309]}, "properties": {"layer": "lighting", "name": "برج", "kind": "برج", "description": "ارتفاع البرج (20) متر عدد الفوانيس(4) الحالة الفنية (جيد) قدرة لكشافات(240)واط", "color": "#fde047"}}, {"type": "Feature", "geometry": {"type": "Point", "coordinates": [39.75657990576723, 21.41350726151455]}, "properties": {"layer": "lighting", "name": "برج", "kind": "برج", "description": "ارتفاع البرج (20) متر عدد الفوانيس(4) الحالة الفنية (جيد) قدرة لكشافات(240)واط", "color": "#fde047"}}, {"type": "Feature", "geometry": {"type": "Point", "coordinates": [39.75600544932547, 21.41343116618352]}, "properties": {"layer": "lighting", "name": "برج", "kind": "برج", "description": "ارتفاع البرج (20) متر عدد الفوانيس(4) الحالة الفنية (جيد) قدرة لكشافات(240)واط", "color": "#fde047"}}, {"type": "Feature", "geometry": {"type": "Point", "coordinates": [39.75541420185918, 21.4133377516807]}, "properties": {"layer": "lighting", "name": "برج", "kind": "برج", "description": "ارتفاع البرج (20) متر عدد الفوانيس(4) الحالة الفنية (جيد) قدرة لكشافات(240)واط", "color": "#fde047"}}, {"type": "Feature", "geometry": {"type": "Point", "coordinates": [39.75486214536057, 21.41326847164942]}, "properties": {"layer": "lighting", "name": "برج", "kind": "برج", "description": "ارتفاع البرج (20) متر عدد الفوانيس(4) الحالة الفنية (جيد) قدرة لكشافات(240)واط", "color": "#fde047"}}, {"type": "Feature", "geometry": {"type": "Point", "coordinates": [39.75432547982192, 21.41303712073088]}, "properties": {"layer": "lighting", "name": "برج", "kind": "برج", "description": "ارتفاع البرج (20) متر عدد الفوانيس(4) الحالة الفنية (جيد) قدرة لكشافات(240)واط", "color": "#fde047"}}, {"type": "Feature", "geometry": {"type": "Point", "coordinates": [39.75389076897144, 21.41268724538178]}, "properties": {"layer": "lighting", "name": "برج", "kind": "برج", "description": "ارتفاع البرج (20) متر عدد الفوانيس(4) الحالة الفنية (جيد) قدرة لكشافات(240)واط", "color": "#fde047"}}, {"type": "Feature", "geometry": {"type": "Point", "coordinates": [39.7535565357088, 21.41223753730593]}, "properties": {"layer": "lighting", "name": "برج", "kind": "برج", "description": "ارتفاع البرج (20) متر عدد الفوانيس(4) الحالة الفنية (جيد) قدرة لكشافات(240)واط", "color": "#fde047"}}, {"type": "Feature", "geometry": {"type": "Point", "coordinates": [39.75342369976447, 21.41171360503536]}, "properties": {"layer": "lighting", "name": "برج", "kind": "برج", "description": "ارتفاع البرج (20) متر عدد الفوانيس(4) الحالة الفنية (جيد) قدرة لكشافات(240)واط", "color": "#fde047"}}, {"type": "Feature", "geometry": {"type": "Point", "coordinates": [39.75343887258609, 21.41116085608736]}, "properties": {"layer": "lighting", "name": "برج", "kind": "برج", "description": "ارتفاع البرج (20) متر عدد الفوانيس(2) الحالة الفنية (جيد) قدرة لكشافات(240)واط", "color": "#fde047"}}, {"type": "Feature", "geometry": {"type": "Point", "coordinates": [39.75364132922397, 21.41065570820789]}, "properties": {"layer": "lighting", "name": "برج", "kind": "برج", "description": "ارتفاع البرج (20) متر عدد الفوانيس(4) الحالة الفنية (جيد) قدرة لكشافات(240)واط", "color": "#fde047"}}, {"type": "Feature", "geometry": {"type": "Point", "coordinates": [39.75426731061667, 21.40989849254892]}, "properties": {"layer": "lighting", "name": "برج", "kind": "برج", "description": "ارتفاع البرج (20) متر عدد الفوانيس(4) الحالة الفنية (جيد) قدرة لكشافات(240)واط", "color": "#fde047"}}, {"type": "Feature", "geometry": {"type": "Point", "coordinates": [39.75474963389209, 21.4094295809342]}, "properties": {"layer": "lighting", "name": "برج", "kind": "برج", "description": "ارتفاع البرج (20) متر عدد الفوانيس(4) الحالة الفنية (جيد) قدرة لكشافات(240)واط", "color": "#fde047"}}, {"type": "Feature", "geometry": {"type": "Point", "coordinates": [39.7551519245614, 21.40902153214329]}, "properties": {"layer": "lighting", "name": "برج", "kind": "برج", "description": "ارتفاع البرج (20) متر عدد الفوانيس(4) الحالة الفنية (جيد) قدرة لكشافات(240)واط", "color": "#fde047"}}, {"type": "Feature", "geometry": {"type": "Point", "coordinates": [39.75551877454887, 21.4086093961165]}, "properties": {"layer": "lighting", "name": "برج", "kind": "برج", "description": "ارتفاع البرج (20) متر عدد الفوانيس(4) الحالة الفنية (جيد) قدرة لكشافات(240)واط", "color": "#fde047"}}, {"type": "Feature", "geometry": {"type": "Point", "coordinates": [39.75591843886178, 21.40818479621971]}, "properties": {"layer": "lighting", "name": "برج", "kind": "برج", "description": "ارتفاع البرج (20) متر عدد الفوانيس(4) الحالة الفنية (جيد) قدرة لكشافات(240)واط", "color": "#fde047"}}, {"type": "Feature", "geometry": {"type": "Point", "coordinates": [39.75627082648022, 21.40777709590226]}, "properties": {"layer": "lighting", "name": "برج", "kind": "برج", "description": "ارتفاع البرج (20) متر عدد الفوانيس(4) الحالة الفنية (جيد) قدرة لكشافات(240)واط", "color": "#fde047"}}, {"type": "Feature", "geometry": {"type": "Point", "coordinates": [39.75661436953386, 21.40733704336068]}, "properties": {"layer": "lighting", "name": "برج", "kind": "برج", "description": "ارتفاع البرج (20) متر عدد الفوانيس(4) الحالة الفنية (جيد) قدرة لكشافات(240)واط", "color": "#fde047"}}, {"type": "Feature", "geometry": {"type": "Point", "coordinates": [39.75699727914343, 21.40689876147172]}, "properties": {"layer": "lighting", "name": "برج", "kind": "برج", "description": "ارتفاع البرج (20) متر عدد الفوانيس(4) الحالة الفنية (جيد) قدرة لكشافات(240)واط", "color": "#fde047"}}, {"type": "Feature", "geometry": {"type": "Point", "coordinates": [39.75646489819466, 21.40652330189106]}, "properties": {"layer": "lighting", "name": "برج", "kind": "برج", "description": "ارتفاع البرج (20) متر عدد الفوانيس(4) الحالة الفنية (جيد) قدرة لكشافات(240)واط", "color": "#fde047"}}, {"type": "Feature", "geometry": {"type": "Point", "coordinates": [39.7560859252748, 21.40694219625534]}, "properties": {"layer": "lighting", "name": "برج", "kind": "برج", "description": "ارتفاع البرج (20) متر عدد الفوانيس(4) الحالة الفنية (جيد) قدرة لكشافات(240)واط", "color": "#fde047"}}, {"type": "Feature", "geometry": {"type": "Point", "coordinates": [39.75572232999611, 21.40735019522613]}, "properties": {"layer": "lighting", "name": "برج", "kind": "برج", "description": "ارتفاع البرج (20) متر عدد الفوانيس(4) الحالة الفنية (جيد) قدرة لكشافات(240)واط", "color": "#fde047"}}, {"type": "Feature", "geometry": {"type": "Point", "coordinates": [39.75535314991367, 21.40775255095533]}, "properties": {"layer": "lighting", "name": "برج", "kind": "برج", "description": "ارتفاع البرج (20) متر عدد الفوانيس(4) الحالة الفنية (جيد) قدرة لكشافات(240)واط", "color": "#fde047"}}, {"type": "Feature", "geometry": {"type": "Point", "coordinates": [39.75498708590498, 21.40815907909767]}, "properties": {"layer": "lighting", "name": "برج", "kind": "برج", "description": "ارتفاع البرج (20) متر عدد الفوانيس(4) الحالة الفنية (جيد) قدرة لكشافات(240)واط", "color": "#fde047"}}, {"type": "Feature", "geometry": {"type": "Point", "coordinates": [39.75460573977566, 21.40855270814931]}, "properties": {"layer": "lighting", "name": "برج", "kind": "برج", "description": "ارتفاع البرج (20) متر عدد الفوانيس(4) الحالة الفنية (جيد) قدرة لكشافات(240)واط", "color": "#fde047"}}, {"type": "Feature", "geometry": {"type": "Point", "coordinates": [39.75326805173943, 21.40955409307547]}, "properties": {"layer": "lighting", "name": "برج", "kind": "برج", "description": "ارتفاع البرج (20) متر عدد الفوانيس(4) الحالة الفنية (جيد) قدرة لكشافات(240)واط", "color": "#fde047"}}, {"type": "Feature", "geometry": {"type": "Point", "coordinates": [39.75270336948323, 21.40972860145571]}, "properties": {"layer": "lighting", "name": "برج", "kind": "برج", "description": "ارتفاع البرج (20) متر عدد الفوانيس(4) الحالة الفنية (جيد) قدرة لكشافات(240)واط", "color": "#fde047"}}, {"type": "Feature", "geometry": {"type": "Point", "coordinates": [39.75214082451966, 21.40984723083683]}, "properties": {"layer": "lighting", "name": "برج", "kind": "برج", "description": "ارتفاع البرج (20) متر عدد الفوانيس(4) الحالة الفنية (جيد) قدرة لكشافات(240)واط", "color": "#fde047"}}, {"type": "Feature", "geometry": {"type": "Point", "coordinates": [39.75158597505726, 21.40994675299843]}, "properties": {"layer": "lighting", "name": "برج", "kind": "برج", "description": "ارتفاع البرج (20) متر عدد الفوانيس(4) الحالة الفنية (جيد) قدرة لكشافات(240)واط", "color": "#fde047"}}, {"type": "Feature", "geometry": {"type": "Point", "coordinates": [39.75101441986696, 21.41005142860542]}, "properties": {"layer": "lighting", "name": "برج", "kind": "برج", "description": "ارتفاع البرج (20) متر عدد الفوانيس(4) الحالة الفنية (جيد) قدرة لكشافات(240)واط", "color": "#fde047"}}, {"type": "Feature", "geometry": {"type": "Point", "coordinates": [39.75046277663727, 21.41016110495732]}, "properties": {"layer": "lighting", "name": "برج", "kind": "برج", "description": "ارتفاع البرج (20) متر عدد الفوانيس(4) الحالة الفنية (جيد) قدرة لكشافات(240)واط", "color": "#fde047"}}, {"type": "Feature", "geometry": {"type": "Point", "coordinates": [39.74989174548291, 21.41031791049955]}, "properties": {"layer": "lighting", "name": "برج", "kind": "برج", "description": "ارتفاع البرج (20) متر عدد الفوانيس(4) الحالة الفنية (جيد) قدرة لكشافات(240)واط", "color": "#fde047"}}, {"type": "Feature", "geometry": {"type": "Point", "coordinates": [39.74932789009185, 21.41045381285679]}, "properties": {"layer": "lighting", "name": "برج", "kind": "برج", "description": "ارتفاع البرج (20) متر عدد الفوانيس(4) الحالة الفنية (جيد) قدرة لكشافات(240)واط", "color": "#fde047"}}, {"type": "Feature", "geometry": {"type": "Point", "coordinates": [39.74876828356539, 21.41058470537765]}, "properties": {"layer": "lighting", "name": "برج", "kind": "برج", "description": "ارتفاع البرج (20) متر عدد الفوانيس(4) الحالة الفنية (جيد) قدرة لكشافات(240)واط", "color": "#fde047"}}, {"type": "Feature", "geometry": {"type": "Point", "coordinates": [39.74821147651269, 21.41073159324618]}, "properties": {"layer": "lighting", "name": "برج", "kind": "برج", "description": "ارتفاع البرج (20) متر عدد الفوانيس(4) الحالة الفنية (جيد) قدرة لكشافات(240)واط", "color": "#fde047"}}, {"type": "Feature", "geometry": {"type": "Point", "coordinates": [39.74765223583012, 21.41086269025282]}, "properties": {"layer": "lighting", "name": "برج", "kind": "برج", "description": "ارتفاع البرج (20) متر عدد الفوانيس(4) الحالة الفنية (جيد) قدرة لكشافات(240)واط", "color": "#fde047"}}, {"type": "Feature", "geometry": {"type": "Point", "coordinates": [39.74708858783123, 21.41099127288613]}, "properties": {"layer": "lighting", "name": "برج", "kind": "برج", "description": "ارتفاع البرج (20) متر عدد الفوانيس(4) الحالة الفنية (جيد) قدرة لكشافات(240)واط", "color": "#fde047"}}, {"type": "Feature", "geometry": {"type": "Point", "coordinates": [39.74651783152497, 21.41105848971532]}, "properties": {"layer": "lighting", "name": "برج", "kind": "برج", "description": "ارتفاع البرج (20) متر عدد الفوانيس(4) الحالة الفنية (جيد) قدرة لكشافات(240)واط", "color": "#fde047"}}, {"type": "Feature", "geometry": {"type": "Point", "coordinates": [39.74593642403983, 21.41107686260926]}, "properties": {"layer": "lighting", "name": "برج", "kind": "برج", "description": "ارتفاع البرج (20) متر عدد الفوانيس(4) الحالة الفنية (جيد) قدرة لكشافات(240)واط", "color": "#fde047"}}, {"type": "Feature", "geometry": {"type": "Point", "coordinates": [39.74488587384644, 21.41103988989336]}, "properties": {"layer": "lighting", "name": "برج", "kind": "برج", "description": "ارتفاع البرج (20) متر عدد الفوانيس(4) الحالة الفنية (جيد) قدرة لكشافات(240)واط", "color": "#fde047"}}, {"type": "Feature", "geometry": {"type": "Point", "coordinates": [39.74430258754973, 21.410992250829]}, "properties": {"layer": "lighting", "name": "برج", "kind": "برج", "description": "ارتفاع البرج (20) متر عدد الفوانيس(4) الحالة الفنية (جيد) قدرة لكشافات(240)واط", "color": "#fde047"}}, {"type": "Feature", "geometry": {"type": "Point", "coordinates": [39.74371595049766, 21.41095771755015]}, "properties": {"layer": "lighting", "name": "برج", "kind": "برج", "description": "ارتفاع البرج (20) متر عدد الفوانيس(4) الحالة الفنية (جيد) قدرة لكشافات(240)واط", "color": "#fde047"}}, {"type": "Feature", "geometry": {"type": "Point", "coordinates": [39.74313584954259, 21.41094596839802]}, "properties": {"layer": "lighting", "name": "برج", "kind": "برج", "description": "ارتفاع البرج (20) متر عدد الفوانيس(4) الحالة الفنية (جيد) قدرة لكشافات(240)واط", "color": "#fde047"}}, {"type": "Feature", "geometry": {"type": "Point", "coordinates": [39.74255944119336, 21.41096690418258]}, "properties": {"layer": "lighting", "name": "برج", "kind": "برج", "description": "ارتفاع البرج (20) متر عدد الفوانيس(4) الحالة الفنية (جيد) قدرة لكشافات(240)واط", "color": "#fde047"}}, {"type": "Feature", "geometry": {"type": "Point", "coordinates": [39.74197963424087, 21.4109659595296]}, "properties": {"layer": "lighting", "name": "برج", "kind": "برج", "description": "ارتفاع البرج (20) متر عدد الفوانيس(4) الحالة الفنية (جيد) قدرة لكشافات(240)واط", "color": "#fde047"}}, {"type": "Feature", "geometry": {"type": "Point", "coordinates": [39.7414057718991, 21.41100322527333]}, "properties": {"layer": "lighting", "name": "برج", "kind": "برج", "description": "ارتفاع البرج (20) متر عدد الفوانيس(4) الحالة الفنية (جيد) قدرة لكشافات(240)واط", "color": "#fde047"}}, {"type": "Feature", "geometry": {"type": "Point", "coordinates": [39.74083858666344, 21.41106638585108]}, "properties": {"layer": "lighting", "name": "برج", "kind": "برج", "description": "ارتفاع البرج (20) متر عدد الفوانيس(4) الحالة الفنية (جيد) قدرة لكشافات(240)واط", "color": "#fde047"}}, {"type": "Feature", "geometry": {"type": "Point", "coordinates": [39.74024388130548, 21.41112365171054]}, "properties": {"layer": "lighting", "name": "برج", "kind": "برج", "description": "ارتفاع البرج (20) متر عدد الفوانيس(4) الحالة الفنية (جيد) قدرة لكشافات(240)واط", "color": "#fde047"}}, {"type": "Feature", "geometry": {"type": "Point", "coordinates": [39.73968129743457, 21.41115311952356]}, "properties": {"layer": "lighting", "name": "برج", "kind": "برج", "description": "ارتفاع البرج (20) متر عدد الفوانيس(4) الحالة الفنية (جيد) قدرة لكشافات(240)واط", "color": "#fde047"}}, {"type": "Feature", "geometry": {"type": "Point", "coordinates": [39.73976703008715, 21.41197377813605]}, "properties": {"layer": "lighting", "name": "برج", "kind": "برج", "description": "ارتفاع البرج (20) متر عدد الفوانيس(4) الحالة الفنية (جيد) قدرة لكشافات(240)واط", "color": "#fde047"}}, {"type": "Feature", "geometry": {"type": "Point", "coordinates": [39.74034632346854, 21.41192354708745]}, "properties": {"layer": "lighting", "name": "برج", "kind": "برج", "description": "ارتفاع البرج (20) متر عدد الفوانيس(4) الحالة الفنية (جيد) قدرة لكشافات(240)واط", "color": "#fde047"}}, {"type": "Feature", "geometry": {"type": "Point", "coordinates": [39.74091335153062, 21.41193418045858]}, "properties": {"layer": "lighting", "name": "برج", "kind": "برج", "description": "ارتفاع البرج (20) متر عدد الفوانيس(4) الحالة الفنية (جيد) قدرة لكشافات(240)واط", "color": "#fde047"}}, {"type": "Feature", "geometry": {"type": "Point", "coordinates": [39.74149415982502, 21.41198874287603]}, "properties": {"layer": "lighting", "name": "برج", "kind": "برج", "description": "ارتفاع البرج (20) متر عدد الفوانيس(4) الحالة الفنية (جيد) قدرة لكشافات(240)واط", "color": "#fde047"}}, {"type": "Feature", "geometry": {"type": "Point", "coordinates": [39.74207345173712, 21.41213408147063]}, "properties": {"layer": "lighting", "name": "برج", "kind": "برج", "description": "ارتفاع البرج (20) متر عدد الفوانيس(4) الحالة الفنية (جيد) قدرة لكشافات(240)واط", "color": "#fde047"}}, {"type": "Feature", "geometry": {"type": "Point", "coordinates": [39.74258399213568, 21.41235206246702]}, "properties": {"layer": "lighting", "name": "برج", "kind": "برج", "description": "ارتفاع البرج (20) متر عدد الفوانيس(4) الحالة الفنية (جيد) قدرة لكشافات(240)واط", "color": "#fde047"}}, {"type": "Feature", "geometry": {"type": "Point", "coordinates": [39.74312490935701, 21.41263532841996]}, "properties": {"layer": "lighting", "name": "برج", "kind": "برج", "description": "ارتفاع البرج (20) متر عدد الفوانيس(4) الحالة الفنية (جيد) قدرة لكشافات(240)واط", "color": "#fde047"}}, {"type": "Feature", "geometry": {"type": "Point", "coordinates": [39.74363212831998, 21.4128697535494]}, "properties": {"layer": "lighting", "name": "برج", "kind": "برج", "description": "ارتفاع البرج (20) متر عدد الفوانيس(4) الحالة الفنية (جيد) قدرة لكشافات(240)واط", "color": "#fde047"}}, {"type": "Feature", "geometry": {"type": "Point", "coordinates": [39.74516471716785, 21.41364829336609]}, "properties": {"layer": "lighting", "name": "برج", "kind": "برج", "description": "ارتفاع البرج (20) متر عدد الفوانيس(2) الحالة الفنية (جيد) قدرة لكشافات(240)واط", "color": "#fde047"}}, {"type": "Feature", "geometry": {"type": "Point", "coordinates": [39.74566450472869, 21.41390875726941]}, "properties": {"layer": "lighting", "name": "برج", "kind": "برج", "description": "ارتفاع البرج (20) متر عدد الفوانيس(2) الحالة الفنية (جيد) قدرة لكشافات(240)واط", "color": "#fde047"}}, {"type": "Feature", "geometry": {"type": "Point", "coordinates": [39.74626506299273, 21.4140254099327]}, "properties": {"layer": "lighting", "name": "برج", "kind": "برج", "description": "ارتفاع البرج (20) متر عدد الفوانيس(4) الحالة الفنية (جيد) قدرة لكشافات(240)واط", "color": "#fde047"}}, {"type": "Feature", "geometry": {"type": "Point", "coordinates": [39.746762919811, 21.41418365867982]}, "properties": {"layer": "lighting", "name": "برج", "kind": "برج", "description": "ارتفاع البرج (20) متر عدد الفوانيس(4) الحالة الفنية (جيد) قدرة لكشافات(240)واط", "color": "#fde047"}}, {"type": "Feature", "geometry": {"type": "Point", "coordinates": [39.74738601086433, 21.41431060325324]}, "properties": {"layer": "lighting", "name": "برج", "kind": "برج", "description": "ارتفاع البرج (20) متر عدد الفوانيس(4) الحالة الفنية (جيد) قدرة لكشافات(240)واط", "color": "#fde047"}}, {"type": "Feature", "geometry": {"type": "Point", "coordinates": [39.74792100037354, 21.41431323167649]}, "properties": {"layer": "lighting", "name": "برج", "kind": "برج", "description": "ارتفاع البرج (20) متر عدد الفوانيس(4) الحالة الفنية (جيد) قدرة لكشافات(240)واط", "color": "#fde047"}}, {"type": "Feature", "geometry": {"type": "Point", "coordinates": [39.74553866993241, 21.41589640185258]}, "properties": {"layer": "lighting", "name": "برج", "kind": "برج", "description": "ارتفاع البرج (20) متر عدد الفوانيس(4) الحالة الفنية (جيد) قدرة لكشافات(240)واط", "color": "#fde047"}}, {"type": "Feature", "geometry": {"type": "Point", "coordinates": [39.74531450959135, 21.41639974310138]}, "properties": {"layer": "lighting", "name": "ارتفاع البرج (20) متر عدد الفوانيس(4) الحالة الفنية (جيد) قدرة لكشافات(240)واط", "kind": "برج", "description": "ارتفاع البرج (20) متر عدد الفوانيس(4) الحالة الفنية (جيد) قدرة لكشافات(240)واط", "color": "#fde047"}}, {"type": "Feature", "geometry": {"type": "Point", "coordinates": [39.74501953873967, 21.41686064844727]}, "properties": {"layer": "lighting", "name": "برج", "kind": "برج", "description": "ارتفاع البرج (20) متر عدد الفوانيس(4) الحالة الفنية (جيد) قدرة لكشافات(240)واط", "color": "#fde047"}}, {"type": "Feature", "geometry": {"type": "Point", "coordinates": [39.7445934421772, 21.4172207157079]}, "properties": {"layer": "lighting", "name": "برج", "kind": "برج", "description": "ارتفاع البرج (20) متر عدد الفوانيس(4) الحالة الفنية (جيد) قدرة لكشافات(240)واط", "color": "#fde047"}}, {"type": "Feature", "geometry": {"type": "Point", "coordinates": [39.74370205640149, 21.41792749146222]}, "properties": {"layer": "lighting", "name": "برج", "kind": "برج", "description": "ارتفاع البرج (20) متر عدد الفوانيس(4) الحالة الفنية (جيد) قدرة لكشافات(240)واط", "color": "#fde047"}}, {"type": "Feature", "geometry": {"type": "Point", "coordinates": [39.74324899871068, 21.41833041528986]}, "properties": {"layer": "lighting", "name": "برج", "kind": "برج", "description": "ارتفاع البرج (20) متر عدد الفوانيس(4) الحالة الفنية (جيد) قدرة لكشافات(240)واط", "color": "#fde047"}}, {"type": "Feature", "geometry": {"type": "Point", "coordinates": [39.74284339034645, 21.41870173225157]}, "properties": {"layer": "lighting", "name": "برج", "kind": "برج", "description": "ارتفاع البرج (20) متر عدد الفوانيس(4) الحالة الفنية (جيد) قدرة لكشافات(240)واط", "color": "#fde047"}}, {"type": "Feature", "geometry": {"type": "Point", "coordinates": [39.7424471425102, 21.41913233887036]}, "properties": {"layer": "lighting", "name": "برج", "kind": "برج", "description": "ارتفاع البرج (20) متر عدد الفوانيس(4) الحالة الفنية (جيد) قدرة لكشافات(240)واط", "color": "#fde047"}}, {"type": "Feature", "geometry": {"type": "Point", "coordinates": [39.74168106195563, 21.4200022308278]}, "properties": {"layer": "lighting", "name": "برج", "kind": "برج", "description": "ارتفاع البرج (20) متر عدد الفوانيس(4) الحالة الفنية (جيد) قدرة لكشافات(240)واط", "color": "#fde047"}}, {"type": "Feature", "geometry": {"type": "Point", "coordinates": [39.742257201162, 21.42040240737106]}, "properties": {"layer": "lighting", "name": "برج", "kind": "برج", "description": "ارتفاع البرج (20) متر عدد الفوانيس(4) الحالة الفنية (جيد) قدرة لكشافات(240)واط", "color": "#fde047"}}, {"type": "Feature", "geometry": {"type": "Point", "coordinates": [39.74262257418865, 21.41997659947461]}, "properties": {"layer": "lighting", "name": "برج", "kind": "برج", "description": "ارتفاع البرج (20) متر عدد الفوانيس(4) الحالة الفنية (جيد) قدرة لكشافات(240)واط", "color": "#fde047"}}, {"type": "Feature", "geometry": {"type": "Point", "coordinates": [39.74297669426209, 21.41956563355423]}, "properties": {"layer": "lighting", "name": "برج", "kind": "برج", "description": "ارتفاع البرج (20) متر عدد الفوانيس(4) الحالة الفنية (جيد) قدرة لكشافات(240)واط", "color": "#fde047"}}, {"type": "Feature", "geometry": {"type": "Point", "coordinates": [39.74335926047518, 21.41917905828835]}, "properties": {"layer": "lighting", "name": "برج", "kind": "برج", "description": "ارتفاع البرج (20) متر عدد الفوانيس(4) الحالة الفنية (جيد) قدرة لكشافات(240)واط", "color": "#fde047"}}, {"type": "Feature", "geometry": {"type": "Point", "coordinates": [39.74376364338672, 21.41880120974507]}, "properties": {"layer": "lighting", "name": "برج", "kind": "برج", "description": "ارتفاع البرج (20) متر عدد الفوانيس(4) الحالة الفنية (جيد) قدرة لكشافات(240)واط", "color": "#fde047"}}, {"type": "Feature", "geometry": {"type": "Point", "coordinates": [39.74416544207154, 21.41843296980101]}, "properties": {"layer": "lighting", "name": "برج", "kind": "برج", "description": "ارتفاع البرج (20) متر عدد الفوانيس(4) الحالة الفنية (جيد) قدرة لكشافات(240)واط", "color": "#fde047"}}, {"type": "Feature", "geometry": {"type": "Point", "coordinates": [39.74457998469205, 21.41810167107031]}, "properties": {"layer": "lighting", "name": "برج", "kind": "برج", "description": "ارتفاع البرج (20) متر عدد الفوانيس(4) الحالة الفنية (جيد) قدرة لكشافات(240)واط", "color": "#fde047"}}, {"type": "Feature", "geometry": {"type": "Point", "coordinates": [39.7455971686402, 21.4165435197311]}, "properties": {"layer": "lighting", "name": "برج", "kind": "برج", "description": "ارتفاع البرج (20) متر عدد الفوانيس(4) الحالة الفنية (جيد) قدرة لكشافات(240)واط", "color": "#fde047"}}, {"type": "Feature", "geometry": {"type": "Point", "coordinates": [39.74605839061304, 21.41622222574856]}, "properties": {"layer": "lighting", "name": "برج", "kind": "برج", "description": "ارتفاع البرج (20) متر عدد الفوانيس(4) الحالة الفنية (جيد) قدرة لكشافات(240)واط", "color": "#fde047"}}, {"type": "Feature", "geometry": {"type": "Point", "coordinates": [39.74651381937888, 21.41587647050112]}, "properties": {"layer": "lighting", "name": "علامة موضعية بلا عنوان", "kind": "برج", "description": "ارتفاع البرج (20) متر عدد الفوانيس(2) الحالة الفنية (جيد) قدرة لكشافات(240)واط", "color": "#fde047"}}, {"type": "Feature", "geometry": {"type": "Point", "coordinates": [39.74697415162656, 21.415538931354]}, "properties": {"layer": "lighting", "name": "برج", "kind": "برج", "description": "ارتفاع البرج (20) متر عدد الفوانيس(2) الحالة الفنية (جيد) قدرة لكشافات(240)واط", "color": "#fde047"}}, {"type": "Feature", "geometry": {"type": "Point", "coordinates": [39.74741413939874, 21.41520285307444]}, "properties": {"layer": "lighting", "name": "برج", "kind": "برج", "description": "ارتفاع البرج (20) متر عدد الفوانيس(2) الحالة الفنية (جيد) قدرة لكشافات(240)واط", "color": "#fde047"}}, {"type": "Feature", "geometry": {"type": "Point", "coordinates": [39.74786033363867, 21.41484036160691]}, "properties": {"layer": "lighting", "name": "برج", "kind": "برج", "description": "ارتفاع البرج (20) متر عدد الفوانيس(2) الحالة الفنية (جيد) قدرة لكشافات(240)واط", "color": "#fde047"}}, {"type": "Feature", "geometry": {"type": "Point", "coordinates": [39.74826936741124, 21.41450572230119]}, "properties": {"layer": "lighting", "name": "برج", "kind": "برج", "description": "ارتفاع البرج (20) متر عدد الفوانيس(2) الحالة الفنية (جيد) قدرة لكشافات(240)واط", "color": "#fde047"}}, {"type": "Feature", "geometry": {"type": "Point", "coordinates": [39.74873910963093, 21.41400668269653]}, "properties": {"layer": "lighting", "name": "برج", "kind": "برج", "description": "ارتفاع البرج (20) متر عدد الفوانيس(4) الحالة الفنية (جيد) قدرة لكشافات(240)واط", "color": "#fde047"}}, {"type": "Feature", "geometry": {"type": "Point", "coordinates": [39.74910183578642, 21.41371253935406]}, "properties": {"layer": "lighting", "name": "برج", "kind": "برج", "description": "ارتفاع البرج (20) متر عدد الفوانيس(4) الحالة الفنية (جيد) قدرة لكشافات(240)واط", "color": "#fde047"}}, {"type": "Feature", "geometry": {"type": "Point", "coordinates": [39.74952637503103, 21.41334253692921]}, "properties": {"layer": "lighting", "name": "برج", "kind": "برج", "description": "ارتفاع البرج (20) متر عدد الفوانيس(4) الحالة الفنية (جيد) قدرة لكشافات(240)واط", "color": "#fde047"}}, {"type": "Feature", "geometry": {"type": "Point", "coordinates": [39.74800275516862, 21.41403115136417]}, "properties": {"layer": "lighting", "name": "برج", "kind": "برج", "description": "ارتفاع البرج (20) متر عدد الفوانيس(4) الحالة الفنية (جيد) قدرة لكشافات(240)واط", "color": "#fde047"}}, {"type": "Feature", "geometry": {"type": "Point", "coordinates": [39.74756040604725, 21.41354740050542]}, "properties": {"layer": "lighting", "name": "برج", "kind": "برج", "description": "ارتفاع البرج (20) متر عدد الفوانيس(4) الحالة الفنية (جيد) قدرة لكشافات(240)واط", "color": "#fde047"}}, {"type": "Feature", "geometry": {"type": "Point", "coordinates": [39.7476612523127, 21.41289788210017]}, "properties": {"layer": "lighting", "name": "برج", "kind": "برج", "description": "ارتفاع البرج (20) متر عدد الفوانيس(4) الحالة الفنية (جيد) قدرة لكشافات(240)واط", "color": "#fde047"}}, {"type": "Feature", "geometry": {"type": "Point", "coordinates": [39.74827443719474, 21.41256015143639]}, "properties": {"layer": "lighting", "name": "برج", "kind": "برج", "description": "ارتفاع البرج (20) متر عدد الفوانيس(4) الحالة الفنية (جيد) قدرة لكشافات(240)واط", "color": "#fde047"}}, {"type": "Feature", "geometry": {"type": "Point", "coordinates": [39.74906932259542, 21.41269198462239]}, "properties": {"layer": "lighting", "name": "علامة موضعية بلا عنوان", "kind": "برج", "description": "ارتفاع البرج (20) متر عدد الفوانيس(6) الحالة الفنية (جيد) قدرة لكشافات(240)واط", "color": "#fde047"}}, {"type": "Feature", "geometry": {"type": "Point", "coordinates": [39.74991236274183, 21.41290707090159]}, "properties": {"layer": "lighting", "name": "علامة موضعية بلا عنوان", "kind": "برج", "description": "ارتفاع البرج (20) متر عدد الفوانيس(6) الحالة الفنية (جيد) قدرة لكشافات(240)واط", "color": "#fde047"}}, {"type": "Feature", "geometry": {"type": "Point", "coordinates": [39.74980933702789, 21.4121495245357]}, "properties": {"layer": "lighting", "name": "برج", "kind": "برج", "description": "ارتفاع البرج (20) متر عدد الفوانيس(4) الحالة الفنية (جيد) قدرة لكشافات(240)واط", "color": "#fde047"}}, {"type": "Feature", "geometry": {"type": "Point", "coordinates": [39.75050843850398, 21.41239140774116]}, "properties": {"layer": "lighting", "name": "عمود", "kind": "عمود", "description": "", "color": "#fde047"}}, {"type": "Feature", "geometry": {"type": "Point", "coordinates": [39.75096050329178, 21.41199676862663]}, "properties": {"layer": "lighting", "name": "برج", "kind": "برج", "description": "ارتفاع البرج (20) متر عدد الفوانيس(4) الحالة الفنية (جيد) قدرة لكشافات(240)واط", "color": "#fde047"}}, {"type": "Feature", "geometry": {"type": "Point", "coordinates": [39.75108947365815, 21.4113195452287]}, "properties": {"layer": "lighting", "name": "برج", "kind": "برج", "description": "ارتفاع البرج (20) متر عدد الفوانيس(4) الحالة الفنية (جيد) قدرة لكشافات(240)واط", "color": "#fde047"}}, {"type": "Feature", "geometry": {"type": "Point", "coordinates": [39.75057829349115, 21.41079689728659]}, "properties": {"layer": "lighting", "name": "برج", "kind": "برج", "description": "ارتفاع البرج (20) متر عدد الفوانيس(4) الحالة الفنية (جيد) قدرة لكشافات(240)واط", "color": "#fde047"}}, {"type": "Feature", "geometry": {"type": "Point", "coordinates": [39.74984284212624, 21.41089610720384]}, "properties": {"layer": "lighting", "name": "برج", "kind": "برج", "description": "ارتفاع البرج (20) متر عدد الفوانيس(4) الحالة الفنية (جيد) قدرة لكشافات(240)واط", "color": "#fde047"}}, {"type": "Feature", "geometry": {"type": "Point", "coordinates": [39.74946942854493, 21.41153865917769]}, "properties": {"layer": "lighting", "name": "برج", "kind": "برج", "description": "ارتفاع البرج (20) متر عدد الفوانيس(4) الحالة الفنية (جيد) قدرة لكشافات(240)واط", "color": "#fde047"}}, {"type": "Feature", "geometry": {"type": "Point", "coordinates": [39.75138058689156, 21.41164970174249]}, "properties": {"layer": "lighting", "name": "عمود", "kind": "عمود", "description": "", "color": "#fde047"}}, {"type": "Feature", "geometry": {"type": "Point", "coordinates": [39.75178742968181, 21.41125833886264]}, "properties": {"layer": "lighting", "name": "عمود", "kind": "عمود", "description": "", "color": "#fde047"}}, {"type": "Feature", "geometry": {"type": "Point", "coordinates": [39.75218402280531, 21.41087384773985]}, "properties": {"layer": "lighting", "name": "عمود", "kind": "عمود", "description": "", "color": "#fde047"}}, {"type": "Feature", "geometry": {"type": "Point", "coordinates": [39.7516483763719, 21.41046645546284]}, "properties": {"layer": "lighting", "name": "برج", "kind": "برج", "description": "ارتفاع البرج (20) متر عدد الفوانيس(2) الحالة الفنية (جيد) قدرة لكشافات(240)واط", "color": "#fde047"}}, {"type": "Feature", "geometry": {"type": "Point", "coordinates": [39.75108357251371, 21.41036783417015]}, "properties": {"layer": "lighting", "name": "برج", "kind": "برج", "description": "ارتفاع البرج (20) متر عدد الفوانيس(2) الحالة الفنية (جيد) قدرة لكشافات(240)واط", "color": "#fde047"}}, {"type": "Feature", "geometry": {"type": "Point", "coordinates": [39.75049705309235, 21.41041687955445]}, "properties": {"layer": "lighting", "name": "برج", "kind": "برج", "description": "ارتفاع البرج (20) متر عدد الفوانيس(2) الحالة الفنية (جيد) قدرة لكشافات(240)واط", "color": "#fde047"}}, {"type": "Feature", "geometry": {"type": "Point", "coordinates": [39.74994396100721, 21.41056343041775]}, "properties": {"layer": "lighting", "name": "برج", "kind": "برج", "description": "ارتفاع البرج (20) متر عدد الفوانيس(2) الحالة الفنية (جيد) قدرة لكشافات(240)واط", "color": "#fde047"}}, {"type": "Feature", "geometry": {"type": "Point", "coordinates": [39.74937520255168, 21.41070773038362]}, "properties": {"layer": "lighting", "name": "برج", "kind": "برج", "description": "ارتفاع البرج (20) متر عدد الفوانيس(2) الحالة الفنية (جيد) قدرة لكشافات(240)واط", "color": "#fde047"}}, {"type": "Feature", "geometry": {"type": "Point", "coordinates": [39.74879263920102, 21.41084522047647]}, "properties": {"layer": "lighting", "name": "برج", "kind": "برج", "description": "ارتفاع البرج (20) متر عدد الفوانيس(2) الحالة الفنية (جيد) قدرة لكشافات(240)واط", "color": "#fde047"}}, {"type": "Feature", "geometry": {"type": "Point", "coordinates": [39.74826251204043, 21.41098401016156]}, "properties": {"layer": "lighting", "name": "برج", "kind": "برج", "description": "ارتفاع البرج (20) متر عدد الفوانيس(2) الحالة الفنية (جيد) قدرة لكشافات(240)واط", "color": "#fde047"}}, {"type": "Feature", "geometry": {"type": "Point", "coordinates": [39.74771491251833, 21.41110682815138]}, "properties": {"layer": "lighting", "name": "برج", "kind": "برج", "description": "ارتفاع البرج (20) متر عدد الفوانيس(2) الحالة الفنية (جيد) قدرة لكشافات(240)واط", "color": "#fde047"}}, {"type": "Feature", "geometry": {"type": "Point", "coordinates": [39.74714090062043, 21.41124386300885]}, "properties": {"layer": "lighting", "name": "برج", "kind": "برج", "description": "ارتفاع البرج (20) متر عدد الفوانيس(2) الحالة الفنية (جيد) قدرة لكشافات(240)واط", "color": "#fde047"}}, {"type": "Feature", "geometry": {"type": "Point", "coordinates": [39.74656564255057, 21.41135520721796]}, "properties": {"layer": "lighting", "name": "برج", "kind": "برج", "description": "ارتفاع البرج (20) متر عدد الفوانيس(4) الحالة الفنية (جيد) قدرة لكشافات(240)واط", "color": "#fde047"}}, {"type": "Feature", "geometry": {"type": "Point", "coordinates": [39.74599749296028, 21.41140988409125]}, "properties": {"layer": "lighting", "name": "برج", "kind": "برج", "description": "ارتفاع البرج (20) متر عدد الفوانيس(4) الحالة الفنية (جيد) قدرة لكشافات(240)واط", "color": "#fde047"}}, {"type": "Feature", "geometry": {"type": "Point", "coordinates": [39.74639547629267, 21.41259926294171]}, "properties": {"layer": "lighting", "name": "برج", "kind": "برج", "description": "ارتفاع البرج (20) متر عدد الفوانيس(2) الحالة الفنية (جيد) قدرة لكشافات(240)واط", "color": "#fde047"}}, {"type": "Feature", "geometry": {"type": "Point", "coordinates": [39.74632674070153, 21.41314806333467]}, "properties": {"layer": "lighting", "name": "برج", "kind": "برج", "description": "ارتفاع البرج (20) متر عدد الفوانيس(2) الحالة الفنية (جيد) قدرة لكشافات(240)واط", "color": "#fde047"}}, {"type": "Feature", "geometry": {"type": "Point", "coordinates": [39.74735496307327, 21.41260534150932]}, "properties": {"layer": "lighting", "name": "برج", "kind": "برج", "description": "ارتفاع البرج (20) متر عدد الفوانيس(4) الحالة الفنية (جيد) قدرة لكشافات(240)واط", "color": "#fde047"}}, {"type": "Feature", "geometry": {"type": "Point", "coordinates": [39.75262531915395, 21.41050892867637]}, "properties": {"layer": "lighting", "name": "برج", "kind": "برج", "description": "ارتفاع البرج (20) متر عدد الفوانيس(2) الحالة الفنية (جيد) قدرة لكشافات(240)واط", "color": "#fde047"}}, {"type": "Feature", "geometry": {"type": "Point", "coordinates": [39.75303748702604, 21.41012280517117]}, "properties": {"layer": "lighting", "name": "برج", "kind": "برج", "description": "ارتفاع البرج (20) متر عدد الفوانيس(2) الحالة الفنية (جيد) قدرة لكشافات(240)واط", "color": "#fde047"}}, {"type": "Feature", "geometry": {"type": "Point", "coordinates": [39.75342611094697, 21.40975921360048]}, "properties": {"layer": "lighting", "name": "برج", "kind": "برج", "description": "ارتفاع البرج (20) متر عدد الفوانيس(2) الحالة الفنية (جيد) قدرة لكشافات(240)واط", "color": "#fde047"}}, {"type": "Feature", "geometry": {"type": "Point", "coordinates": [39.75328084234919, 21.41081858054983]}, "properties": {"layer": "lighting", "name": "عمود", "kind": "عمود", "description": "", "color": "#fde047"}}, {"type": "Feature", "geometry": {"type": "Point", "coordinates": [39.752632142354, 21.41144004593584]}, "properties": {"layer": "lighting", "name": "برج", "kind": "برج", "description": "ارتفاع البرج (20) متر عدد الفوانيس(4) الحالة الفنية (جيد) قدرة لكشافات(240)واط", "color": "#fde047"}}, {"type": "Feature", "geometry": {"type": "Point", "coordinates": [39.75222414511997, 21.41182135394729]}, "properties": {"layer": "lighting", "name": "برج", "kind": "برج", "description": "ارتفاع البرج (20) متر عدد الفوانيس(2) الحالة الفنية (جيد) قدرة لكشافات(240)واط", "color": "#fde047"}}, {"type": "Feature", "geometry": {"type": "Point", "coordinates": [39.75176521380273, 21.4120904025111]}, "properties": {"layer": "lighting", "name": "برج", "kind": "برج", "description": "ارتفاع البرج (20) متر عدد الفوانيس(6) الحالة الفنية (جيد) قدرة لكشافات(240)واط", "color": "#fde047"}}, {"type": "Feature", "geometry": {"type": "Point", "coordinates": [39.75127291666148, 21.41254756561271]}, "properties": {"layer": "lighting", "name": "برج", "kind": "برج", "description": "ارتفاع البرج (20) متر عدد الفوانيس(6) الحالة الفنية (جيد) قدرة لكشافات(240)واط", "color": "#fde047"}}, {"type": "Feature", "geometry": {"type": "Point", "coordinates": [39.75072545303738, 21.41307753608817]}, "properties": {"layer": "lighting", "name": "برج", "kind": "برج", "description": "ارتفاع البرج (20) متر عدد الفوانيس(6) الحالة الفنية (جيد) قدرة لكشافات(240)واط", "color": "#fde047"}}, {"type": "Feature", "geometry": {"type": "Point", "coordinates": [39.75035088907426, 21.41336587236972]}, "properties": {"layer": "lighting", "name": "برج", "kind": "برج", "description": "ارتفاع البرج (20) متر عدد الفوانيس(2) الحالة الفنية (جيد) قدرة لكشافات(240)واط", "color": "#fde047"}}, {"type": "Feature", "geometry": {"type": "Point", "coordinates": [39.74995025814898, 21.41376394154181]}, "properties": {"layer": "lighting", "name": "برج", "kind": "برج", "description": "ارتفاع البرج (20) متر عدد الفوانيس(2) الحالة الفنية (جيد) قدرة لكشافات(240)واط", "color": "#fde047"}}, {"type": "Feature", "geometry": {"type": "Point", "coordinates": [39.74954135113006, 21.41414912809185]}, "properties": {"layer": "lighting", "name": "عمود", "kind": "عمود", "description": "", "color": "#fde047"}}, {"type": "Feature", "geometry": {"type": "Point", "coordinates": [39.74912948117751, 21.4144852281614]}, "properties": {"layer": "lighting", "name": "برج", "kind": "برج", "description": "ارتفاع البرج (20) متر عدد الفوانيس(6) الحالة الفنية (جيد) قدرة لكشافات(240)واط", "color": "#fde047"}}, {"type": "Feature", "geometry": {"type": "Point", "coordinates": [39.7486550468076, 21.41487699431691]}, "properties": {"layer": "lighting", "name": "برج", "kind": "برج", "description": "ارتفاع البرج (20) متر عدد الفوانيس(4) الحالة الفنية (جيد) قدرة لكشافات(240)واط", "color": "#fde047"}}, {"type": "Feature", "geometry": {"type": "Point", "coordinates": [39.74821023103043, 21.4152535944174]}, "properties": {"layer": "lighting", "name": "عمود", "kind": "عمود", "description": "", "color": "#fde047"}}, {"type": "Feature", "geometry": {"type": "Point", "coordinates": [39.7477597502703, 21.41560030698448]}, "properties": {"layer": "lighting", "name": "برج", "kind": "برج", "description": "ارتفاع البرج (20) متر عدد الفوانيس(4) الحالة الفنية (جيد) قدرة لكشافات(240)واط", "color": "#fde047"}}, {"type": "Feature", "geometry": {"type": "Point", "coordinates": [39.75037420324761, 21.4140694397448]}, "properties": {"layer": "lighting", "name": "برج", "kind": "برج", "description": "ارتفاع البرج (20) متر عدد الفوانيس(2) الحالة الفنية (جيد) قدرة لكشافات(240)واط", "color": "#fde047"}}, {"type": "Feature", "geometry": {"type": "Point", "coordinates": [39.75092892202854, 21.41363245799521]}, "properties": {"layer": "lighting", "name": "برج", "kind": "برج", "description": "ارتفاع البرج (20) متر عدد الفوانيس(2) الحالة الفنية (جيد) قدرة لكشافات(240)واط", "color": "#fde047"}}, {"type": "Feature", "geometry": {"type": "Point", "coordinates": [39.75132271935588, 21.41318809816677]}, "properties": {"layer": "lighting", "name": "ارتفاع البرج (20) متر عدد الفوانيس(4) الحالة الفنية (جيد) قدرة لكشافات(240)واط", "kind": "برج", "description": "ارتفاع البرج (20) متر عدد الفوانيس(6) الحالة الفنية (جيد) قدرة لكشافات(240)واط", "color": "#fde047"}}, {"type": "Feature", "geometry": {"type": "Point", "coordinates": [39.75221181677105, 21.4133514831834]}, "properties": {"layer": "lighting", "name": "برج", "kind": "برج", "description": "ارتفاع البرج (20) متر عدد الفوانيس(6) الحالة الفنية (جيد) قدرة لكشافات(240)واط", "color": "#fde047"}}, {"type": "Feature", "geometry": {"type": "Point", "coordinates": [39.75163039812321, 21.41374181727272]}, "properties": {"layer": "lighting", "name": "برج", "kind": "برج", "description": "ارتفاع البرج (20) متر عدد الفوانيس(4) الحالة الفنية (جيد) قدرة لكشافات(240)واط", "color": "#fde047"}}, {"type": "Feature", "geometry": {"type": "Point", "coordinates": [39.75113555945882, 21.41404177869161]}, "properties": {"layer": "lighting", "name": "برج", "kind": "برج", "description": "ارتفاع البرج (20) متر عدد الفوانيس(4) الحالة الفنية (جيد) قدرة لكشافات(240)واط", "color": "#fde047"}}, {"type": "Feature", "geometry": {"type": "Point", "coordinates": [39.75166604184332, 21.41261626658943]}, "properties": {"layer": "lighting", "name": "برج", "kind": "برج", "description": "ارتفاع البرج (20) متر عدد الفوانيس(6) الحالة الفنية (جيد) قدرة لكشافات(240)واط", "color": "#fde047"}}, {"type": "Feature", "geometry": {"type": "Point", "coordinates": [39.75262748159639, 21.4128414664943]}, "properties": {"layer": "lighting", "name": "برج", "kind": "برج", "description": "ارتفاع البرج (20) متر عدد الفوانيس(6) الحالة الفنية (جيد) قدرة لكشافات(240)واط", "color": "#fde047"}}, {"type": "Feature", "geometry": {"type": "Point", "coordinates": [39.75281754942303, 21.41240515700003]}, "properties": {"layer": "lighting", "name": "ارتفاع البرج (20) متر عدد الفوانيس(4) الحالة الفنية (جيد) قدرة لكشافات(240)واط", "kind": "برج", "description": "ارتفاع البرج (20) متر عدد الفوانيس(2) الحالة الفنية (جيد) قدرة لكشافات(240)واط", "color": "#fde047"}}, {"type": "Feature", "geometry": {"type": "Point", "coordinates": [39.74130285337156, 21.42044108366103]}, "properties": {"layer": "lighting", "name": "برج", "kind": "برج", "description": "ارتفاع البرج (20) متر عدد الفوانيس(4) الحالة الفنية (جيد) قدرة لكشافات(240)واط", "color": "#fde047"}}, {"type": "Feature", "geometry": {"type": "Point", "coordinates": [39.74067589337164, 21.42143627174611]}, "properties": {"layer": "lighting", "name": "برج", "kind": "برج", "description": "ارتفاع البرج (20) متر عدد الفوانيس(4) الحالة الفنية (جيد) قدرة لكشافات(240)واط", "color": "#fde047"}}, {"type": "Feature", "geometry": {"type": "Point", "coordinates": [39.74037409215568, 21.42197247574667]}, "properties": {"layer": "lighting", "name": "برج", "kind": "برج", "description": "ارتفاع البرج (20) متر عدد الفوانيس(4) الحالة الفنية (جيد) قدرة لكشافات(240)واط", "color": "#fde047"}}, {"type": "Feature", "geometry": {"type": "Point", "coordinates": [39.74010430986868, 21.42245630896157]}, "properties": {"layer": "lighting", "name": "برج", "kind": "برج", "description": "ارتفاع البرج (20) متر عدد الفوانيس(4) الحالة الفنية (جيد) قدرة لكشافات(240)واط", "color": "#fde047"}}, {"type": "Feature", "geometry": {"type": "Point", "coordinates": [39.73984528829479, 21.42294947354979]}, "properties": {"layer": "lighting", "name": "برج", "kind": "برج", "description": "ارتفاع البرج (20) متر عدد الفوانيس(4) الحالة الفنية (جيد) قدرة لكشافات(240)واط", "color": "#fde047"}}, {"type": "Feature", "geometry": {"type": "Point", "coordinates": [39.73960182909479, 21.42343122008769]}, "properties": {"layer": "lighting", "name": "برج", "kind": "برج", "description": "ارتفاع البرج (20) متر عدد الفوانيس(4) الحالة الفنية (جيد) قدرة لكشافات(240)واط", "color": "#fde047"}}, {"type": "Feature", "geometry": {"type": "Point", "coordinates": [39.73997531025151, 21.42423588423744]}, "properties": {"layer": "lighting", "name": "برج", "kind": "برج", "description": "ارتفاع البرج (20) متر عدد الفوانيس(4) الحالة الفنية (جيد) قدرة لكشافات(240)واط", "color": "#fde047"}}, {"type": "Feature", "geometry": {"type": "Point", "coordinates": [39.74023510959832, 21.42371797254606]}, "properties": {"layer": "lighting", "name": "برج", "kind": "برج", "description": "ارتفاع البرج (20) متر عدد الفوانيس(4) الحالة الفنية (جيد) قدرة لكشافات(240)واط", "color": "#fde047"}}, {"type": "Feature", "geometry": {"type": "Point", "coordinates": [39.74049369896548, 21.42324765654168]}, "properties": {"layer": "lighting", "name": "برج", "kind": "برج", "description": "ارتفاع البرج (20) متر عدد الفوانيس(4) الحالة الفنية (جيد) قدرة لكشافات(240)واط", "color": "#fde047"}}, {"type": "Feature", "geometry": {"type": "Point", "coordinates": [39.74074340585095, 21.42276625787307]}, "properties": {"layer": "lighting", "name": "برج", "kind": "برج", "description": "ارتفاع البرج (20) متر عدد الفوانيس(4) الحالة الفنية (جيد) قدرة لكشافات(240)واط", "color": "#fde047"}}, {"type": "Feature", "geometry": {"type": "Point", "coordinates": [39.7410226361173, 21.42227115070874]}, "properties": {"layer": "lighting", "name": "برج", "kind": "برج", "description": "ارتفاع البرج (20) متر عدد الفوانيس(4) الحالة الفنية (جيد) قدرة لكشافات(240)واط", "color": "#fde047"}}, {"type": "Feature", "geometry": {"type": "Point", "coordinates": [39.74129659021964, 21.42177783539828]}, "properties": {"layer": "lighting", "name": "برج", "kind": "برج", "description": "ارتفاع البرج (20) متر عدد الفوانيس(4) الحالة الفنية (جيد) قدرة لكشافات(240)واط", "color": "#fde047"}}, {"type": "Feature", "geometry": {"type": "Point", "coordinates": [39.74159671400773, 21.42130606493152]}, "properties": {"layer": "lighting", "name": "برج", "kind": "برج", "description": "ارتفاع البرج (20) متر عدد الفوانيس(4) الحالة الفنية (جيد) قدرة لكشافات(240)واط", "color": "#fde047"}}, {"type": "Feature", "geometry": {"type": "Point", "coordinates": [39.74192103617811, 21.42083641041458]}, "properties": {"layer": "lighting", "name": "برج", "kind": "برج", "description": "ارتفاع البرج (20) متر عدد الفوانيس(4) الحالة الفنية (جيد) قدرة لكشافات(240)واط", "color": "#fde047"}}, {"type": "Feature", "geometry": {"type": "Point", "coordinates": [39.73909317456153, 21.41120853387451]}, "properties": {"layer": "lighting", "name": "علامة موضعية بلا عنوان", "kind": "برج", "description": "ارتفاع البرج (20) متر عدد الفوانيس(4) الحالة الفنية (جيد) قدرة لكشافات(240)واط", "color": "#fde047"}}, {"type": "Feature", "geometry": {"type": "Point", "coordinates": [39.73791425605386, 21.41137192950285]}, "properties": {"layer": "lighting", "name": "برج", "kind": "برج", "description": "ارتفاع البرج (20) متر عدد الفوانيس(4) الحالة الفنية (جيد) قدرة لكشافات(240)واط", "color": "#fde047"}}, {"type": "Feature", "geometry": {"type": "Point", "coordinates": [39.73734570767049, 21.4114455883454]}, "properties": {"layer": "lighting", "name": "برج", "kind": "برج", "description": "ارتفاع البرج (20) متر عدد الفوانيس(4) الحالة الفنية (جيد) قدرة لكشافات(240)واط", "color": "#fde047"}}, {"type": "Feature", "geometry": {"type": "Point", "coordinates": [39.73678049919316, 21.41149804773649]}, "properties": {"layer": "lighting", "name": "برج", "kind": "برج", "description": "ارتفاع البرج (20) متر عدد الفوانيس(4) الحالة الفنية (جيد) قدرة لكشافات(240)واط", "color": "#fde047"}}, {"type": "Feature", "geometry": {"type": "Point", "coordinates": [39.73623904620813, 21.41155146316659]}, "properties": {"layer": "lighting", "name": "برج", "kind": "برج", "description": "ارتفاع البرج (20) متر عدد الفوانيس(4) الحالة الفنية (جيد) قدرة لكشافات(240)واط", "color": "#fde047"}}, {"type": "Feature", "geometry": {"type": "Point", "coordinates": [39.73563026943108, 21.41160719296577]}, "properties": {"layer": "lighting", "name": "برج", "kind": "برج", "description": "ارتفاع البرج (20) متر عدد الفوانيس(4) الحالة الفنية (جيد) قدرة لكشافات(240)واط", "color": "#fde047"}}, {"type": "Feature", "geometry": {"type": "Point", "coordinates": [39.73506097246478, 21.41166097893147]}, "properties": {"layer": "lighting", "name": "برج", "kind": "برج", "description": "ارتفاع البرج (20) متر عدد الفوانيس(4) الحالة الفنية (جيد) قدرة لكشافات(240)واط", "color": "#fde047"}}, {"type": "Feature", "geometry": {"type": "Point", "coordinates": [39.73447211037589, 21.41173153903853]}, "properties": {"layer": "lighting", "name": "برج", "kind": "برج", "description": "ارتفاع البرج (20) متر عدد الفوانيس(4) الحالة الفنية (جيد) قدرة لكشافات(240)واط", "color": "#fde047"}}, {"type": "Feature", "geometry": {"type": "Point", "coordinates": [39.73390100741984, 21.41177538163018]}, "properties": {"layer": "lighting", "name": "برج", "kind": "برج", "description": "ارتفاع البرج (20) متر عدد الفوانيس(4) الحالة الفنية (جيد) قدرة لكشافات(240)واط", "color": "#fde047"}}, {"type": "Feature", "geometry": {"type": "Point", "coordinates": [39.73275898610069, 21.41188409794517]}, "properties": {"layer": "lighting", "name": "برج", "kind": "برج", "description": "ارتفاع البرج (20) متر عدد الفوانيس(4) الحالة الفنية (جيد) قدرة لكشافات(240)واط", "color": "#fde047"}}, {"type": "Feature", "geometry": {"type": "Point", "coordinates": [39.7357179172056, 21.41229949690553]}, "properties": {"layer": "lighting", "name": "برج", "kind": "برج", "description": "ارتفاع البرج (20) متر عدد الفوانيس(4) الحالة الفنية (جيد) قدرة لكشافات(240)واط", "color": "#fde047"}}, {"type": "Feature", "geometry": {"type": "Point", "coordinates": [39.73630555223312, 21.41222805364939]}, "properties": {"layer": "lighting", "name": "برج", "kind": "برج", "description": "ارتفاع البرج (20) متر عدد الفوانيس(4) الحالة الفنية (جيد) قدرة لكشافات(240)واط", "color": "#fde047"}}, {"type": "Feature", "geometry": {"type": "Point", "coordinates": [39.73687686415935, 21.41218086488593]}, "properties": {"layer": "lighting", "name": "برج", "kind": "برج", "description": "ارتفاع البرج (20) متر عدد الفوانيس(4) الحالة الفنية (جيد) قدرة لكشافات(240)واط", "color": "#fde047"}}, {"type": "Feature", "geometry": {"type": "Point", "coordinates": [39.73745151671415, 21.41213861746036]}, "properties": {"layer": "lighting", "name": "برج", "kind": "برج", "description": "ارتفاع البرج (20) متر عدد الفوانيس(4) الحالة الفنية (جيد) قدرة لكشافات(240)واط", "color": "#fde047"}}, {"type": "Feature", "geometry": {"type": "Point", "coordinates": [39.73803840911633, 21.41208906616004]}, "properties": {"layer": "lighting", "name": "برج", "kind": "برج", "description": "ارتفاع البرج (20) متر عدد الفوانيس(4) الحالة الفنية (جيد) قدرة لكشافات(240)واط", "color": "#fde047"}}, {"type": "Feature", "geometry": {"type": "Point", "coordinates": [39.73861943081378, 21.41205156741708]}, "properties": {"layer": "lighting", "name": "برج", "kind": "برج", "description": "ارتفاع البرج (20) متر عدد الفوانيس(4) الحالة الفنية (جيد) قدرة لكشافات(240)واط", "color": "#fde047"}}, {"type": "Feature", "geometry": {"type": "Point", "coordinates": [39.73915658437865, 21.41200633381909]}, "properties": {"layer": "lighting", "name": "برج", "kind": "برج", "description": "ارتفاع البرج (20) متر عدد الفوانيس(4) الحالة الفنية (جيد) قدرة لكشافات(240)واط", "color": "#fde047"}}, {"type": "Feature", "geometry": {"type": "Point", "coordinates": [39.73849201845648, 21.41128265679239]}, "properties": {"layer": "lighting", "name": "برج", "kind": "برج", "description": "ارتفاع البرج (20) متر عدد الفوانيس(4) الحالة الفنية (جيد) قدرة لكشافات(240)واط", "color": "#fde047"}}, {"type": "Feature", "geometry": {"type": "Point", "coordinates": [39.73219814584631, 21.41194456599296]}, "properties": {"layer": "lighting", "name": "علامة موضعية بلا عنوان", "kind": "برج", "description": "ارتفاع البرج (20) متر عدد الفوانيس(4) الحالة الفنية (جيد) قدرة لكشافات(240)واط", "color": "#fde047"}}, {"type": "Feature", "geometry": {"type": "Point", "coordinates": [39.7316252274298, 21.41199705634068]}, "properties": {"layer": "lighting", "name": "علامة موضعية بلا عنوان", "kind": "برج", "description": "ارتفاع البرج (20) متر عدد الفوانيس(4) الحالة الفنية (جيد) قدرة لكشافات(240)واط", "color": "#fde047"}}, {"type": "Feature", "geometry": {"type": "Point", "coordinates": [39.73104746944659, 21.41205680567267]}, "properties": {"layer": "lighting", "name": "علامة موضعية بلا عنوان", "kind": "برج", "description": "ارتفاع البرج (20) متر عدد الفوانيس(4) الحالة الفنية (جيد) قدرة لكشافات(240)واط", "color": "#fde047"}}, {"type": "Feature", "geometry": {"type": "Point", "coordinates": [39.73046692206536, 21.41210009364805]}, "properties": {"layer": "lighting", "name": "علامة موضعية بلا عنوان", "kind": "برج", "description": "ارتفاع البرج (20) متر عدد الفوانيس(4) الحالة الفنية (جيد) قدرة لكشافات(240)واط", "color": "#fde047"}}, {"type": "Feature", "geometry": {"type": "Point", "coordinates": [39.73934807709156, 21.42391293162819]}, "properties": {"layer": "lighting", "name": "فانوس مطفأ", "kind": "برج", "description": "ارتفاع البرج (20) متر عدد الفوانيس(4) الحالة الفنية (جيد) قدرة لكشافات(240)واط", "color": "#fde047"}}, {"type": "Feature", "geometry": {"type": "Point", "coordinates": [39.75422968870136, 21.40892787466118]}, "properties": {"layer": "lighting", "name": "فانوس مطفأ", "kind": "برج", "description": "ارتفاع البرج (20) متر عدد الفوانيس(4) الحالة الفنية (جيد) قدرة لكشافات(240)واط", "color": "#fde047"}}, {"type": "Feature", "geometry": {"type": "Point", "coordinates": [39.75378355118859, 21.4092956083207]}, "properties": {"layer": "lighting", "name": "فانوس مطفأ", "kind": "برج", "description": "ارتفاع البرج (20) متر عدد الفوانيس(4) الحالة الفنية (جيد) قدرة لكشافات(240)واط", "color": "#fde047"}}, {"type": "Feature", "geometry": {"type": "Point", "coordinates": [39.74412210260964, 21.41312778638997]}, "properties": {"layer": "lighting", "name": "فانوس مطفا", "kind": "برج", "description": "ارتفاع البرج (20) متر عدد الفوانيس(4) الحالة الفنية (جيد) قدرة لكشافات(240)واط", "color": "#fde047"}}, {"type": "Feature", "geometry": {"type": "Point", "coordinates": [39.744630642282, 21.41340773778682]}, "properties": {"layer": "lighting", "name": "فوانيس مطفأه", "kind": "برج", "description": "ارتفاع البرج (20) متر عدد الفوانيس(4) الحالة الفنية (جيد) قدرة لكشافات(240)واط", "color": "#fde047"}}, {"type": "Feature", "geometry": {"type": "Point", "coordinates": [39.74505125385345, 21.41394179348189]}, "properties": {"layer": "lighting", "name": "برج", "kind": "برج", "description": "ارتفاع البرج (20) متر عدد الفوانيس(4) الحالة الفنية (جيد) قدرة لكشافات(240)واط", "color": "#fde047"}}, {"type": "Feature", "geometry": {"type": "Point", "coordinates": [39.74531458015987, 21.41431718228328]}, "properties": {"layer": "lighting", "name": "عدد 4 ابراج مطفاه بالكامل", "kind": "برج", "description": "ارتفاع البرج (20) متر عدد الفوانيس(4) الحالة الفنية (جيد) قدرة لكشافات(240)واط", "color": "#fde047"}}, {"type": "Feature", "geometry": {"type": "Point", "coordinates": [39.74552247800643, 21.41482070965656]}, "properties": {"layer": "lighting", "name": "برج", "kind": "برج", "description": "ارتفاع البرج (20) متر عدد الفوانيس(4) الحالة الفنية (جيد) قدرة لكشافات(240)واط", "color": "#fde047"}}, {"type": "Feature", "geometry": {"type": "Point", "coordinates": [39.74559507171277, 21.4153633783247]}, "properties": {"layer": "lighting", "name": "برج", "kind": "برج", "description": "ارتفاع البرج (20) متر عدد الفوانيس(4) الحالة الفنية (جيد) قدرة لكشافات(240)واط", "color": "#fde047"}}, {"type": "Feature", "geometry": {"type": "Point", "coordinates": [39.74412925718701, 21.41758601735866]}, "properties": {"layer": "lighting", "name": "برج", "kind": "برج", "description": "ارتفاع البرج (20) متر عدد الفوانيس(4) الحالة الفنية (جيد) قدرة لكشافات(240)واط", "color": "#fde047"}}, {"type": "Feature", "geometry": {"type": "Point", "coordinates": [39.74205099357709, 21.41955795077408]}, "properties": {"layer": "lighting", "name": "فوانيس مطفاه + برج مصدوم", "kind": "برج", "description": "ارتفاع البرج (20) متر عدد الفوانيس(4) الحالة الفنية (جيد) قدرة لكشافات(240)واط", "color": "#fde047"}}, {"type": "Feature", "geometry": {"type": "Point", "coordinates": [39.74971040928273, 21.41438581632158]}, "properties": {"layer": "lighting", "name": "فوانيس مطفاه", "kind": "برج", "description": "ارتفاع البرج (20) متر عدد الفوانيس(2) الحالة الفنية (جيد) قدرة لكشافات(240)واط", "color": "#fde047"}}, {"type": "Feature", "geometry": {"type": "Point", "coordinates": [39.75283852891082, 21.41187088513583]}, "properties": {"layer": "lighting", "name": "واير مقطوع", "kind": "برج", "description": "ارتفاع البرج (20) متر عدد الفوانيس(2) الحالة الفنية (جيد) قدرة لكشافات(240)واط", "color": "#fde047"}}, {"type": "Feature", "geometry": {"type": "Point", "coordinates": [39.74099367030242, 21.42094073490263]}, "properties": {"layer": "lighting", "name": "باب برج مفقود", "kind": "برج", "description": "ارتفاع البرج (20) متر عدد الفوانيس(4) الحالة الفنية (جيد) قدرة لكشافات(240)واط", "color": "#fde047"}}, {"type": "Feature", "geometry": {"type": "Point", "coordinates": [39.73333474534996, 21.41183442813602]}, "properties": {"layer": "lighting", "name": "فوانيس مفقودة+ واير مقطوع", "kind": "برج", "description": "ارتفاع البرج (20) متر عدد الفوانيس(4) الحالة الفنية (جيد) قدرة لكشافات(240)واط", "color": "#fde047"}}, {"type": "Feature", "geometry": {"type": "Point", "coordinates": [39.74880578024731, 21.41036575057215]}, "properties": {"layer": "lighting", "name": "لوحة توزيع", "kind": "نقطة إنارة", "description": "", "color": "#fde047"}}, {"type": "Feature", "geometry": {"type": "Point", "coordinates": [39.75344269833113, 21.40929508107844]}, "properties": {"layer": "lighting", "name": "لوحة توزيع", "kind": "نقطة إنارة", "description": "", "color": "#fde047"}}, {"type": "Feature", "geometry": {"type": "LineString", "coordinates": [[39.74371149201504, 21.41092656326116], [39.74426384673894, 21.41094235956613], [39.74482841535983, 21.41098314103826], [39.74591829772217, 21.41102446691308], [39.74652264575921, 21.41104868081901], [39.74710305957427, 21.41097496454215], [39.74764045527847, 21.41086604172897], [39.74822344637105, 21.41073699104003], [39.74879612716885, 21.4105799126757], [39.74883963255725, 21.41037547384829], [39.74892467040113, 21.41054752420269], [39.74932140079121, 21.41045157207886], [39.74990979574681, 21.41030213104742], [39.75045817271511, 21.41014614308835], [39.75100566559902, 21.41003294235465]]}, "properties": {"layer": "lighting", "name": "مسار بلا عنوان", "kind": "نقطة إنارة", "description": "", "color": "#fbbf24"}}, {"type": "Feature", "geometry": {"type": "LineString", "coordinates": [[39.75344817574521, 21.40930140636024], [39.75352264492288, 21.40943469214009], [39.7532768000812, 21.40955467934272], [39.75272902317882, 21.40972105722243], [39.75214649686181, 21.40985634808975], [39.75157631995021, 21.40994035929977]]}, "properties": {"layer": "lighting", "name": "مسار بلا عنوان", "kind": "نقطة إنارة", "description": "", "color": "#fbbf24"}}, {"type": "Feature", "geometry": {"type": "LineString", "coordinates": [[39.75347816766005, 21.40931166487625], [39.75364161876477, 21.40938298034491], [39.75379168357867, 21.40930338518454], [39.75424882557711, 21.4089417743874], [39.75460189775688, 21.40856627546354], [39.75499159270633, 21.40817227811652], [39.75536565053054, 21.40773966263969], [39.75647693783442, 21.40652876478487]]}, "properties": {"layer": "lighting", "name": "مسار بلا عنوان", "kind": "نقطة إنارة", "description": "", "color": "#fbbf24"}}, {"type": "Feature", "geometry": {"type": "Point", "coordinates": [39.71116785723959, 21.39609102010725]}, "properties": {"layer": "lighting", "name": "علامة موضعية بلا عنوان", "kind": "برج", "description": "ارتفاع البرج (30) متر عدد الفوانيس(6) الحالة الفنية (جيد) قدرة الفوانيس (308) واط", "color": "#fde047"}}, {"type": "Feature", "geometry": {"type": "Point", "coordinates": [39.71021927678409, 21.39486857674539]}, "properties": {"layer": "lighting", "name": "برج", "kind": "برج", "description": "ارتفاع البرج (30) متر عدد الفوانيس(6) الحالة الفنية (جيد) قدرة الفوانيس (308) واط", "color": "#fde047"}}, {"type": "Feature", "geometry": {"type": "Point", "coordinates": [39.70937001407756, 21.39377606865632]}, "properties": {"layer": "lighting", "name": "برج", "kind": "برج", "description": "ارتفاع البرج (30) متر عدد الفوانيس(6) الحالة الفنية (جيد) قدرة الفوانيس (308) واط", "color": "#fde047"}}, {"type": "Feature", "geometry": {"type": "Point", "coordinates": [39.70850877065971, 21.39267829009173]}, "properties": {"layer": "lighting", "name": "برج", "kind": "برج", "description": "ارتفاع البرج (30) متر عدد الفوانيس(4) الحالة الفنية (جيد) قدرة الفوانيس (308) واط", "color": "#fde047"}}, {"type": "Feature", "geometry": {"type": "Point", "coordinates": [39.70765455902652, 21.39157673943026]}, "properties": {"layer": "lighting", "name": "برج", "kind": "برج", "description": "ارتفاع البرج (30) متر عدد الفوانيس(4) الحالة الفنية (جيد) قدرة الفوانيس (308) واط", "color": "#fde047"}}, {"type": "Feature", "geometry": {"type": "Point", "coordinates": [39.70681173564737, 21.39048775426474]}, "properties": {"layer": "lighting", "name": "برج", "kind": "برج", "description": "ارتفاع البرج (30) متر عدد الفوانيس(4) الحالة الفنية (جيد) قدرة الفوانيس (308) واط", "color": "#fde047"}}, {"type": "Feature", "geometry": {"type": "Point", "coordinates": [39.70596466542994, 21.38939771780088]}, "properties": {"layer": "lighting", "name": "برج", "kind": "برج", "description": "ارتفاع البرج (30) متر عدد الفوانيس(4) الحالة الفنية (جيد) قدرة الفوانيس (308) واط", "color": "#fde047"}}, {"type": "Feature", "geometry": {"type": "Point", "coordinates": [39.70509810779887, 21.38829419290273]}, "properties": {"layer": "lighting", "name": "ارتفاع البرج (30) متر عدد الفوانيس(6) الحالة الفنية (جيد) قدرة الفوانيس (308) واط", "kind": "برج", "description": "ارتفاع البرج (30) متر عدد الفوانيس(6) الحالة الفنية (جيد) قدرة الفوانيس (308) واط", "color": "#fde047"}}, {"type": "Feature", "geometry": {"type": "Point", "coordinates": [39.70428092493367, 21.38724728644723]}, "properties": {"layer": "lighting", "name": "برج", "kind": "برج", "description": "ارتفاع البرج (30) متر عدد الفوانيس(4) الحالة الفنية (جيد) قدرة الفوانيس (308) واط", "color": "#fde047"}}, {"type": "Feature", "geometry": {"type": "Point", "coordinates": [39.70343479830553, 21.3861418999349]}, "properties": {"layer": "lighting", "name": "برج", "kind": "برج", "description": "ارتفاع البرج (30) متر عدد الفوانيس(6) الحالة الفنية (جيد) قدرة الفوانيس (308) واط", "color": "#fde047"}}, {"type": "Feature", "geometry": {"type": "Point", "coordinates": [39.70253426017169, 21.38498842341997]}, "properties": {"layer": "lighting", "name": "برج", "kind": "برج", "description": "ارتفاع البرج (30) متر عدد الفوانيس(4) الحالة الفنية (جيد) قدرة الفوانيس (308) واط", "color": "#fde047"}}, {"type": "Feature", "geometry": {"type": "Point", "coordinates": [39.70168086430703, 21.38391330012697]}, "properties": {"layer": "lighting", "name": "برج", "kind": "برج", "description": "ارتفاع البرج (30) متر عدد الفوانيس(4) الحالة الفنية (جيد) قدرة الفوانيس (308) واط", "color": "#fde047"}}, {"type": "Feature", "geometry": {"type": "Point", "coordinates": [39.70075700472815, 21.38285941855466]}, "properties": {"layer": "lighting", "name": "برج", "kind": "برج", "description": "ارتفاع البرج (30) متر عدد الفوانيس(6) الحالة الفنية (جيد) قدرة الفوانيس (308) واط", "color": "#fde047"}}, {"type": "Feature", "geometry": {"type": "Point", "coordinates": [39.69977265120362, 21.38185289676351]}, "properties": {"layer": "lighting", "name": "برج", "kind": "برج", "description": "ارتفاع البرج (30) متر عدد الفوانيس(4) الحالة الفنية (جيد) قدرة الفوانيس (308) واط", "color": "#fde047"}}, {"type": "Feature", "geometry": {"type": "Point", "coordinates": [39.69872927611222, 21.38092870015622]}, "properties": {"layer": "lighting", "name": "برج", "kind": "برج", "description": "ارتفاع البرج (30) متر عدد الفوانيس(4) الحالة الفنية (جيد) قدرة الفوانيس (308) واط", "color": "#fde047"}}, {"type": "Feature", "geometry": {"type": "Point", "coordinates": [39.69760741869032, 21.38005014786351]}, "properties": {"layer": "lighting", "name": "برج", "kind": "برج", "description": "ارتفاع البرج (30) متر عدد الفوانيس(4) الحالة الفنية (جيد) قدرة الفوانيس (308) واط", "color": "#fde047"}}, {"type": "Feature", "geometry": {"type": "Point", "coordinates": [39.69645167894873, 21.37924738433193]}, "properties": {"layer": "lighting", "name": "برج", "kind": "برج", "description": "ارتفاع البرج (30) متر عدد الفوانيس(4) الحالة الفنية (جيد) قدرة الفوانيس (308) واط", "color": "#fde047"}}, {"type": "Feature", "geometry": {"type": "Point", "coordinates": [39.69524119565641, 21.37849505461653]}, "properties": {"layer": "lighting", "name": "برج", "kind": "برج", "description": "ارتفاع البرج (30) متر عدد الفوانيس(4) الحالة الفنية (جيد) قدرة الفوانيس (308) واط", "color": "#fde047"}}, {"type": "Feature", "geometry": {"type": "Point", "coordinates": [39.6943321727767, 21.37799300925496]}, "properties": {"layer": "lighting", "name": "برج", "kind": "برج", "description": "ارتفاع البرج (30) متر عدد الفوانيس(4) الحالة الفنية (جيد) قدرة الفوانيس (308) واط", "color": "#fde047"}}, {"type": "Feature", "geometry": {"type": "Point", "coordinates": [39.69337058119949, 21.37747699452936]}, "properties": {"layer": "lighting", "name": "برج", "kind": "برج", "description": "ارتفاع البرج (30) متر عدد الفوانيس(4) الحالة الفنية (جيد) قدرة الفوانيس (308) واط", "color": "#fde047"}}, {"type": "Feature", "geometry": {"type": "Point", "coordinates": [39.69241601038127, 21.37696263598811]}, "properties": {"layer": "lighting", "name": "برج", "kind": "برج", "description": "ارتفاع البرج (30) متر عدد الفوانيس(4) الحالة الفنية (جيد) قدرة الفوانيس (308) واط", "color": "#fde047"}}, {"type": "Feature", "geometry": {"type": "Point", "coordinates": [39.69148207619142, 21.37647743616069]}, "properties": {"layer": "lighting", "name": "برج", "kind": "برج", "description": "ارتفاع البرج (30) متر عدد الفوانيس(4) الحالة الفنية (جيد) قدرة الفوانيس (308) واط", "color": "#fde047"}}, {"type": "Feature", "geometry": {"type": "Point", "coordinates": [39.69018965637046, 21.37577723355819]}, "properties": {"layer": "lighting", "name": "برج", "kind": "برج", "description": "ارتفاع البرج (30) متر عدد الفوانيس(4) الحالة الفنية (جيد) قدرة الفوانيس (308) واط", "color": "#fde047"}}, {"type": "Feature", "geometry": {"type": "Point", "coordinates": [39.68894572520588, 21.37511812422704]}, "properties": {"layer": "lighting", "name": "برج", "kind": "برج", "description": "ارتفاع البرج (30) متر عدد الفوانيس(4) الحالة الفنية (جيد) قدرة الفوانيس (308) واط", "color": "#fde047"}}, {"type": "Feature", "geometry": {"type": "Point", "coordinates": [39.68769686270141, 21.37445200786442]}, "properties": {"layer": "lighting", "name": "برج", "kind": "برج", "description": "ارتفاع البرج (30) متر عدد الفوانيس(4) الحالة الفنية (جيد) قدرة الفوانيس (308) واط", "color": "#fde047"}}, {"type": "Feature", "geometry": {"type": "Point", "coordinates": [39.6864284479687, 21.37378025005701]}, "properties": {"layer": "lighting", "name": "برج", "kind": "برج", "description": "ارتفاع البرج (30) متر عدد الفوانيس(4) الحالة الفنية (جيد) قدرة الفوانيس (308) واط", "color": "#fde047"}}, {"type": "Feature", "geometry": {"type": "Point", "coordinates": [39.68516959897998, 21.37309168431041]}, "properties": {"layer": "lighting", "name": "برج", "kind": "برج", "description": "ارتفاع البرج (30) متر عدد الفوانيس(4) الحالة الفنية (جيد) قدرة الفوانيس (308) واط", "color": "#fde047"}}, {"type": "Feature", "geometry": {"type": "Point", "coordinates": [39.68395793844143, 21.37244429728428]}, "properties": {"layer": "lighting", "name": "برج", "kind": "برج", "description": "ارتفاع البرج (30) متر عدد الفوانيس(4) الحالة الفنية (جيد) قدرة الفوانيس (308) واط", "color": "#fde047"}}, {"type": "Feature", "geometry": {"type": "Point", "coordinates": [39.68264914087219, 21.37175140398692]}, "properties": {"layer": "lighting", "name": "برج", "kind": "برج", "description": "ارتفاع البرج (30) متر عدد الفوانيس(4) الحالة الفنية (جيد) قدرة الفوانيس (308) واط", "color": "#fde047"}}, {"type": "Feature", "geometry": {"type": "Point", "coordinates": [39.6813853940449, 21.3710857301278]}, "properties": {"layer": "lighting", "name": "برج", "kind": "برج", "description": "ارتفاع البرج (30) متر عدد الفوانيس(4) الحالة الفنية (جيد) قدرة الفوانيس (308) واط", "color": "#fde047"}}, {"type": "Feature", "geometry": {"type": "Point", "coordinates": [39.68015151474886, 21.3704184484271]}, "properties": {"layer": "lighting", "name": "برج", "kind": "برج", "description": "ارتفاع البرج (30) متر عدد الفوانيس(6) الحالة الفنية (جيد) قدرة الفوانيس (308) واط", "color": "#fde047"}}, {"type": "Feature", "geometry": {"type": "Point", "coordinates": [39.67887982156147, 21.36974746284307]}, "properties": {"layer": "lighting", "name": "برج", "kind": "برج", "description": "ارتفاع البرج (30) متر عدد الفوانيس(4) الحالة الفنية (جيد) قدرة الفوانيس (308) واط", "color": "#fde047"}}, {"type": "Feature", "geometry": {"type": "Point", "coordinates": [39.677633122854, 21.36909141078665]}, "properties": {"layer": "lighting", "name": "برج", "kind": "برج", "description": "ارتفاع البرج (30) متر عدد الفوانيس(4) الحالة الفنية (جيد) قدرة الفوانيس (308) واط", "color": "#fde047"}}, {"type": "Feature", "geometry": {"type": "Point", "coordinates": [39.6763928713562, 21.36837035191169]}, "properties": {"layer": "lighting", "name": "برج", "kind": "برج", "description": "ارتفاع البرج (30) متر عدد الفوانيس(4) الحالة الفنية (جيد) قدرة الفوانيس (308) واط", "color": "#fde047"}}, {"type": "Feature", "geometry": {"type": "Point", "coordinates": [39.67516070778852, 21.36764590761085]}, "properties": {"layer": "lighting", "name": "برج", "kind": "برج", "description": "ارتفاع البرج (30) متر عدد الفوانيس(4) الحالة الفنية (جيد) قدرة الفوانيس (308) واط", "color": "#fde047"}}, {"type": "Feature", "geometry": {"type": "Point", "coordinates": [39.67395522792491, 21.3668903219002]}, "properties": {"layer": "lighting", "name": "برج", "kind": "برج", "description": "ارتفاع البرج (30) متر عدد الفوانيس(4) الحالة الفنية (جيد) قدرة الفوانيس (308) واط", "color": "#fde047"}}, {"type": "Feature", "geometry": {"type": "Point", "coordinates": [39.67274676201711, 21.36612796250165]}, "properties": {"layer": "lighting", "name": "برج", "kind": "برج", "description": "ارتفاع البرج (30) متر عدد الفوانيس(4) الحالة الفنية (جيد) قدرة الفوانيس (308) واط", "color": "#fde047"}}, {"type": "Feature", "geometry": {"type": "Point", "coordinates": [39.67153652789701, 21.36537824203808]}, "properties": {"layer": "lighting", "name": "برج", "kind": "برج", "description": "ارتفاع البرج (30) متر عدد الفوانيس(4) الحالة الفنية (جيد) قدرة الفوانيس (308) واط", "color": "#fde047"}}, {"type": "Feature", "geometry": {"type": "Point", "coordinates": [39.67034835551173, 21.36462981101692]}, "properties": {"layer": "lighting", "name": "برج", "kind": "برج", "description": "ارتفاع البرج (30) متر عدد الفوانيس(4) الحالة الفنية (جيد) قدرة الفوانيس (308) واط", "color": "#fde047"}}, {"type": "Feature", "geometry": {"type": "Point", "coordinates": [39.6691448629047, 21.36385781964152]}, "properties": {"layer": "lighting", "name": "برج", "kind": "برج", "description": "ارتفاع البرج (30) متر عدد الفوانيس(4) الحالة الفنية (جيد) قدرة الفوانيس (308) واط", "color": "#fde047"}}, {"type": "Feature", "geometry": {"type": "Point", "coordinates": [39.66791380285676, 21.36309663359237]}, "properties": {"layer": "lighting", "name": "برج", "kind": "برج", "description": "ارتفاع البرج (30) متر عدد الفوانيس(4) الحالة الفنية (جيد) قدرة الفوانيس (308) واط", "color": "#fde047"}}, {"type": "Feature", "geometry": {"type": "Point", "coordinates": [39.66551185882845, 21.36159812279792]}, "properties": {"layer": "lighting", "name": "نقطة إنارة", "kind": "نقطة إنارة", "description": "", "color": "#fde047"}}, {"type": "Feature", "geometry": {"type": "Point", "coordinates": [39.66433350125009, 21.3608299888927]}, "properties": {"layer": "lighting", "name": "برج", "kind": "برج", "description": "ارتفاع البرج (30) متر عدد الفوانيس(4) الحالة الفنية (جيد) قدرة الفوانيس (308) واط", "color": "#fde047"}}, {"type": "Feature", "geometry": {"type": "Point", "coordinates": [39.66311228236967, 21.36007595182538]}, "properties": {"layer": "lighting", "name": "برج", "kind": "برج", "description": "ارتفاع البرج (30) متر عدد الفوانيس(4) الحالة الفنية (جيد) قدرة الفوانيس (308) واط", "color": "#fde047"}}, {"type": "Feature", "geometry": {"type": "Point", "coordinates": [39.66192282641688, 21.35931692394258]}, "properties": {"layer": "lighting", "name": "برج", "kind": "برج", "description": "ارتفاع البرج (30) متر عدد الفوانيس(4) الحالة الفنية (جيد) قدرة الفوانيس (308) واط", "color": "#fde047"}}, {"type": "Feature", "geometry": {"type": "Point", "coordinates": [39.66071999208442, 21.35856248991719]}, "properties": {"layer": "lighting", "name": "برج", "kind": "برج", "description": "ارتفاع البرج (30) متر عدد الفوانيس(4) الحالة الفنية (جيد) قدرة الفوانيس (308) واط", "color": "#fde047"}}, {"type": "Feature", "geometry": {"type": "Point", "coordinates": [39.6595505715874, 21.3578258528996]}, "properties": {"layer": "lighting", "name": "برج", "kind": "برج", "description": "ارتفاع البرج (30) متر عدد الفوانيس(4) الحالة الفنية (جيد) قدرة الفوانيس (308) واط", "color": "#fde047"}}, {"type": "Feature", "geometry": {"type": "Point", "coordinates": [39.65842211458496, 21.35711596807109]}, "properties": {"layer": "lighting", "name": "برج", "kind": "برج", "description": "ارتفاع البرج (30) متر عدد الفوانيس(4) الحالة الفنية (جيد) قدرة الفوانيس (308) واط", "color": "#fde047"}}, {"type": "Feature", "geometry": {"type": "Point", "coordinates": [39.65730043094943, 21.35642600580276]}, "properties": {"layer": "lighting", "name": "برج", "kind": "برج", "description": "ارتفاع البرج (30) متر عدد الفوانيس(4) الحالة الفنية (جيد) قدرة الفوانيس (308) واط", "color": "#fde047"}}, {"type": "Feature", "geometry": {"type": "Point", "coordinates": [39.65617269816151, 21.3557134733]}, "properties": {"layer": "lighting", "name": "برج", "kind": "برج", "description": "ارتفاع البرج (30) متر عدد الفوانيس(4) الحالة الفنية (جيد) قدرة الفوانيس (308) واط", "color": "#fde047"}}, {"type": "Feature", "geometry": {"type": "Point", "coordinates": [39.65503831657587, 21.35506081979738]}, "properties": {"layer": "lighting", "name": "برج", "kind": "برج", "description": "ارتفاع البرج (30) متر عدد الفوانيس(4) الحالة الفنية (جيد) قدرة الفوانيس (308) واط", "color": "#fde047"}}, {"type": "Feature", "geometry": {"type": "Point", "coordinates": [39.65372635168472, 21.35444657486464]}, "properties": {"layer": "lighting", "name": "برج", "kind": "برج", "description": "ارتفاع البرج (30) متر عدد الفوانيس(4) الحالة الفنية (جيد) قدرة الفوانيس (308) واط", "color": "#fde047"}}, {"type": "Feature", "geometry": {"type": "Point", "coordinates": [39.65243589866824, 21.35387004100009]}, "properties": {"layer": "lighting", "name": "برج", "kind": "برج", "description": "ارتفاع البرج (30) متر عدد الفوانيس(4) الحالة الفنية (جيد) قدرة الفوانيس (308) واط", "color": "#fde047"}}, {"type": "Feature", "geometry": {"type": "Point", "coordinates": [39.65103696105557, 21.35343563219526]}, "properties": {"layer": "lighting", "name": "برج", "kind": "برج", "description": "ارتفاع البرج (30) متر عدد الفوانيس(4) الحالة الفنية (جيد) قدرة الفوانيس (308) واط", "color": "#fde047"}}, {"type": "Feature", "geometry": {"type": "Point", "coordinates": [39.64964568639669, 21.35307819387414]}, "properties": {"layer": "lighting", "name": "برج", "kind": "برج", "description": "ارتفاع البرج (30) متر عدد الفوانيس(4) الحالة الفنية (جيد) قدرة الفوانيس (308) واط", "color": "#fde047"}}, {"type": "Feature", "geometry": {"type": "Point", "coordinates": [39.6482180125532, 21.35283981809132]}, "properties": {"layer": "lighting", "name": "نقطة إنارة", "kind": "نقطة إنارة", "description": "", "color": "#fde047"}}, {"type": "Feature", "geometry": {"type": "Point", "coordinates": [39.64676837949375, 21.35267443154292]}, "properties": {"layer": "lighting", "name": "برج", "kind": "برج", "description": "ارتفاع البرج (30) متر عدد الفوانيس(4) الحالة الفنية (جيد) قدرة الفوانيس (308) واط", "color": "#fde047"}}, {"type": "Feature", "geometry": {"type": "Point", "coordinates": [39.64536242712688, 21.3526200064609]}, "properties": {"layer": "lighting", "name": "برج", "kind": "برج", "description": "ارتفاع البرج (30) متر عدد الفوانيس(4) الحالة الفنية (جيد) قدرة الفوانيس (308) واط", "color": "#fde047"}}, {"type": "Feature", "geometry": {"type": "Point", "coordinates": [39.64390155144928, 21.35260340185839]}, "properties": {"layer": "lighting", "name": "برج", "kind": "برج", "description": "ارتفاع البرج (30) متر عدد الفوانيس(4) الحالة الفنية (جيد) قدرة الفوانيس (308) واط", "color": "#fde047"}}, {"type": "Feature", "geometry": {"type": "Point", "coordinates": [39.64243755526865, 21.35256700461338]}, "properties": {"layer": "lighting", "name": "برج", "kind": "برج", "description": "ارتفاع البرج (30) متر عدد الفوانيس(4) الحالة الفنية (جيد) قدرة الفوانيس (308) واط", "color": "#fde047"}}, {"type": "Feature", "geometry": {"type": "Point", "coordinates": [39.64099969509053, 21.35253734789284]}, "properties": {"layer": "lighting", "name": "برج", "kind": "برج", "description": "ارتفاع البرج (30) متر عدد الفوانيس(4) الحالة الفنية (جيد) قدرة الفوانيس (308) واط", "color": "#fde047"}}, {"type": "Feature", "geometry": {"type": "Point", "coordinates": [39.63954685312631, 21.35248439888884]}, "properties": {"layer": "lighting", "name": "برج", "kind": "برج", "description": "ارتفاع البرج (30) متر عدد الفوانيس(4) الحالة الفنية (جيد) قدرة الفوانيس (308) واط", "color": "#fde047"}}, {"type": "Feature", "geometry": {"type": "Point", "coordinates": [39.63808365857537, 21.35246229859203]}, "properties": {"layer": "lighting", "name": "برج", "kind": "برج", "description": "ارتفاع البرج (30) متر عدد الفوانيس(4) الحالة الفنية (جيد) قدرة الفوانيس (308) واط", "color": "#fde047"}}, {"type": "Feature", "geometry": {"type": "Point", "coordinates": [39.63662963173606, 21.35244057860985]}, "properties": {"layer": "lighting", "name": "برج", "kind": "برج", "description": "ارتفاع البرج (30) متر عدد الفوانيس(4) الحالة الفنية (جيد) قدرة الفوانيس (308) واط", "color": "#fde047"}}, {"type": "Feature", "geometry": {"type": "Point", "coordinates": [39.63518614315905, 21.35241150760228]}, "properties": {"layer": "lighting", "name": "برج", "kind": "برج", "description": "ارتفاع البرج (30) متر عدد الفوانيس(4) الحالة الفنية (جيد) قدرة الفوانيس (308) واط", "color": "#fde047"}}, {"type": "Feature", "geometry": {"type": "Point", "coordinates": [39.63376482002396, 21.35234708565]}, "properties": {"layer": "lighting", "name": "علامة موضعية بلا عنوان", "kind": "برج", "description": "ارتفاع البرج (30) متر عدد الفوانيس(4) الحالة الفنية (جيد) قدرة الفوانيس (308) واط", "color": "#fde047"}}, {"type": "Feature", "geometry": {"type": "Point", "coordinates": [39.63227680110434, 21.35233464401105]}, "properties": {"layer": "lighting", "name": "برج", "kind": "برج", "description": "ارتفاع البرج (30) متر عدد الفوانيس(4) الحالة الفنية (جيد) قدرة الفوانيس (308) واط", "color": "#fde047"}}, {"type": "Feature", "geometry": {"type": "Point", "coordinates": [39.63085864323862, 21.35228284769223]}, "properties": {"layer": "lighting", "name": "برج", "kind": "برج", "description": "ارتفاع البرج (30) متر عدد الفوانيس(4) الحالة الفنية (جيد) قدرة الفوانيس (308) واط", "color": "#fde047"}}, {"type": "Feature", "geometry": {"type": "Point", "coordinates": [39.62936406304426, 21.35226616883017]}, "properties": {"layer": "lighting", "name": "برج", "kind": "برج", "description": "ارتفاع البرج (30) متر عدد الفوانيس(4) الحالة الفنية (جيد) قدرة الفوانيس (308) واط", "color": "#fde047"}}, {"type": "Feature", "geometry": {"type": "Point", "coordinates": [39.62795479281634, 21.35219604360499]}, "properties": {"layer": "lighting", "name": "برج", "kind": "برج", "description": "ارتفاع البرج (30) متر عدد الفوانيس(4) الحالة الفنية (جيد) قدرة الفوانيس (308) واط", "color": "#fde047"}}, {"type": "Feature", "geometry": {"type": "Point", "coordinates": [39.62650534931388, 21.35216902274654]}, "properties": {"layer": "lighting", "name": "علامة موضعية بلا عنوان", "kind": "برج", "description": "ارتفاع البرج (30) متر عدد الفوانيس(4) الحالة الفنية (جيد) قدرة الفوانيس (308) واط", "color": "#fde047"}}, {"type": "Feature", "geometry": {"type": "Point", "coordinates": [39.62506676050766, 21.35213035187049]}, "properties": {"layer": "lighting", "name": "علامة موضعية بلا عنوان", "kind": "برج", "description": "ارتفاع البرج (30) متر عدد الفوانيس(6) الحالة الفنية (جيد) قدرة الفوانيس (308) واط", "color": "#fde047"}}, {"type": "Feature", "geometry": {"type": "Point", "coordinates": [39.62361482902968, 21.35211690539811]}, "properties": {"layer": "lighting", "name": "علامة موضعية بلا عنوان", "kind": "برج", "description": "ارتفاع البرج (30) متر عدد الفوانيس(6) الحالة الفنية (جيد) قدرة الفوانيس (308) واط", "color": "#fde047"}}, {"type": "Feature", "geometry": {"type": "Point", "coordinates": [39.62215005037017, 21.35205497837116]}, "properties": {"layer": "lighting", "name": "علامة موضعية بلا عنوان", "kind": "برج", "description": "ارتفاع البرج (30) متر عدد الفوانيس(6) الحالة الفنية (جيد) قدرة الفوانيس (308) واط", "color": "#fde047"}}, {"type": "Feature", "geometry": {"type": "Point", "coordinates": [39.62073968902511, 21.35200985819092]}, "properties": {"layer": "lighting", "name": "علامة موضعية بلا عنوان", "kind": "برج", "description": "ارتفاع البرج (30) متر عدد الفوانيس(6) الحالة الفنية (جيد) قدرة الفوانيس (308) واط", "color": "#fde047"}}, {"type": "Feature", "geometry": {"type": "Point", "coordinates": [39.61927304982022, 21.35198049516698]}, "properties": {"layer": "lighting", "name": "علامة موضعية بلا عنوان", "kind": "برج", "description": "ارتفاع البرج (30) متر عدد الفوانيس(6) الحالة الفنية (جيد) قدرة الفوانيس (308) واط", "color": "#fde047"}}, {"type": "Feature", "geometry": {"type": "Point", "coordinates": [39.61775845615931, 21.35197041889059]}, "properties": {"layer": "lighting", "name": "علامة موضعية بلا عنوان", "kind": "برج", "description": "ارتفاع البرج (30) متر عدد الفوانيس(6) الحالة الفنية (جيد) قدرة الفوانيس (308) واط", "color": "#fde047"}}, {"type": "Feature", "geometry": {"type": "Point", "coordinates": [39.61636651450169, 21.35191209031073]}, "properties": {"layer": "lighting", "name": "علامة موضعية بلا عنوان", "kind": "برج", "description": "ارتفاع البرج (30) متر عدد الفوانيس(4) الحالة الفنية (جيد) قدرة الفوانيس (308) واط", "color": "#fde047"}}, {"type": "Feature", "geometry": {"type": "Point", "coordinates": [39.61489302684568, 21.3519316225074]}, "properties": {"layer": "lighting", "name": "علامة موضعية بلا عنوان", "kind": "برج", "description": "ارتفاع البرج (30) متر عدد الفوانيس(6) الحالة الفنية (جيد) قدرة الفوانيس (308) واط", "color": "#fde047"}}, {"type": "Feature", "geometry": {"type": "Point", "coordinates": [39.61344213979256, 21.35198162257634]}, "properties": {"layer": "lighting", "name": "علامة موضعية بلا عنوان", "kind": "برج", "description": "ارتفاع البرج (30) متر عدد الفوانيس(4) الحالة الفنية (جيد) قدرة الفوانيس (308) واط", "color": "#fde047"}}, {"type": "Feature", "geometry": {"type": "Point", "coordinates": [39.6120157441695, 21.35205385695516]}, "properties": {"layer": "lighting", "name": "علامة موضعية بلا عنوان", "kind": "برج", "description": "ارتفاع البرج (30) متر عدد الفوانيس(4) الحالة الفنية (جيد) قدرة الفوانيس (308) واط", "color": "#fde047"}}, {"type": "Feature", "geometry": {"type": "Point", "coordinates": [39.61056177235722, 21.3521039965627]}, "properties": {"layer": "lighting", "name": "علامة موضعية بلا عنوان", "kind": "برج", "description": "ارتفاع البرج (30) متر عدد الفوانيس(4) الحالة الفنية (جيد) قدرة الفوانيس (308) واط", "color": "#fde047"}}, {"type": "Feature", "geometry": {"type": "Point", "coordinates": [39.60911653477732, 21.35218120976687]}, "properties": {"layer": "lighting", "name": "علامة موضعية بلا عنوان", "kind": "برج", "description": "ارتفاع البرج (30) متر عدد الفوانيس(4) الحالة الفنية (جيد) قدرة الفوانيس (308) واط", "color": "#fde047"}}, {"type": "Feature", "geometry": {"type": "Point", "coordinates": [39.60920249031649, 21.35177679877152]}, "properties": {"layer": "lighting", "name": "علامة موضعية بلا عنوان", "kind": "برج", "description": "ارتفاع البرج (30) متر عدد الفوانيس(4) الحالة الفنية (جيد) قدرة الفوانيس (308) واط", "color": "#fde047"}}, {"type": "Feature", "geometry": {"type": "Point", "coordinates": [39.61166136413103, 21.35176598728009]}, "properties": {"layer": "lighting", "name": "علامة موضعية بلا عنوان", "kind": "برج", "description": "ارتفاع البرج (30) متر عدد الفوانيس(4) الحالة الفنية (جيد) قدرة الفوانيس (308) واط", "color": "#fde047"}}, {"type": "Feature", "geometry": {"type": "Point", "coordinates": [39.61248378319156, 21.35171485101909]}, "properties": {"layer": "lighting", "name": "علامة موضعية بلا عنوان", "kind": "برج", "description": "ارتفاع البرج (30) متر عدد الفوانيس(4) الحالة الفنية (جيد) قدرة الفوانيس (308) واط", "color": "#fde047"}}, {"type": "Feature", "geometry": {"type": "Point", "coordinates": [39.61084488476305, 21.3517613757125]}, "properties": {"layer": "lighting", "name": "علامة موضعية بلا عنوان", "kind": "برج", "description": "ارتفاع البرج (30) متر عدد الفوانيس(4) الحالة الفنية (جيد) قدرة الفوانيس (308) واط", "color": "#fde047"}}, {"type": "Feature", "geometry": {"type": "Point", "coordinates": [39.61000715628265, 21.35176846394541]}, "properties": {"layer": "lighting", "name": "علامة موضعية بلا عنوان", "kind": "برج", "description": "ارتفاع البرج (30) متر عدد الفوانيس(4) الحالة الفنية (جيد) قدرة الفوانيس (308) واط", "color": "#fde047"}}, {"type": "Feature", "geometry": {"type": "Point", "coordinates": [39.60838113008338, 21.35178764127648]}, "properties": {"layer": "lighting", "name": "علامة موضعية بلا عنوان", "kind": "برج", "description": "ارتفاع البرج (30) متر عدد الفوانيس(4) الحالة الفنية (جيد) قدرة الفوانيس (308) واط", "color": "#fde047"}}, {"type": "Feature", "geometry": {"type": "Point", "coordinates": [39.60765826035512, 21.35223472039838]}, "properties": {"layer": "lighting", "name": "علامة موضعية بلا عنوان", "kind": "برج", "description": "ارتفاع البرج (30) متر عدد الفوانيس(4) الحالة الفنية (جيد) قدرة الفوانيس (308) واط", "color": "#fde047"}}, {"type": "Feature", "geometry": {"type": "Point", "coordinates": [39.60754069835225, 21.35182178652849]}, "properties": {"layer": "lighting", "name": "علامة موضعية بلا عنوان", "kind": "برج", "description": "ارتفاع البرج (30) متر عدد الفوانيس(4) الحالة الفنية (جيد) قدرة الفوانيس (308) واط", "color": "#fde047"}}, {"type": "Feature", "geometry": {"type": "Point", "coordinates": [39.60677018540606, 21.35181557403429]}, "properties": {"layer": "lighting", "name": "علامة موضعية بلا عنوان", "kind": "برج", "description": "ارتفاع البرج (30) متر عدد الفوانيس(2) الحالة الفنية (جيد) قدرة الفوانيس (308) واط", "color": "#fde047"}}, {"type": "Feature", "geometry": {"type": "Point", "coordinates": [39.60621891193517, 21.35225622527289]}, "properties": {"layer": "lighting", "name": "علامة موضعية بلا عنوان", "kind": "برج", "description": "ارتفاع البرج (30) متر عدد الفوانيس(4) الحالة الفنية (جيد) قدرة الفوانيس (308) واط", "color": "#fde047"}}, {"type": "Feature", "geometry": {"type": "Point", "coordinates": [39.60590722011842, 21.3518381321013]}, "properties": {"layer": "lighting", "name": "علامة موضعية بلا عنوان", "kind": "برج", "description": "ارتفاع البرج (30) متر عدد الفوانيس(2) الحالة الفنية (جيد) قدرة الفوانيس (308) واط", "color": "#fde047"}}, {"type": "Feature", "geometry": {"type": "Point", "coordinates": [39.60506594127934, 21.35189032077201]}, "properties": {"layer": "lighting", "name": "علامة موضعية بلا عنوان", "kind": "برج", "description": "ارتفاع البرج (30) متر عدد الفوانيس(2) الحالة الفنية (جيد) قدرة الفوانيس (308) واط", "color": "#fde047"}}, {"type": "Feature", "geometry": {"type": "Point", "coordinates": [39.60477354579692, 21.35231773460669]}, "properties": {"layer": "lighting", "name": "علامة موضعية بلا عنوان", "kind": "برج", "description": "ارتفاع البرج (30) متر عدد الفوانيس(4) الحالة الفنية (جيد) قدرة الفوانيس (308) واط", "color": "#fde047"}}, {"type": "Feature", "geometry": {"type": "Point", "coordinates": [39.6042651014195, 21.35185161809808]}, "properties": {"layer": "lighting", "name": "علامة موضعية بلا عنوان", "kind": "برج", "description": "ارتفاع البرج (30) متر عدد الفوانيس(2) الحالة الفنية (جيد) قدرة الفوانيس (308) واط", "color": "#fde047"}}, {"type": "Feature", "geometry": {"type": "Point", "coordinates": [39.60332112655188, 21.35237616814086]}, "properties": {"layer": "lighting", "name": "علامة موضعية بلا عنوان", "kind": "برج", "description": "ارتفاع البرج (30) متر عدد الفوانيس(4) الحالة الفنية (جيد) قدرة الفوانيس (308) واط", "color": "#fde047"}}, {"type": "Feature", "geometry": {"type": "Point", "coordinates": [39.60344757788113, 21.35189429840812]}, "properties": {"layer": "lighting", "name": "علامة موضعية بلا عنوان", "kind": "برج", "description": "ارتفاع البرج (30) متر عدد الفوانيس(2) الحالة الفنية (جيد) قدرة الفوانيس (308) واط", "color": "#fde047"}}, {"type": "Feature", "geometry": {"type": "Point", "coordinates": [39.60261749569534, 21.35193416614773]}, "properties": {"layer": "lighting", "name": "علامة موضعية بلا عنوان", "kind": "برج", "description": "ارتفاع البرج (30) متر عدد الفوانيس(2) الحالة الفنية (جيد) قدرة الفوانيس (308) واط", "color": "#fde047"}}, {"type": "Feature", "geometry": {"type": "Point", "coordinates": [39.60195109280038, 21.35243298139262]}, "properties": {"layer": "lighting", "name": "علامة موضعية بلا عنوان", "kind": "برج", "description": "ارتفاع البرج (30) متر عدد الفوانيس(4) الحالة الفنية (جيد) قدرة الفوانيس (308) واط", "color": "#fde047"}}, {"type": "Feature", "geometry": {"type": "Point", "coordinates": [39.60180127614758, 21.35191376980299]}, "properties": {"layer": "lighting", "name": "علامة موضعية بلا عنوان", "kind": "برج", "description": "ارتفاع البرج (30) متر عدد الفوانيس(2) الحالة الفنية (جيد) قدرة الفوانيس (308) واط", "color": "#fde047"}}, {"type": "Feature", "geometry": {"type": "Point", "coordinates": [39.60062013117922, 21.35247397322772]}, "properties": {"layer": "lighting", "name": "علامة موضعية بلا عنوان", "kind": "برج", "description": "ارتفاع البرج (30) متر عدد الفوانيس(4) الحالة الفنية (جيد) قدرة الفوانيس (308) واط", "color": "#fde047"}}, {"type": "Feature", "geometry": {"type": "Point", "coordinates": [39.60096370471629, 21.3519448284287]}, "properties": {"layer": "lighting", "name": "علامة موضعية بلا عنوان", "kind": "برج", "description": "ارتفاع البرج (30) متر عدد الفوانيس(2) الحالة الفنية (جيد) قدرة الفوانيس (308) واط", "color": "#fde047"}}, {"type": "Feature", "geometry": {"type": "Point", "coordinates": [39.60016016298325, 21.35195419676137]}, "properties": {"layer": "lighting", "name": "علامة موضعية بلا عنوان", "kind": "برج", "description": "ارتفاع البرج (30) متر عدد الفوانيس(2) الحالة الفنية (جيد) قدرة الفوانيس (308) واط", "color": "#fde047"}}, {"type": "Feature", "geometry": {"type": "Point", "coordinates": [39.59929109265195, 21.35251775893784]}, "properties": {"layer": "lighting", "name": "علامة موضعية بلا عنوان", "kind": "برج", "description": "ارتفاع البرج (30) متر عدد الفوانيس(4) الحالة الفنية (جيد) قدرة الفوانيس (308) واط", "color": "#fde047"}}, {"type": "Feature", "geometry": {"type": "Point", "coordinates": [39.59935468523101, 21.35196962065825]}, "properties": {"layer": "lighting", "name": "علامة موضعية بلا عنوان", "kind": "برج", "description": "ارتفاع البرج (30) متر عدد الفوانيس(2) الحالة الفنية (جيد) قدرة الفوانيس (308) واط", "color": "#fde047"}}, {"type": "Feature", "geometry": {"type": "Point", "coordinates": [39.59851354143828, 21.35200976038909]}, "properties": {"layer": "lighting", "name": "علامة موضعية بلا عنوان", "kind": "برج", "description": "ارتفاع البرج (30) متر عدد الفوانيس(2) الحالة الفنية (جيد) قدرة الفوانيس (308) واط", "color": "#fde047"}}, {"type": "Feature", "geometry": {"type": "Point", "coordinates": [39.59790667961866, 21.3525886149591]}, "properties": {"layer": "lighting", "name": "علامة موضعية بلا عنوان", "kind": "برج", "description": "ارتفاع البرج (30) متر عدد الفوانيس(4) الحالة الفنية (جيد) قدرة الفوانيس (308) واط", "color": "#fde047"}}, {"type": "Feature", "geometry": {"type": "Point", "coordinates": [39.59661501784156, 21.35261951968566]}, "properties": {"layer": "lighting", "name": "ارتفاع البرج (30) متر عدد الفوانيس(4) الحالة الفنية (جيد) قدرة الفوانيس (308) واط", "kind": "نقطة إنارة", "description": "", "color": "#fde047"}}, {"type": "Feature", "geometry": {"type": "Point", "coordinates": [39.59772269615056, 21.35192991007168]}, "properties": {"layer": "lighting", "name": "علامة موضعية بلا عنوان", "kind": "برج", "description": "ارتفاع البرج (30) متر عدد الفوانيس(2) الحالة الفنية (جيد) قدرة الفوانيس (308) واط", "color": "#fde047"}}, {"type": "Feature", "geometry": {"type": "Point", "coordinates": [39.59513830562504, 21.35268386355792]}, "properties": {"layer": "lighting", "name": "علامة موضعية بلا عنوان", "kind": "برج", "description": "ارتفاع البرج (30) متر عدد الفوانيس(4) الحالة الفنية (جيد) قدرة الفوانيس (308) واط", "color": "#fde047"}}, {"type": "Feature", "geometry": {"type": "Point", "coordinates": [39.59494483263155, 21.35160576460568]}, "properties": {"layer": "lighting", "name": "برج", "kind": "برج", "description": "ارتفاع البرج (30) متر عدد الفوانيس(2) الحالة الفنية (جيد) قدرة الفوانيس (308) واط", "color": "#fde047"}}, {"type": "Feature", "geometry": {"type": "Point", "coordinates": [39.59413694763998, 21.35164630717764]}, "properties": {"layer": "lighting", "name": "علامة موضعية بلا عنوان", "kind": "برج", "description": "ارتفاع البرج (30) متر عدد الفوانيس(2) الحالة الفنية (جيد) قدرة الفوانيس (308) واط", "color": "#fde047"}}, {"type": "Feature", "geometry": {"type": "Point", "coordinates": [39.59371961129748, 21.3527156056966]}, "properties": {"layer": "lighting", "name": "ارتفاع البرج (30) متر عدد الفوانيس(4) الحالة الفنية (جيد) قدرة الفوانيس (308) واط", "kind": "برج", "description": "ارتفاع البرج (30) متر عدد الفوانيس(4) الحالة الفنية (جيد) قدرة الفوانيس (308) واط", "color": "#fde047"}}, {"type": "Feature", "geometry": {"type": "Point", "coordinates": [39.59330618500314, 21.35167898234157]}, "properties": {"layer": "lighting", "name": "علامة موضعية بلا عنوان", "kind": "برج", "description": "ارتفاع البرج (30) متر عدد الفوانيس(2) الحالة الفنية (جيد) قدرة الفوانيس (308) واط", "color": "#fde047"}}, {"type": "Feature", "geometry": {"type": "Point", "coordinates": [39.59225189699988, 21.35276920409871]}, "properties": {"layer": "lighting", "name": "علامة موضعية بلا عنوان", "kind": "برج", "description": "ارتفاع البرج (30) متر عدد الفوانيس(4) الحالة الفنية (جيد) قدرة الفوانيس (308) واط", "color": "#fde047"}}, {"type": "Feature", "geometry": {"type": "Point", "coordinates": [39.59250112241801, 21.35181616298901]}, "properties": {"layer": "lighting", "name": "علامة موضعية بلا عنوان", "kind": "برج", "description": "ارتفاع البرج (30) متر عدد الفوانيس(2) الحالة الفنية (جيد) قدرة الفوانيس (308) واط", "color": "#fde047"}}, {"type": "Feature", "geometry": {"type": "Point", "coordinates": [39.59171234468863, 21.35201085846671]}, "properties": {"layer": "lighting", "name": "علامة موضعية بلا عنوان", "kind": "برج", "description": "ارتفاع البرج (30) متر عدد الفوانيس(2) الحالة الفنية (جيد) قدرة الفوانيس (308) واط", "color": "#fde047"}}, {"type": "Feature", "geometry": {"type": "Point", "coordinates": [39.59088593026615, 21.35217744163461]}, "properties": {"layer": "lighting", "name": "علامة موضعية بلا عنوان", "kind": "برج", "description": "ارتفاع البرج (30) متر عدد الفوانيس(2) الحالة الفنية (جيد) قدرة الفوانيس (308) واط", "color": "#fde047"}}, {"type": "Feature", "geometry": {"type": "Point", "coordinates": [39.59082993799652, 21.35280769187471]}, "properties": {"layer": "lighting", "name": "علامة موضعية بلا عنوان", "kind": "برج", "description": "ارتفاع البرج (30) متر عدد الفوانيس(4) الحالة الفنية (جيد) قدرة الفوانيس (308) واط", "color": "#fde047"}}, {"type": "Feature", "geometry": {"type": "Point", "coordinates": [39.59009863363159, 21.35223025195361]}, "properties": {"layer": "lighting", "name": "علامة موضعية بلا عنوان", "kind": "برج", "description": "ارتفاع البرج (30) متر عدد الفوانيس(2) الحالة الفنية (جيد) قدرة الفوانيس (308) واط", "color": "#fde047"}}, {"type": "Feature", "geometry": {"type": "Point", "coordinates": [39.58938836261621, 21.35286283712346]}, "properties": {"layer": "lighting", "name": "علامة موضعية بلا عنوان", "kind": "برج", "description": "ارتفاع البرج (30) متر عدد الفوانيس(4) الحالة الفنية (جيد) قدرة الفوانيس (308) واط", "color": "#fde047"}}, {"type": "Feature", "geometry": {"type": "Point", "coordinates": [39.58927896110506, 21.35228676406473]}, "properties": {"layer": "lighting", "name": "برج", "kind": "برج", "description": "ارتفاع البرج (30) متر عدد الفوانيس(2) الحالة الفنية (جيد) قدرة الفوانيس (308) واط", "color": "#fde047"}}, {"type": "Feature", "geometry": {"type": "Point", "coordinates": [39.58845177395744, 21.35235241763713]}, "properties": {"layer": "lighting", "name": "علامة موضعية بلا عنوان", "kind": "برج", "description": "ارتفاع البرج (30) متر عدد الفوانيس(2) الحالة الفنية (جيد) قدرة الفوانيس (308) واط", "color": "#fde047"}}, {"type": "Feature", "geometry": {"type": "Point", "coordinates": [39.58793069048551, 21.35292219669368]}, "properties": {"layer": "lighting", "name": "علامة موضعية بلا عنوان", "kind": "برج", "description": "ارتفاع البرج (30) متر عدد الفوانيس(4) الحالة الفنية (جيد) قدرة الفوانيس (308) واط", "color": "#fde047"}}, {"type": "Feature", "geometry": {"type": "Point", "coordinates": [39.58765437413699, 21.35240599386567]}, "properties": {"layer": "lighting", "name": "علامة موضعية بلا عنوان", "kind": "برج", "description": "ارتفاع البرج (30) متر عدد الفوانيس(2) الحالة الفنية (جيد) قدرة الفوانيس (308) واط", "color": "#fde047"}}, {"type": "Feature", "geometry": {"type": "Point", "coordinates": [39.58681850328809, 21.35245735796996]}, "properties": {"layer": "lighting", "name": "علامة موضعية بلا عنوان", "kind": "برج", "description": "ارتفاع البرج (30) متر عدد الفوانيس(2) الحالة الفنية (جيد) قدرة الفوانيس (308) واط", "color": "#fde047"}}, {"type": "Feature", "geometry": {"type": "Point", "coordinates": [39.58645321467316, 21.35301376959759]}, "properties": {"layer": "lighting", "name": "علامة موضعية بلا عنوان", "kind": "برج", "description": "ارتفاع البرج (30) متر عدد الفوانيس(4) الحالة الفنية (جيد) قدرة الفوانيس (308) واط", "color": "#fde047"}}, {"type": "Feature", "geometry": {"type": "Point", "coordinates": [39.58600537728408, 21.35251249212194]}, "properties": {"layer": "lighting", "name": "علامة موضعية بلا عنوان", "kind": "برج", "description": "ارتفاع البرج (30) متر عدد الفوانيس(2) الحالة الفنية (جيد) قدرة الفوانيس (308) واط", "color": "#fde047"}}, {"type": "Feature", "geometry": {"type": "Point", "coordinates": [39.58517071638081, 21.35255969608099]}, "properties": {"layer": "lighting", "name": "علامة موضعية بلا عنوان", "kind": "برج", "description": "ارتفاع البرج (30) متر عدد الفوانيس(2) الحالة الفنية (جيد) قدرة الفوانيس (308) واط", "color": "#fde047"}}, {"type": "Feature", "geometry": {"type": "Point", "coordinates": [39.58503625996447, 21.35305006699926]}, "properties": {"layer": "lighting", "name": "علامة موضعية بلا عنوان", "kind": "برج", "description": "ارتفاع البرج (30) متر عدد الفوانيس(4) الحالة الفنية (جيد) قدرة الفوانيس (308) واط", "color": "#fde047"}}, {"type": "Feature", "geometry": {"type": "Point", "coordinates": [39.58434528108933, 21.35262383682499]}, "properties": {"layer": "lighting", "name": "علامة موضعية بلا عنوان", "kind": "برج", "description": "ارتفاع البرج (30) متر عدد الفوانيس(2) الحالة الفنية (جيد) قدرة الفوانيس (308) واط", "color": "#fde047"}}, {"type": "Feature", "geometry": {"type": "Point", "coordinates": [39.58355757481385, 21.35309575473638]}, "properties": {"layer": "lighting", "name": "علامة موضعية بلا عنوان", "kind": "برج", "description": "ارتفاع البرج (30) متر عدد الفوانيس(4) الحالة الفنية (جيد) قدرة الفوانيس (308) واط", "color": "#fde047"}}, {"type": "Feature", "geometry": {"type": "Point", "coordinates": [39.58356289524508, 21.35267315335325]}, "properties": {"layer": "lighting", "name": "علامة موضعية بلا عنوان", "kind": "برج", "description": "ارتفاع البرج (30) متر عدد الفوانيس(2) الحالة الفنية (جيد) قدرة الفوانيس (308) واط", "color": "#fde047"}}, {"type": "Feature", "geometry": {"type": "Point", "coordinates": [39.58211240005398, 21.35315367590237]}, "properties": {"layer": "lighting", "name": "علامة موضعية بلا عنوان", "kind": "برج", "description": "ارتفاع البرج (30) متر عدد الفوانيس(4) الحالة الفنية (جيد) قدرة الفوانيس (308) واط", "color": "#fde047"}}, {"type": "Feature", "geometry": {"type": "Point", "coordinates": [39.58272904428588, 21.35272359914485]}, "properties": {"layer": "lighting", "name": "علامة موضعية بلا عنوان", "kind": "برج", "description": "ارتفاع البرج (30) متر عدد الفوانيس(2) الحالة الفنية (جيد) قدرة الفوانيس (308) واط", "color": "#fde047"}}, {"type": "Feature", "geometry": {"type": "Point", "coordinates": [39.58193613947735, 21.35276858407816]}, "properties": {"layer": "lighting", "name": "علامة موضعية بلا عنوان", "kind": "برج", "description": "ارتفاع البرج (30) متر عدد الفوانيس(2) الحالة الفنية (جيد) قدرة الفوانيس (308) واط", "color": "#fde047"}}, {"type": "Feature", "geometry": {"type": "Point", "coordinates": [39.58110043895498, 21.35286521909556]}, "properties": {"layer": "lighting", "name": "علامة موضعية بلا عنوان", "kind": "برج", "description": "ارتفاع البرج (30) متر عدد الفوانيس(2) الحالة الفنية (جيد) قدرة الفوانيس (308) واط", "color": "#fde047"}}, {"type": "Feature", "geometry": {"type": "Point", "coordinates": [39.58067029330516, 21.35320344843178]}, "properties": {"layer": "lighting", "name": "علامة موضعية بلا عنوان", "kind": "برج", "description": "ارتفاع البرج (30) متر عدد الفوانيس(4) الحالة الفنية (جيد) قدرة الفوانيس (308) واط", "color": "#fde047"}}, {"type": "Feature", "geometry": {"type": "Point", "coordinates": [39.58028815206705, 21.35290396313518]}, "properties": {"layer": "lighting", "name": "علامة موضعية بلا عنوان", "kind": "نقطة إنارة", "description": "", "color": "#fde047"}}, {"type": "Feature", "geometry": {"type": "Point", "coordinates": [39.57944882158554, 21.35290266246234]}, "properties": {"layer": "lighting", "name": "علامة موضعية بلا عنوان", "kind": "نقطة إنارة", "description": "", "color": "#fde047"}}, {"type": "Feature", "geometry": {"type": "Point", "coordinates": [39.57921223820653, 21.35319853686676]}, "properties": {"layer": "lighting", "name": "علامة موضعية بلا عنوان", "kind": "برج", "description": "ارتفاع البرج (30) متر عدد الفوانيس(4) الحالة الفنية (جيد) قدرة الفوانيس (308) واط", "color": "#fde047"}}, {"type": "Feature", "geometry": {"type": "Point", "coordinates": [39.57777409500912, 21.35313372996372]}, "properties": {"layer": "lighting", "name": "علامة موضعية بلا عنوان", "kind": "برج", "description": "ارتفاع البرج (30) متر عدد الفوانيس(4) الحالة الفنية (جيد) قدرة الفوانيس (308) واط", "color": "#fde047"}}, {"type": "Feature", "geometry": {"type": "Point", "coordinates": [39.57629877453931, 21.35308835626273]}, "properties": {"layer": "lighting", "name": "علامة موضعية بلا عنوان", "kind": "برج", "description": "ارتفاع البرج (30) متر عدد الفوانيس(4) الحالة الفنية (جيد) قدرة الفوانيس (308) واط", "color": "#fde047"}}, {"type": "Feature", "geometry": {"type": "Point", "coordinates": [39.57484757677817, 21.35295387732353]}, "properties": {"layer": "lighting", "name": "علامة موضعية بلا عنوان", "kind": "برج", "description": "ارتفاع البرج (30) متر عدد الفوانيس(4) الحالة الفنية (جيد) قدرة الفوانيس (308) واط", "color": "#fde047"}}, {"type": "Feature", "geometry": {"type": "Point", "coordinates": [39.57346539018069, 21.35285241416775]}, "properties": {"layer": "lighting", "name": "علامة موضعية بلا عنوان", "kind": "برج", "description": "ارتفاع البرج (30) متر عدد الفوانيس(4) الحالة الفنية (جيد) قدرة الفوانيس (308) واط", "color": "#fde047"}}, {"type": "Feature", "geometry": {"type": "Point", "coordinates": [39.57195462881452, 21.35274591458914]}, "properties": {"layer": "lighting", "name": "علامة موضعية بلا عنوان", "kind": "نقطة إنارة", "description": "", "color": "#fde047"}}, {"type": "Feature", "geometry": {"type": "Point", "coordinates": [39.57057230773902, 21.35265345630407]}, "properties": {"layer": "lighting", "name": "علامة موضعية بلا عنوان", "kind": "برج", "description": "ارتفاع البرج (30) متر عدد الفوانيس(4) الحالة الفنية (جيد) قدرة الفوانيس (308) واط", "color": "#fde047"}}, {"type": "Feature", "geometry": {"type": "Point", "coordinates": [39.56911678298653, 21.35250989960801]}, "properties": {"layer": "lighting", "name": "علامة موضعية بلا عنوان", "kind": "برج", "description": "ارتفاع البرج (30) متر عدد الفوانيس(4) الحالة الفنية (جيد) قدرة الفوانيس (308) واط", "color": "#fde047"}}, {"type": "Feature", "geometry": {"type": "Point", "coordinates": [39.56769463569984, 21.35241287580114]}, "properties": {"layer": "lighting", "name": "علامة موضعية بلا عنوان", "kind": "برج", "description": "ارتفاع البرج (30) متر عدد الفوانيس(4) الحالة الفنية (جيد) قدرة الفوانيس (308) واط", "color": "#fde047"}}, {"type": "Feature", "geometry": {"type": "Point", "coordinates": [39.56623191723411, 21.35229488403056]}, "properties": {"layer": "lighting", "name": "علامة موضعية بلا عنوان", "kind": "برج", "description": "ارتفاع البرج (30) متر عدد الفوانيس(4) الحالة الفنية (جيد) قدرة الفوانيس (308) واط", "color": "#fde047"}}, {"type": "Feature", "geometry": {"type": "Point", "coordinates": [39.56481264244555, 21.35215968935301]}, "properties": {"layer": "lighting", "name": "علامة موضعية بلا عنوان", "kind": "برج", "description": "ارتفاع البرج (30) متر عدد الفوانيس(4) الحالة الفنية (جيد) قدرة الفوانيس (308) واط", "color": "#fde047"}}, {"type": "Feature", "geometry": {"type": "Point", "coordinates": [39.56333538462091, 21.35205054004625]}, "properties": {"layer": "lighting", "name": "علامة موضعية بلا عنوان", "kind": "برج", "description": "ارتفاع البرج (30) متر عدد الفوانيس(4) الحالة الفنية (جيد) قدرة الفوانيس (308) واط", "color": "#fde047"}}, {"type": "Feature", "geometry": {"type": "Point", "coordinates": [39.56188740028483, 21.35194052419665]}, "properties": {"layer": "lighting", "name": "علامة موضعية بلا عنوان", "kind": "برج", "description": "ارتفاع البرج (30) متر عدد الفوانيس(4) الحالة الفنية (جيد) قدرة الفوانيس (308) واط", "color": "#fde047"}}, {"type": "Feature", "geometry": {"type": "Point", "coordinates": [39.56046754454979, 21.35180694902504]}, "properties": {"layer": "lighting", "name": "علامة موضعية بلا عنوان", "kind": "برج", "description": "ارتفاع البرج (30) متر عدد الفوانيس(4) الحالة الفنية (جيد) قدرة الفوانيس (308) واط", "color": "#fde047"}}, {"type": "Feature", "geometry": {"type": "Point", "coordinates": [39.55901467370931, 21.35169983064677]}, "properties": {"layer": "lighting", "name": "علامة موضعية بلا عنوان", "kind": "برج", "description": "ارتفاع البرج (30) متر عدد الفوانيس(4) الحالة الفنية (جيد) قدرة الفوانيس (308) واط", "color": "#fde047"}}, {"type": "Feature", "geometry": {"type": "Point", "coordinates": [39.55756716415048, 21.35159545412337]}, "properties": {"layer": "lighting", "name": "علامة موضعية بلا عنوان", "kind": "برج", "description": "ارتفاع البرج (30) متر عدد الفوانيس(4) الحالة الفنية (جيد) قدرة الفوانيس (308) واط", "color": "#fde047"}}, {"type": "Feature", "geometry": {"type": "Point", "coordinates": [39.5561289344269, 21.35146899512591]}, "properties": {"layer": "lighting", "name": "برج", "kind": "برج", "description": "ارتفاع البرج (30) متر عدد الفوانيس(4) الحالة الفنية (جيد) قدرة الفوانيس (308) واط", "color": "#fde047"}}, {"type": "Feature", "geometry": {"type": "Point", "coordinates": [39.5546553677457, 21.35135808177194]}, "properties": {"layer": "lighting", "name": "علامة موضعية بلا عنوان", "kind": "برج", "description": "ارتفاع البرج (30) متر عدد الفوانيس(4) الحالة الفنية (جيد) قدرة الفوانيس (308) واط", "color": "#fde047"}}, {"type": "Feature", "geometry": {"type": "Point", "coordinates": [39.55322422418485, 21.35124941783421]}, "properties": {"layer": "lighting", "name": "علامة موضعية بلا عنوان", "kind": "برج", "description": "ارتفاع البرج (30) متر عدد الفوانيس(4) الحالة الفنية (جيد) قدرة الفوانيس (308) واط", "color": "#fde047"}}, {"type": "Feature", "geometry": {"type": "Point", "coordinates": [39.55178137845414, 21.35113143014784]}, "properties": {"layer": "lighting", "name": "علامة موضعية بلا عنوان", "kind": "برج", "description": "ارتفاع البرج (30) متر عدد الفوانيس(4) الحالة الفنية (جيد) قدرة الفوانيس (308) واط", "color": "#fde047"}}, {"type": "Feature", "geometry": {"type": "Point", "coordinates": [39.55034028254731, 21.35101771318208]}, "properties": {"layer": "lighting", "name": "علامة موضعية بلا عنوان", "kind": "برج", "description": "ارتفاع البرج (30) متر عدد الفوانيس(4) الحالة الفنية (جيد) قدرة الفوانيس (308) واط", "color": "#fde047"}}, {"type": "Feature", "geometry": {"type": "Point", "coordinates": [39.54890945793439, 21.35087626593645]}, "properties": {"layer": "lighting", "name": "علامة موضعية بلا عنوان", "kind": "برج", "description": "ارتفاع البرج (30) متر عدد الفوانيس(4) الحالة الفنية (جيد) قدرة الفوانيس (308) واط", "color": "#fde047"}}, {"type": "Feature", "geometry": {"type": "Point", "coordinates": [39.54743127242141, 21.35076165197911]}, "properties": {"layer": "lighting", "name": "علامة موضعية بلا عنوان", "kind": "برج", "description": "ارتفاع البرج (30) متر عدد الفوانيس(4) الحالة الفنية (جيد) قدرة الفوانيس (308) واط", "color": "#fde047"}}, {"type": "Feature", "geometry": {"type": "Point", "coordinates": [39.54602718779254, 21.35065653445156]}, "properties": {"layer": "lighting", "name": "علامة موضعية بلا عنوان", "kind": "برج", "description": "ارتفاع البرج (30) متر عدد الفوانيس(4) الحالة الفنية (جيد) قدرة الفوانيس (308) واط", "color": "#fde047"}}, {"type": "Feature", "geometry": {"type": "Point", "coordinates": [39.54456198326823, 21.35060621691992]}, "properties": {"layer": "lighting", "name": "علامة موضعية بلا عنوان", "kind": "برج", "description": "ارتفاع البرج (30) متر عدد الفوانيس(4) الحالة الفنية (جيد) قدرة الفوانيس (308) واط", "color": "#fde047"}}, {"type": "Feature", "geometry": {"type": "Point", "coordinates": [39.5436675860308, 21.35060025318825]}, "properties": {"layer": "lighting", "name": "علامة موضعية بلا عنوان", "kind": "برج", "description": "ارتفاع البرج (30) متر عدد الفوانيس(4) الحالة الفنية (جيد) قدرة الفوانيس (308) واط", "color": "#fde047"}}, {"type": "Feature", "geometry": {"type": "Point", "coordinates": [39.54212307132075, 21.35075300766703]}, "properties": {"layer": "lighting", "name": "علامة موضعية بلا عنوان", "kind": "برج", "description": "ارتفاع البرج (30) متر عدد الفوانيس(4) الحالة الفنية (جيد) قدرة الفوانيس (308) واط", "color": "#fde047"}}, {"type": "Feature", "geometry": {"type": "Point", "coordinates": [39.54084247290636, 21.3510150457985]}, "properties": {"layer": "lighting", "name": "علامة موضعية بلا عنوان", "kind": "برج", "description": "ارتفاع البرج (30) متر عدد الفوانيس(4) الحالة الفنية (جيد) قدرة الفوانيس (308) واط", "color": "#fde047"}}, {"type": "Feature", "geometry": {"type": "Point", "coordinates": [39.53959234484991, 21.35136962415941]}, "properties": {"layer": "lighting", "name": "علامة موضعية بلا عنوان", "kind": "برج", "description": "ارتفاع البرج (30) متر عدد الفوانيس(4) الحالة الفنية (جيد) قدرة الفوانيس (308) واط", "color": "#fde047"}}, {"type": "Feature", "geometry": {"type": "Point", "coordinates": [39.53834882680427, 21.35183643939212]}, "properties": {"layer": "lighting", "name": "علامة موضعية بلا عنوان", "kind": "برج", "description": "ارتفاع البرج (30) متر عدد الفوانيس(4) الحالة الفنية (جيد) قدرة الفوانيس (308) واط", "color": "#fde047"}}, {"type": "Feature", "geometry": {"type": "Point", "coordinates": [39.53717578467016, 21.35241683690872]}, "properties": {"layer": "lighting", "name": "علامة موضعية بلا عنوان", "kind": "برج", "description": "ارتفاع البرج (30) متر عدد الفوانيس(4) الحالة الفنية (جيد) قدرة الفوانيس (308) واط", "color": "#fde047"}}, {"type": "Feature", "geometry": {"type": "Point", "coordinates": [39.53597978861653, 21.35315681936252]}, "properties": {"layer": "lighting", "name": "علامة موضعية بلا عنوان", "kind": "برج", "description": "ارتفاع البرج (30) متر عدد الفوانيس(4) الحالة الفنية (جيد) قدرة الفوانيس (308) واط", "color": "#fde047"}}, {"type": "Feature", "geometry": {"type": "Point", "coordinates": [39.53483602012341, 21.35400273330201]}, "properties": {"layer": "lighting", "name": "علامة موضعية بلا عنوان", "kind": "برج", "description": "ارتفاع البرج (30) متر عدد الفوانيس(4) الحالة الفنية (جيد) قدرة الفوانيس (308) واط", "color": "#fde047"}}, {"type": "Feature", "geometry": {"type": "Point", "coordinates": [39.53379600628768, 21.35498247431764]}, "properties": {"layer": "lighting", "name": "علامة موضعية بلا عنوان", "kind": "برج", "description": "ارتفاع البرج (30) متر عدد الفوانيس(4) الحالة الفنية (جيد) قدرة الفوانيس (308) واط", "color": "#fde047"}}, {"type": "Feature", "geometry": {"type": "Point", "coordinates": [39.53288585954893, 21.35600339599582]}, "properties": {"layer": "lighting", "name": "علامة موضعية بلا عنوان", "kind": "برج", "description": "ارتفاع البرج (30) متر عدد الفوانيس(4) الحالة الفنية (جيد) قدرة الفوانيس (308) واط", "color": "#fde047"}}, {"type": "Feature", "geometry": {"type": "Point", "coordinates": [39.53208603259054, 21.35712528468008]}, "properties": {"layer": "lighting", "name": "علامة موضعية بلا عنوان", "kind": "برج", "description": "ارتفاع البرج (30) متر عدد الفوانيس(4) الحالة الفنية (جيد) قدرة الفوانيس (308) واط", "color": "#fde047"}}, {"type": "Feature", "geometry": {"type": "Point", "coordinates": [39.5313738127739, 21.35834585629273]}, "properties": {"layer": "lighting", "name": "علامة موضعية بلا عنوان", "kind": "برج", "description": "ارتفاع البرج (30) متر عدد الفوانيس(4) الحالة الفنية (جيد) قدرة الفوانيس (308) واط", "color": "#fde047"}}, {"type": "Feature", "geometry": {"type": "Point", "coordinates": [39.53077689681555, 21.35956221263612]}, "properties": {"layer": "lighting", "name": "علامة موضعية بلا عنوان", "kind": "برج", "description": "ارتفاع البرج (30) متر عدد الفوانيس(4) الحالة الفنية (جيد) قدرة الفوانيس (308) واط", "color": "#fde047"}}, {"type": "Feature", "geometry": {"type": "Point", "coordinates": [39.53019115722962, 21.36079550871525]}, "properties": {"layer": "lighting", "name": "علامة موضعية بلا عنوان", "kind": "برج", "description": "ارتفاع البرج (30) متر عدد الفوانيس(4) الحالة الفنية (جيد) قدرة الفوانيس (308) واط", "color": "#fde047"}}, {"type": "Feature", "geometry": {"type": "Point", "coordinates": [39.52960878396303, 21.36200475006145]}, "properties": {"layer": "lighting", "name": "علامة موضعية بلا عنوان", "kind": "برج", "description": "ارتفاع البرج (30) متر عدد الفوانيس(4) الحالة الفنية (جيد) قدرة الفوانيس (308) واط", "color": "#fde047"}}, {"type": "Feature", "geometry": {"type": "Point", "coordinates": [39.52901023245573, 21.36326681389033]}, "properties": {"layer": "lighting", "name": "علامة موضعية بلا عنوان", "kind": "برج", "description": "ارتفاع البرج (30) متر عدد الفوانيس(4) الحالة الفنية (جيد) قدرة الفوانيس (308) واط", "color": "#fde047"}}, {"type": "Feature", "geometry": {"type": "Point", "coordinates": [39.52839468516707, 21.36453380145668]}, "properties": {"layer": "lighting", "name": "علامة موضعية بلا عنوان", "kind": "برج", "description": "ارتفاع البرج (30) متر عدد الفوانيس(4) الحالة الفنية (جيد) قدرة الفوانيس (308) واط", "color": "#fde047"}}, {"type": "Feature", "geometry": {"type": "Point", "coordinates": [39.52771754343521, 21.3657391623007]}, "properties": {"layer": "lighting", "name": "علامة موضعية بلا عنوان", "kind": "برج", "description": "ارتفاع البرج (30) متر عدد الفوانيس(4) الحالة الفنية (جيد) قدرة الفوانيس (308) واط", "color": "#fde047"}}, {"type": "Feature", "geometry": {"type": "Point", "coordinates": [39.52696509544629, 21.36688778237758]}, "properties": {"layer": "lighting", "name": "علامة موضعية بلا عنوان", "kind": "برج", "description": "ارتفاع البرج (30) متر عدد الفوانيس(4) الحالة الفنية (جيد) قدرة الفوانيس (308) واط", "color": "#fde047"}}, {"type": "Feature", "geometry": {"type": "Point", "coordinates": [39.52612375356583, 21.36799407050095]}, "properties": {"layer": "lighting", "name": "علامة موضعية بلا عنوان", "kind": "برج", "description": "ارتفاع البرج (30) متر عدد الفوانيس(4) الحالة الفنية (جيد) قدرة الفوانيس (308) واط", "color": "#fde047"}}, {"type": "Feature", "geometry": {"type": "Point", "coordinates": [39.52518348800837, 21.36903655812823]}, "properties": {"layer": "lighting", "name": "علامة موضعية بلا عنوان", "kind": "برج", "description": "ارتفاع البرج (30) متر عدد الفوانيس(4) الحالة الفنية (جيد) قدرة الفوانيس (308) واط", "color": "#fde047"}}, {"type": "Feature", "geometry": {"type": "Point", "coordinates": [39.52420305493908, 21.37000803215023]}, "properties": {"layer": "lighting", "name": "علامة موضعية بلا عنوان", "kind": "برج", "description": "ارتفاع البرج (30) متر عدد الفوانيس(4) الحالة الفنية (جيد) قدرة الفوانيس (308) واط", "color": "#fde047"}}, {"type": "Feature", "geometry": {"type": "Point", "coordinates": [39.52312904335823, 21.37092203974242]}, "properties": {"layer": "lighting", "name": "علامة موضعية بلا عنوان", "kind": "برج", "description": "ارتفاع البرج (30) متر عدد الفوانيس(4) الحالة الفنية (جيد) قدرة الفوانيس (308) واط", "color": "#fde047"}}, {"type": "Feature", "geometry": {"type": "Point", "coordinates": [39.52199412985004, 21.37180090374438]}, "properties": {"layer": "lighting", "name": "ارتفاع البرج (30) متر عدد الفوانيس(4) الحالة الفنية (جيد) قدرة الفوانيس (308) واط", "kind": "نقطة إنارة", "description": "", "color": "#fde047"}}, {"type": "Feature", "geometry": {"type": "Point", "coordinates": [39.52088495059807, 21.37266829653735]}, "properties": {"layer": "lighting", "name": "علامة موضعية بلا عنوان", "kind": "برج", "description": "ارتفاع البرج (30) متر عدد الفوانيس(4) الحالة الفنية (جيد) قدرة الفوانيس (308) واط", "color": "#fde047"}}, {"type": "Feature", "geometry": {"type": "Point", "coordinates": [39.51977480428835, 21.3735382815357]}, "properties": {"layer": "lighting", "name": "علامة موضعية بلا عنوان", "kind": "برج", "description": "ارتفاع البرج (30) متر عدد الفوانيس(4) الحالة الفنية (جيد) قدرة الفوانيس (308) واط", "color": "#fde047"}}, {"type": "Feature", "geometry": {"type": "Point", "coordinates": [39.51868379528701, 21.37439600966081]}, "properties": {"layer": "lighting", "name": "علامة موضعية بلا عنوان", "kind": "برج", "description": "ارتفاع البرج (30) متر عدد الفوانيس(4) الحالة الفنية (جيد) قدرة الفوانيس (308) واط", "color": "#fde047"}}, {"type": "Feature", "geometry": {"type": "Point", "coordinates": [39.51756192024267, 21.37528359584747]}, "properties": {"layer": "lighting", "name": "علامة موضعية بلا عنوان", "kind": "برج", "description": "ارتفاع البرج (30) متر عدد الفوانيس(4) الحالة الفنية (جيد) قدرة الفوانيس (308) واط", "color": "#fde047"}}, {"type": "Feature", "geometry": {"type": "Point", "coordinates": [39.51643862418204, 21.37615573923226]}, "properties": {"layer": "lighting", "name": "علامة موضعية بلا عنوان", "kind": "برج", "description": "ارتفاع البرج (30) متر عدد الفوانيس(4) الحالة الفنية (جيد) قدرة الفوانيس (308) واط", "color": "#fde047"}}, {"type": "Feature", "geometry": {"type": "Point", "coordinates": [39.51534787743257, 21.37695083838059]}, "properties": {"layer": "lighting", "name": "علامة موضعية بلا عنوان", "kind": "برج", "description": "ارتفاع البرج (30) متر عدد الفوانيس(4) الحالة الفنية (جيد) قدرة الفوانيس (308) واط", "color": "#fde047"}}, {"type": "Feature", "geometry": {"type": "Point", "coordinates": [39.51410039066907, 21.37774391435107]}, "properties": {"layer": "lighting", "name": "علامة موضعية بلا عنوان", "kind": "برج", "description": "ارتفاع البرج (30) متر عدد الفوانيس(4) الحالة الفنية (جيد) قدرة الفوانيس (308) واط", "color": "#fde047"}}, {"type": "Feature", "geometry": {"type": "Point", "coordinates": [39.51284991554646, 21.37843344852773]}, "properties": {"layer": "lighting", "name": "علامة موضعية بلا عنوان", "kind": "برج", "description": "ارتفاع البرج (30) متر عدد الفوانيس(4) الحالة الفنية (جيد) قدرة الفوانيس (308) واط", "color": "#fde047"}}, {"type": "Feature", "geometry": {"type": "Point", "coordinates": [39.51154581037243, 21.37899574338255]}, "properties": {"layer": "lighting", "name": "علامة موضعية بلا عنوان", "kind": "برج", "description": "ارتفاع البرج (30) متر عدد الفوانيس(4) الحالة الفنية (جيد) قدرة الفوانيس (308) واط", "color": "#fde047"}}, {"type": "Feature", "geometry": {"type": "Point", "coordinates": [39.51019344564503, 21.37951343768313]}, "properties": {"layer": "lighting", "name": "علامة موضعية بلا عنوان", "kind": "برج", "description": "ارتفاع البرج (30) متر عدد الفوانيس(4) الحالة الفنية (جيد) قدرة الفوانيس (308) واط", "color": "#fde047"}}, {"type": "Feature", "geometry": {"type": "Point", "coordinates": [39.5088294759293, 21.37991619698859]}, "properties": {"layer": "lighting", "name": "علامة موضعية بلا عنوان", "kind": "برج", "description": "ارتفاع البرج (30) متر عدد الفوانيس(4) الحالة الفنية (جيد) قدرة الفوانيس (308) واط", "color": "#fde047"}}, {"type": "Feature", "geometry": {"type": "Point", "coordinates": [39.50738140311417, 21.38023901899557]}, "properties": {"layer": "lighting", "name": "علامة موضعية بلا عنوان", "kind": "برج", "description": "ارتفاع البرج (30) متر عدد الفوانيس(4) الحالة الفنية (جيد) قدرة الفوانيس (308) واط", "color": "#fde047"}}, {"type": "Feature", "geometry": {"type": "Point", "coordinates": [39.50595836037825, 21.38045911431288]}, "properties": {"layer": "lighting", "name": "علامة موضعية بلا عنوان", "kind": "برج", "description": "ارتفاع البرج (30) متر عدد الفوانيس(4) الحالة الفنية (جيد) قدرة الفوانيس (308) واط", "color": "#fde047"}}, {"type": "Feature", "geometry": {"type": "Point", "coordinates": [39.50451493902789, 21.3805742515694]}, "properties": {"layer": "lighting", "name": "علامة موضعية بلا عنوان", "kind": "برج", "description": "ارتفاع البرج (30) متر عدد الفوانيس(4) الحالة الفنية (جيد) قدرة الفوانيس (308) واط", "color": "#fde047"}}, {"type": "Feature", "geometry": {"type": "Point", "coordinates": [39.50305824602398, 21.38060219725108]}, "properties": {"layer": "lighting", "name": "علامة موضعية بلا عنوان", "kind": "برج", "description": "ارتفاع البرج (30) متر عدد الفوانيس(4) الحالة الفنية (جيد) قدرة الفوانيس (308) واط", "color": "#fde047"}}, {"type": "Feature", "geometry": {"type": "Point", "coordinates": [39.50160481212984, 21.38052569058016]}, "properties": {"layer": "lighting", "name": "علامة موضعية بلا عنوان", "kind": "برج", "description": "ارتفاع البرج (30) متر عدد الفوانيس(4) الحالة الفنية (جيد) قدرة الفوانيس (308) واط", "color": "#fde047"}}, {"type": "Feature", "geometry": {"type": "Point", "coordinates": [39.50016618592404, 21.3803796831027]}, "properties": {"layer": "lighting", "name": "علامة موضعية بلا عنوان", "kind": "برج", "description": "ارتفاع البرج (30) متر عدد الفوانيس(4) الحالة الفنية (جيد) قدرة الفوانيس (308) واط", "color": "#fde047"}}, {"type": "Feature", "geometry": {"type": "Point", "coordinates": [39.49873421882471, 21.38022137444987]}, "properties": {"layer": "lighting", "name": "علامة موضعية بلا عنوان", "kind": "برج", "description": "ارتفاع البرج (30) متر عدد الفوانيس(4) الحالة الفنية (جيد) قدرة الفوانيس (308) واط", "color": "#fde047"}}, {"type": "Feature", "geometry": {"type": "Point", "coordinates": [39.4972972787165, 21.3800756083524]}, "properties": {"layer": "lighting", "name": "برج", "kind": "برج", "description": "ارتفاع البرج (30) متر عدد الفوانيس(4) الحالة الفنية (جيد) قدرة الفوانيس (308) واط", "color": "#fde047"}}, {"type": "Feature", "geometry": {"type": "Point", "coordinates": [39.49584066031091, 21.37992374569231]}, "properties": {"layer": "lighting", "name": "علامة موضعية بلا عنوان", "kind": "برج", "description": "ارتفاع البرج (30) متر عدد الفوانيس(4) الحالة الفنية (جيد) قدرة الفوانيس (308) واط", "color": "#fde047"}}, {"type": "Feature", "geometry": {"type": "Point", "coordinates": [39.49439258159409, 21.37975787592986]}, "properties": {"layer": "lighting", "name": "علامة موضعية بلا عنوان", "kind": "برج", "description": "ارتفاع البرج (30) متر عدد الفوانيس(4) الحالة الفنية (جيد) قدرة الفوانيس (308) واط", "color": "#fde047"}}, {"type": "Feature", "geometry": {"type": "Point", "coordinates": [39.49295179391757, 21.37961081670749]}, "properties": {"layer": "lighting", "name": "علامة موضعية بلا عنوان", "kind": "برج", "description": "ارتفاع البرج (30) متر عدد الفوانيس(4) الحالة الفنية (جيد) قدرة الفوانيس (308) واط", "color": "#fde047"}}, {"type": "Feature", "geometry": {"type": "Point", "coordinates": [39.4915187501731, 21.3794502294083]}, "properties": {"layer": "lighting", "name": "علامة موضعية بلا عنوان", "kind": "برج", "description": "ارتفاع البرج (30) متر عدد الفوانيس(4) الحالة الفنية (جيد) قدرة الفوانيس (308) واط", "color": "#fde047"}}, {"type": "Feature", "geometry": {"type": "Point", "coordinates": [39.49007210069073, 21.37930241999445]}, "properties": {"layer": "lighting", "name": "علامة موضعية بلا عنوان", "kind": "برج", "description": "ارتفاع البرج (30) متر عدد الفوانيس(4) الحالة الفنية (جيد) قدرة الفوانيس (308) واط", "color": "#fde047"}}, {"type": "Feature", "geometry": {"type": "Point", "coordinates": [39.48864867953071, 21.37915010167555]}, "properties": {"layer": "lighting", "name": "علامة موضعية بلا عنوان", "kind": "برج", "description": "ارتفاع البرج (30) متر عدد الفوانيس(4) الحالة الفنية (جيد) قدرة الفوانيس (308) واط", "color": "#fde047"}}, {"type": "Feature", "geometry": {"type": "Point", "coordinates": [39.48718978476196, 21.3789991749347]}, "properties": {"layer": "lighting", "name": "علامة موضعية بلا عنوان", "kind": "برج", "description": "ارتفاع البرج (30) متر عدد الفوانيس(4) الحالة الفنية (جيد) قدرة الفوانيس (308) واط", "color": "#fde047"}}, {"type": "Feature", "geometry": {"type": "Point", "coordinates": [39.48576475097353, 21.37884131233716]}, "properties": {"layer": "lighting", "name": "علامة موضعية بلا عنوان", "kind": "برج", "description": "ارتفاع البرج (30) متر عدد الفوانيس(4) الحالة الفنية (جيد) قدرة الفوانيس (308) واط", "color": "#fde047"}}, {"type": "Feature", "geometry": {"type": "Point", "coordinates": [39.48431593726527, 21.37867179200761]}, "properties": {"layer": "lighting", "name": "علامة موضعية بلا عنوان", "kind": "نقطة إنارة", "description": "", "color": "#fde047"}}, {"type": "Feature", "geometry": {"type": "Point", "coordinates": [39.48287317524709, 21.37853903354004]}, "properties": {"layer": "lighting", "name": "برج", "kind": "برج", "description": "ارتفاع البرج (30) متر عدد الفوانيس(4) الحالة الفنية (جيد) قدرة الفوانيس (308) واط", "color": "#fde047"}}, {"type": "Feature", "geometry": {"type": "Point", "coordinates": [39.48144758716651, 21.37837009950508]}, "properties": {"layer": "lighting", "name": "علامة موضعية بلا عنوان", "kind": "برج", "description": "ارتفاع البرج (30) متر عدد الفوانيس(6) الحالة الفنية (جيد) قدرة الفوانيس (308) واط", "color": "#fde047"}}, {"type": "Feature", "geometry": {"type": "Point", "coordinates": [39.47998296444722, 21.37821221230606]}, "properties": {"layer": "lighting", "name": "علامة موضعية بلا عنوان", "kind": "برج", "description": "ارتفاع البرج (30) متر عدد الفوانيس(6) الحالة الفنية (جيد) قدرة الفوانيس (308) واط", "color": "#fde047"}}, {"type": "Feature", "geometry": {"type": "Point", "coordinates": [39.47855722841373, 21.37807516744782]}, "properties": {"layer": "lighting", "name": "علامة موضعية بلا عنوان", "kind": "برج", "description": "ارتفاع البرج (30) متر عدد الفوانيس(6) الحالة الفنية (جيد) قدرة الفوانيس (308) واط", "color": "#fde047"}}, {"type": "Feature", "geometry": {"type": "Point", "coordinates": [39.47759542735907, 21.37794705695289]}, "properties": {"layer": "lighting", "name": "علامة موضعية بلا عنوان", "kind": "برج", "description": "ارتفاع البرج (30) متر عدد الفوانيس(6) الحالة الفنية (جيد) قدرة الفوانيس (308) واط", "color": "#fde047"}}, {"type": "Feature", "geometry": {"type": "Point", "coordinates": [39.47612497468061, 21.37781806866583]}, "properties": {"layer": "lighting", "name": "علامة موضعية بلا عنوان", "kind": "برج", "description": "ارتفاع البرج (30) متر عدد الفوانيس(6) الحالة الفنية (جيد) قدرة الفوانيس (308) واط", "color": "#fde047"}}, {"type": "Feature", "geometry": {"type": "Point", "coordinates": [39.47470219494974, 21.37771449450661]}, "properties": {"layer": "lighting", "name": "علامة موضعية بلا عنوان", "kind": "برج", "description": "ارتفاع البرج (30) متر عدد الفوانيس(6) الحالة الفنية (جيد) قدرة الفوانيس (308) واط", "color": "#fde047"}}, {"type": "Feature", "geometry": {"type": "Point", "coordinates": [39.47323063984892, 21.37763458450198]}, "properties": {"layer": "lighting", "name": "علامة موضعية بلا عنوان", "kind": "برج", "description": "ارتفاع البرج (30) متر عدد الفوانيس(4) الحالة الفنية (جيد) قدرة الفوانيس (308) واط", "color": "#fde047"}}, {"type": "Feature", "geometry": {"type": "Point", "coordinates": [39.47178991316559, 21.37762158652372]}, "properties": {"layer": "lighting", "name": "علامة موضعية بلا عنوان", "kind": "برج", "description": "ارتفاع البرج (30) متر عدد الفوانيس(4) الحالة الفنية (جيد) قدرة الفوانيس (308) واط", "color": "#fde047"}}, {"type": "Feature", "geometry": {"type": "Point", "coordinates": [39.4703406280055, 21.37763287707485]}, "properties": {"layer": "lighting", "name": "علامة موضعية بلا عنوان", "kind": "برج", "description": "ارتفاع البرج (30) متر عدد الفوانيس(4) الحالة الفنية (جيد) قدرة الفوانيس (308) واط", "color": "#fde047"}}, {"type": "Feature", "geometry": {"type": "Point", "coordinates": [39.4688927065177, 21.37770600583714]}, "properties": {"layer": "lighting", "name": "علامة موضعية بلا عنوان", "kind": "برج", "description": "ارتفاع البرج (30) متر عدد الفوانيس(4) الحالة الفنية (جيد) قدرة الفوانيس (308) واط", "color": "#fde047"}}, {"type": "Feature", "geometry": {"type": "Point", "coordinates": [39.46742502831926, 21.37780020315488]}, "properties": {"layer": "lighting", "name": "برج", "kind": "برج", "description": "ارتفاع البرج (30) متر عدد الفوانيس(4) الحالة الفنية (جيد) قدرة الفوانيس (308) واط", "color": "#fde047"}}, {"type": "Feature", "geometry": {"type": "Point", "coordinates": [39.46601047103245, 21.37794145054609]}, "properties": {"layer": "lighting", "name": "علامة موضعية بلا عنوان", "kind": "برج", "description": "ارتفاع البرج (30) متر عدد الفوانيس(4) الحالة الفنية (جيد) قدرة الفوانيس (308) واط", "color": "#fde047"}}, {"type": "Feature", "geometry": {"type": "Point", "coordinates": [39.46455729106442, 21.37813170946067]}, "properties": {"layer": "lighting", "name": "علامة موضعية بلا عنوان", "kind": "برج", "description": "ارتفاع البرج (30) متر عدد الفوانيس(4) الحالة الفنية (جيد) قدرة الفوانيس (308) واط", "color": "#fde047"}}, {"type": "Feature", "geometry": {"type": "Point", "coordinates": [39.46315529322516, 21.37835645728959]}, "properties": {"layer": "lighting", "name": "علامة موضعية بلا عنوان", "kind": "برج", "description": "ارتفاع البرج (30) متر عدد الفوانيس(4) الحالة الفنية (جيد) قدرة الفوانيس (308) واط", "color": "#fde047"}}, {"type": "Feature", "geometry": {"type": "Point", "coordinates": [39.46172610561018, 21.37862942598398]}, "properties": {"layer": "lighting", "name": "علامة موضعية بلا عنوان", "kind": "برج", "description": "ارتفاع البرج (30) متر عدد الفوانيس(4) الحالة الفنية (جيد) قدرة الفوانيس (308) واط", "color": "#fde047"}}, {"type": "Feature", "geometry": {"type": "Point", "coordinates": [39.46029391411682, 21.37893283525538]}, "properties": {"layer": "lighting", "name": "علامة موضعية بلا عنوان", "kind": "برج", "description": "ارتفاع البرج (30) متر عدد الفوانيس(4) الحالة الفنية (جيد) قدرة الفوانيس (308) واط", "color": "#fde047"}}, {"type": "Feature", "geometry": {"type": "Point", "coordinates": [39.45888718099931, 21.37928140879033]}, "properties": {"layer": "lighting", "name": "علامة موضعية بلا عنوان", "kind": "برج", "description": "ارتفاع البرج (30) متر عدد الفوانيس(4) الحالة الفنية (جيد) قدرة الفوانيس (308) واط", "color": "#fde047"}}, {"type": "Feature", "geometry": {"type": "Point", "coordinates": [39.45752778510098, 21.37969723756934]}, "properties": {"layer": "lighting", "name": "علامة موضعية بلا عنوان", "kind": "برج", "description": "ارتفاع البرج (30) متر عدد الفوانيس(4) الحالة الفنية (جيد) قدرة الفوانيس (308) واط", "color": "#fde047"}}, {"type": "Feature", "geometry": {"type": "Point", "coordinates": [39.4561543976525, 21.38011368272196]}, "properties": {"layer": "lighting", "name": "علامة موضعية بلا عنوان", "kind": "برج", "description": "ارتفاع البرج (30) متر عدد الفوانيس(4) الحالة الفنية (جيد) قدرة الفوانيس (308) واط", "color": "#fde047"}}, {"type": "Feature", "geometry": {"type": "Point", "coordinates": [39.45476559353443, 21.38058210809895]}, "properties": {"layer": "lighting", "name": "برج", "kind": "برج", "description": "ارتفاع البرج (30) متر عدد الفوانيس(4) الحالة الفنية (جيد) قدرة الفوانيس (308) واط", "color": "#fde047"}}, {"type": "Feature", "geometry": {"type": "Point", "coordinates": [39.45342639452386, 21.38109782208567]}, "properties": {"layer": "lighting", "name": "برج", "kind": "برج", "description": "ارتفاع البرج (30) متر عدد الفوانيس(4) الحالة الفنية (جيد) قدرة الفوانيس (308) واط", "color": "#fde047"}}, {"type": "Feature", "geometry": {"type": "Point", "coordinates": [39.45232051947413, 21.38154617025243]}, "properties": {"layer": "lighting", "name": "علامة موضعية بلا عنوان", "kind": "برج", "description": "ارتفاع البرج (30) متر عدد الفوانيس(4) الحالة الفنية (جيد) قدرة الفوانيس (308) واط", "color": "#fde047"}}, {"type": "Feature", "geometry": {"type": "Point", "coordinates": [39.45118331280851, 21.38203846335798]}, "properties": {"layer": "lighting", "name": "برج", "kind": "برج", "description": "ارتفاع البرج (30) متر عدد الفوانيس(4) الحالة الفنية (جيد) قدرة الفوانيس (308) واط", "color": "#fde047"}}, {"type": "Feature", "geometry": {"type": "Point", "coordinates": [39.45008226943024, 21.38253153209414]}, "properties": {"layer": "lighting", "name": "برج", "kind": "برج", "description": "ارتفاع البرج (30) متر عدد الفوانيس(4) الحالة الفنية (جيد) قدرة الفوانيس (308) واط", "color": "#fde047"}}, {"type": "Feature", "geometry": {"type": "Point", "coordinates": [39.44902335004476, 21.38304667410735]}, "properties": {"layer": "lighting", "name": "برج", "kind": "برج", "description": "ارتفاع البرج (30) متر عدد الفوانيس(4) الحالة الفنية (جيد) قدرة الفوانيس (308) واط", "color": "#fde047"}}, {"type": "Feature", "geometry": {"type": "Point", "coordinates": [39.44750262094116, 21.38375176797309]}, "properties": {"layer": "lighting", "name": "برج", "kind": "برج", "description": "ارتفاع البرج (30) متر عدد الفوانيس(4) الحالة الفنية (جيد) قدرة الفوانيس (308) واط", "color": "#fde047"}}, {"type": "Feature", "geometry": {"type": "Point", "coordinates": [39.44647165343591, 21.38423146058743]}, "properties": {"layer": "lighting", "name": "برج", "kind": "برج", "description": "ارتفاع البرج (30) متر عدد الفوانيس(4) الحالة الفنية (جيد) قدرة الفوانيس (308) واط", "color": "#fde047"}}, {"type": "Feature", "geometry": {"type": "Point", "coordinates": [39.44536094856601, 21.38475256389199]}, "properties": {"layer": "lighting", "name": "برج", "kind": "برج", "description": "ارتفاع البرج (30) متر عدد الفوانيس(4) الحالة الفنية (جيد) قدرة الفوانيس (308) واط", "color": "#fde047"}}, {"type": "Feature", "geometry": {"type": "Point", "coordinates": [39.44423024379964, 21.38527372804655]}, "properties": {"layer": "lighting", "name": "برج", "kind": "برج", "description": "ارتفاع البرج (30) متر عدد الفوانيس(4) الحالة الفنية (جيد) قدرة الفوانيس (308) واط", "color": "#fde047"}}, {"type": "Feature", "geometry": {"type": "Point", "coordinates": [39.44298323605917, 21.38587760902293]}, "properties": {"layer": "lighting", "name": "برج", "kind": "برج", "description": "ارتفاع البرج (30) متر عدد الفوانيس(4) الحالة الفنية (جيد) قدرة الفوانيس (308) واط", "color": "#fde047"}}, {"type": "Feature", "geometry": {"type": "Point", "coordinates": [39.44167755879628, 21.38648486750524]}, "properties": {"layer": "lighting", "name": "برج", "kind": "برج", "description": "ارتفاع البرج (30) متر عدد الفوانيس(4) الحالة الفنية (جيد) قدرة الفوانيس (308) واط", "color": "#fde047"}}, {"type": "Feature", "geometry": {"type": "Point", "coordinates": [39.44037070023403, 21.38707360707503]}, "properties": {"layer": "lighting", "name": "برج", "kind": "برج", "description": "ارتفاع البرج (30) متر عدد الفوانيس(4) الحالة الفنية (جيد) قدرة الفوانيس (308) واط", "color": "#fde047"}}, {"type": "Feature", "geometry": {"type": "Point", "coordinates": [39.43900370177073, 21.38754833443319]}, "properties": {"layer": "lighting", "name": "علامة موضعية بلا عنوان", "kind": "برج", "description": "ارتفاع البرج (30) متر عدد الفوانيس(4) الحالة الفنية (جيد) قدرة الفوانيس (308) واط", "color": "#fde047"}}, {"type": "Feature", "geometry": {"type": "Point", "coordinates": [39.43762250405941, 21.38799026244341]}, "properties": {"layer": "lighting", "name": "علامة موضعية بلا عنوان", "kind": "برج", "description": "ارتفاع البرج (30) متر عدد الفوانيس(4) الحالة الفنية (جيد) قدرة الفوانيس (308) واط", "color": "#fde047"}}, {"type": "Feature", "geometry": {"type": "Point", "coordinates": [39.4362202002143, 21.38834254818551]}, "properties": {"layer": "lighting", "name": "علامة موضعية بلا عنوان", "kind": "برج", "description": "ارتفاع البرج (30) متر عدد الفوانيس(4) الحالة الفنية (جيد) قدرة الفوانيس (308) واط", "color": "#fde047"}}, {"type": "Feature", "geometry": {"type": "Point", "coordinates": [39.43480866989961, 21.38862253817187]}, "properties": {"layer": "lighting", "name": "علامة موضعية بلا عنوان", "kind": "برج", "description": "ارتفاع البرج (30) متر عدد الفوانيس(4) الحالة الفنية (جيد) قدرة الفوانيس (308) واط", "color": "#fde047"}}, {"type": "Feature", "geometry": {"type": "Point", "coordinates": [39.43339317354616, 21.38880887519372]}, "properties": {"layer": "lighting", "name": "علامة موضعية بلا عنوان", "kind": "برج", "description": "ارتفاع البرج (30) متر عدد الفوانيس(4) الحالة الفنية (جيد) قدرة الفوانيس (308) واط", "color": "#fde047"}}, {"type": "Feature", "geometry": {"type": "Point", "coordinates": [39.43204830904597, 21.38891733242568]}, "properties": {"layer": "lighting", "name": "برج", "kind": "برج", "description": "ارتفاع البرج (30) متر عدد الفوانيس(4) الحالة الفنية (جيد) قدرة الفوانيس (308) واط", "color": "#fde047"}}, {"type": "Feature", "geometry": {"type": "Point", "coordinates": [39.43047685833526, 21.38895214169826]}, "properties": {"layer": "lighting", "name": "برج", "kind": "برج", "description": "ارتفاع البرج (30) متر عدد الفوانيس(6) الحالة الفنية (جيد) قدرة الفوانيس (308) واط", "color": "#fde047"}}, {"type": "Feature", "geometry": {"type": "Point", "coordinates": [39.42904024881541, 21.38895924331986]}, "properties": {"layer": "lighting", "name": "برج", "kind": "برج", "description": "ارتفاع البرج (30) متر عدد الفوانيس(6) الحالة الفنية (جيد) قدرة الفوانيس (308) واط", "color": "#fde047"}}, {"type": "Feature", "geometry": {"type": "Point", "coordinates": [39.42759421607708, 21.38898278049362]}, "properties": {"layer": "lighting", "name": "علامة موضعية بلا عنوان", "kind": "برج", "description": "ارتفاع البرج (30) متر عدد الفوانيس(6) الحالة الفنية (جيد) قدرة الفوانيس (308) واط", "color": "#fde047"}}, {"type": "Feature", "geometry": {"type": "Point", "coordinates": [39.78393329392893, 21.42349456330867]}, "properties": {"layer": "lighting", "name": "علامة موضعية بلا عنوان", "kind": "برج", "description": "ارتفاع البرج (30) متر عدد الفوانيس(6) الحالة الفنية (جديد) قدرة الفوانيس (308) واط", "color": "#fde047"}}, {"type": "Feature", "geometry": {"type": "Point", "coordinates": [39.78523509471758, 21.42413267070685]}, "properties": {"layer": "lighting", "name": "علامة موضعية بلا عنوان", "kind": "برج", "description": "ارتفاع البرج (30) متر عدد الفوانيس(6) الحالة الفنية (جديد) قدرة الفوانيس (308) واط", "color": "#fde047"}}, {"type": "Feature", "geometry": {"type": "Point", "coordinates": [39.78600043803954, 21.42442171284843]}, "properties": {"layer": "lighting", "name": "برج", "kind": "برج", "description": "ارتفاع البرج (30) متر عدد الفوانيس(8) الحالة الفنية (جيد)", "color": "#fde047"}}, {"type": "Feature", "geometry": {"type": "Point", "coordinates": [39.78685141641441, 21.42465598993279]}, "properties": {"layer": "lighting", "name": "علامة موضعية بلا عنوان", "kind": "برج", "description": "ارتفاع البرج (30) متر عدد الفوانيس(8) الحالة الفنية (جيد)", "color": "#fde047"}}, {"type": "Feature", "geometry": {"type": "Point", "coordinates": [39.78858857133664, 21.42482247601916]}, "properties": {"layer": "lighting", "name": "علامة موضعية بلا عنوان", "kind": "برج", "description": "ارتفاع البرج (30) متر عدد الفوانيس(8) الحالة الفنية (جيد)", "color": "#fde047"}}, {"type": "Feature", "geometry": {"type": "Point", "coordinates": [39.78769552152234, 21.42478619166049]}, "properties": {"layer": "lighting", "name": "علامة موضعية بلا عنوان", "kind": "برج", "description": "ارتفاع البرج (30) متر عدد الفوانيس(8) الحالة الفنية (جيد)", "color": "#fde047"}}, {"type": "Feature", "geometry": {"type": "Point", "coordinates": [39.78926034472867, 21.42440974636621]}, "properties": {"layer": "lighting", "name": "علامة موضعية بلا عنوان", "kind": "برج", "description": "ارتفاع البرج (30) متر عدد الفوانيس(8) الحالة الفنية (جيد)", "color": "#fde047"}}, {"type": "Feature", "geometry": {"type": "Point", "coordinates": [39.78922877578984, 21.42519058288632]}, "properties": {"layer": "lighting", "name": "علامة موضعية بلا عنوان", "kind": "برج", "description": "ارتفاع البرج (30) متر عدد الفوانيس(8) الحالة الفنية (جيد)", "color": "#fde047"}}, {"type": "Feature", "geometry": {"type": "Point", "coordinates": [39.78995896315779, 21.42514448065386]}, "properties": {"layer": "lighting", "name": "علامة موضعية بلا عنوان", "kind": "برج", "description": "ارتفاع البرج (30) متر عدد الفوانيس(8) الحالة الفنية (جيد)", "color": "#fde047"}}, {"type": "Feature", "geometry": {"type": "Point", "coordinates": [39.79089124215546, 21.42475302785797]}, "properties": {"layer": "lighting", "name": "علامة موضعية بلا عنوان", "kind": "برج", "description": "ارتفاع البرج (30) متر عدد الفوانيس(8) الحالة الفنية (جيد)", "color": "#fde047"}}, {"type": "Feature", "geometry": {"type": "Point", "coordinates": [39.79095621609515, 21.42409494649095]}, "properties": {"layer": "lighting", "name": "علامة موضعية بلا عنوان", "kind": "برج", "description": "ارتفاع البرج (30) متر عدد الفوانيس(8) الحالة الفنية (جيد)", "color": "#fde047"}}, {"type": "Feature", "geometry": {"type": "Point", "coordinates": [39.79173684542273, 21.42469927654497]}, "properties": {"layer": "lighting", "name": "علامة موضعية بلا عنوان", "kind": "برج", "description": "ارتفاع البرج (30) متر عدد الفوانيس(8) الحالة الفنية (جيد)", "color": "#fde047"}}, {"type": "Feature", "geometry": {"type": "Point", "coordinates": [39.79022411012122, 21.42429482208675]}, "properties": {"layer": "lighting", "name": "علامة موضعية بلا عنوان", "kind": "برج", "description": "ارتفاع البرج (30) متر عدد الفوانيس(8) الحالة الفنية (جيد)", "color": "#fde047"}}, {"type": "Feature", "geometry": {"type": "Point", "coordinates": [39.79252235115544, 21.42475434749031]}, "properties": {"layer": "lighting", "name": "علامة موضعية بلا عنوان", "kind": "برج", "description": "ارتفاع البرج (30) متر عدد الفوانيس(8) الحالة الفنية (جيد)", "color": "#fde047"}}, {"type": "Feature", "geometry": {"type": "Point", "coordinates": [39.62267315825404, 21.35108286729894]}, "properties": {"layer": "lighting", "name": "علامة موضعية بلا عنوان", "kind": "برج", "description": "ارتفاع البرج (30) متر عدد الفوانيس(6) الحالة الفنية (جيد) قدرة الفوانيس (308) واط", "color": "#fde047"}}, {"type": "Feature", "geometry": {"type": "Point", "coordinates": [39.62209149532386, 21.35337781156854]}, "properties": {"layer": "lighting", "name": "علامة موضعية بلا عنوان", "kind": "برج", "description": "ارتفاع البرج (30) متر عدد الفوانيس(6) الحالة الفنية (جيد) قدرة الفوانيس (308) واط", "color": "#fde047"}}, {"type": "Feature", "geometry": {"type": "Point", "coordinates": [39.62000583970325, 21.35103292691539]}, "properties": {"layer": "lighting", "name": "علامة موضعية بلا عنوان", "kind": "برج", "description": "ارتفاع البرج (30) متر عدد الفوانيس(6) الحالة الفنية (جيد) قدرة الفوانيس (308) واط", "color": "#fde047"}}, {"type": "Feature", "geometry": {"type": "Point", "coordinates": [39.62044221317518, 21.35299745644119]}, "properties": {"layer": "lighting", "name": "علامة موضعية بلا عنوان", "kind": "برج", "description": "ارتفاع البرج (30) متر عدد الفوانيس(6) الحالة الفنية (جيد) قدرة الفوانيس (308) واط", "color": "#fde047"}}, {"type": "Feature", "geometry": {"type": "Point", "coordinates": [39.81994878749992, 21.42343238543107]}, "properties": {"layer": "lighting", "name": "علامة موضعية بلا عنوان", "kind": "برج", "description": "ارتفاع البرج (30) متر عدد الفوانيس(6) الحالة الفنية (جيد)", "color": "#fde047"}}, {"type": "Feature", "geometry": {"type": "Point", "coordinates": [39.71194712982003, 21.39708689039972]}, "properties": {"layer": "lighting", "name": "علامة موضعية بلا عنوان", "kind": "برج", "description": "ارتفاع البرج (30) متر عدد الفوانيس(6) الحالة الفنية (جيد) قدرة الفوانيس (308) واط", "color": "#fde047"}}, {"type": "Feature", "geometry": {"type": "Point", "coordinates": [39.75478177395657, 21.4132686438716]}, "properties": {"layer": "lighting", "name": "شركة مقاول اول للمقاولات", "kind": "نقطة إنارة", "description": "شركة مقاول اول للمقاولات SHAPE Point المستخدم المنشئ شركة مقاول اول للمقاولات تاريخ الإنشاء 20/07/25 تاريخ التعديل 20/07/25 آخر مستخدم شركة مقاول اول للمقاولات الرقم فترة الصلاحية 5 تاريخ التركيب 10/11/24 تاريخ انتهاء الخدمة 10/11/29 بلد المنشأ المملكة العربية السعودية عدد الشوارع المغذاه حجم الفاصل 200 قدرة تحمل التيار 200 A مادة الصنع steel قيمة الجهد القصوى التي يستطيع تحملها 433V الأمانة مكة المكرمة البلدية الشوقيه الحى حي الملك فهد Docx طريق الأمير محمد بن سلمان.pdf Cordinat_X 578227.2886 Cordinat_Y 2368074.4523 ملاحظات توريد لوحة توزيع قدرة 100 امبير (3أوجه) توريد لوحة توزيع قدرة 200 امبير (3أوجه) 1 توريد خرسانة مسلحة لزوم قواعد الاعمدة والابراج ولوحات التوزيع وبتر العدادات دهان وتامين ملصق ترقيم للوحات والاعمدة والابراج توريد وتركيب أرضي فني عام للوحة التوزيع 1 أجور تركيب لوحة توزيع 1 أجور توريد وتركيب بترة مع شبك حديد توريد وتمديد كيبل مسلح (XLPE) مقاس 4×95 مم2 ]]>", "color": "#fde047"}}, {"type": "Feature", "geometry": {"type": "Point", "coordinates": [39.72783787994644, 21.41201698228048]}, "properties": {"layer": "lighting", "name": "شركة مقاول اول للمقاولات", "kind": "نقطة إنارة", "description": "شركة مقاول اول للمقاولات SHAPE Point المستخدم المنشئ شركة مقاول اول للمقاولات تاريخ الإنشاء 20/07/25 تاريخ التعديل 20/07/25 آخر مستخدم شركة مقاول اول للمقاولات الرقم فترة الصلاحية 5 تاريخ التركيب 10/11/24 تاريخ انتهاء الخدمة 10/11/29 بلد المنشأ المملكة العربية السعودية عدد الشوارع المغذاه حجم الفاصل 200 قدرة تحمل التيار 200 A مادة الصنع steel قيمة الجهد القصوى التي يستطيع تحملها 433V الأمانة مكة المكرمة البلدية الشوقيه الحى حي الملك فهد Docx طريق الأمير محمد بن سلمان.pdf Cordinat_X 575435.2921 Cordinat_Y 2367922.7202 ملاحظات توريد لوحة توزيع قدرة 100 امبير (3أوجه) توريد لوحة توزيع قدرة 200 امبير (3أوجه) 1 توريد خرسانة مسلحة لزوم قواعد الاعمدة والابراج ولوحات التوزيع وبتر العدادات دهان وتامين ملصق ترقيم للوحات والاعمدة والابراج توريد وتركيب أرضي فني عام للوحة التوزيع 1 أجور تركيب لوحة توزيع 1 أجور توريد وتركيب بترة مع شبك حديد توريد وتمديد كيبل مسلح (XLPE) مقاس 4×95 مم2 ]]>", "color": "#fde047"}}, {"type": "Feature", "geometry": {"type": "Point", "coordinates": [39.71528806198878, 21.400719279066]}, "properties": {"layer": "lighting", "name": "شركة مقاول اول للمقاولات", "kind": "نقطة إنارة", "description": "شركة مقاول اول للمقاولات SHAPE Point المستخدم المنشئ شركة مقاول اول للمقاولات تاريخ الإنشاء 20/07/25 تاريخ التعديل 20/07/25 آخر مستخدم شركة مقاول اول للمقاولات الرقم فترة الصلاحية 5 تاريخ التركيب 10/11/24 تاريخ انتهاء الخدمة 10/11/29 بلد المنشأ المملكة العربية السعودية عدد الشوارع المغذاه حجم الفاصل 200 قدرة تحمل التيار 200 A مادة الصنع steel قيمة الجهد القصوى التي يستطيع تحملها 433V الأمانة مكة المكرمة البلدية الشوقيه الحى حي الملك فهد Docx طريق الأمير محمد بن سلمان.pdf Cordinat_X 574140.2392 Cordinat_Y 2366666.2597 ملاحظات توريد لوحة توزيع قدرة 100 امبير (3أوجه) توريد لوحة توزيع قدرة 200 امبير (3أوجه) 1 توريد خرسانة مسلحة لزوم قواعد الاعمدة والابراج ولوحات التوزيع وبتر العدادات دهان وتامين ملصق ترقيم للوحات والاعمدة والابراج توريد وتركيب أرضي فني عام للوحة التوزيع 1 أجور تركيب لوحة توزيع 1 أجور توريد وتركيب بترة مع شبك حديد توريد وتمديد كيبل مسلح (XLPE) مقاس 4×95 مم2 ]]>", "color": "#fde047"}}, {"type": "Feature", "geometry": {"type": "Point", "coordinates": [39.74229827005619, 21.41087119063636]}, "properties": {"layer": "lighting", "name": "شركة مقاول اول للمقاولات", "kind": "نقطة إنارة", "description": "شركة مقاول اول للمقاولات SHAPE Point المستخدم المنشئ شركة مقاول اول للمقاولات تاريخ الإنشاء 20/07/25 تاريخ التعديل 20/07/25 آخر مستخدم شركة مقاول اول للمقاولات الرقم فترة الصلاحية 5 تاريخ التركيب 10/11/24 تاريخ انتهاء الخدمة 10/11/29 بلد المنشأ المملكة العربية السعودية عدد الشوارع المغذاه حجم الفاصل 200 قدرة تحمل التيار 200 A مادة الصنع steel قيمة الجهد القصوى التي يستطيع تحملها 433V الأمانة مكة المكرمة البلدية الشوقيه الحى حي الملك فهد Docx طريق الأمير محمد بن سلمان.pdf Cordinat_X 576934.6713 Cordinat_Y 2367802.9184 ملاحظات توريد لوحة توزيع قدرة 100 امبير (3أوجه) توريد لوحة توزيع قدرة 200 امبير (3أوجه) 1 توريد خرسانة مسلحة لزوم قواعد الاعمدة والابراج ولوحات التوزيع وبتر العدادات دهان وتامين ملصق ترقيم للوحات والاعمدة والابراج توريد وتركيب أرضي فني عام للوحة التوزيع 1 أجور تركيب لوحة توزيع 1 أجور توريد وتركيب بترة مع شبك حديد توريد وتمديد كيبل مسلح (XLPE) مقاس 4×95 مم2 ]]>", "color": "#fde047"}}, {"type": "Feature", "geometry": {"type": "Point", "coordinates": [39.76683974377016, 21.41390040277205]}, "properties": {"layer": "lighting", "name": "شركة مقاول اول للمقاولات", "kind": "نقطة إنارة", "description": "شركة مقاول اول للمقاولات SHAPE Point المستخدم المنشئ شركة مقاول اول للمقاولات تاريخ الإنشاء 20/07/25 تاريخ التعديل 20/07/25 آخر مستخدم شركة مقاول اول للمقاولات الرقم فترة الصلاحية 5 تاريخ التركيب 10/11/24 تاريخ انتهاء الخدمة 10/11/29 بلد المنشأ المملكة العربية السعودية عدد الشوارع المغذاه حجم الفاصل 200 قدرة تحمل التيار 200 A مادة الصنع steel قيمة الجهد القصوى التي يستطيع تحملها 433V الأمانة مكة المكرمة البلدية الشوقيه الحى حي الملك فهد Docx طريق الأمير محمد بن سلمان.pdf Cordinat_X 579476.7168 Cordinat_Y 2368150.438 ملاحظات توريد لوحة توزيع قدرة 100 امبير (3أوجه) توريد لوحة توزيع قدرة 200 امبير (3أوجه) 1 توريد خرسانة مسلحة لزوم قواعد الاعمدة والابراج ولوحات التوزيع وبتر العدادات دهان وتامين ملصق ترقيم للوحات والاعمدة والابراج توريد وتركيب أرضي فني عام للوحة التوزيع 1 أجور تركيب لوحة توزيع 1 أجور توريد وتركيب بترة مع شبك حديد توريد وتمديد كيبل مسلح (XLPE) مقاس 4×95 مم2 ]]>", "color": "#fde047"}}, {"type": "Feature", "geometry": {"type": "Point", "coordinates": [39.78172618963148, 21.42168948410292]}, "properties": {"layer": "lighting", "name": "شركة مقاول اول للمقاولات", "kind": "نقطة إنارة", "description": "شركة مقاول اول للمقاولات SHAPE Point المستخدم المنشئ شركة مقاول اول للمقاولات تاريخ الإنشاء 20/07/25 تاريخ التعديل 20/07/25 آخر مستخدم شركة مقاول اول للمقاولات الرقم فترة الصلاحية 5 تاريخ التركيب 10/11/24 تاريخ انتهاء الخدمة 10/11/29 بلد المنشأ المملكة العربية السعودية عدد الشوارع المغذاه حجم الفاصل 200 قدرة تحمل التيار 200 A مادة الصنع steel قيمة الجهد القصوى التي يستطيع تحملها 433V الأمانة مكة المكرمة البلدية الشوقيه الحى حي الملك فهد Docx طريق الأمير محمد بن سلمان.pdf Cordinat_X 581015.3505 Cordinat_Y 2369020.192 ملاحظات توريد لوحة توزيع قدرة 100 امبير (3أوجه) توريد لوحة توزيع قدرة 200 امبير (3أوجه) 1 توريد خرسانة مسلحة لزوم قواعد الاعمدة والابراج ولوحات التوزيع وبتر العدادات دهان وتامين ملصق ترقيم للوحات والاعمدة والابراج توريد وتركيب أرضي فني عام للوحة التوزيع 1 أجور تركيب لوحة توزيع 1 أجور توريد وتركيب بترة مع شبك حديد توريد وتمديد كيبل مسلح (XLPE) مقاس 4×95 مم2 ]]>", "color": "#fde047"}}, {"type": "Feature", "geometry": {"type": "Point", "coordinates": [39.78255475932364, 21.42262356277191]}, "properties": {"layer": "lighting", "name": "ادارة تشغيل وصيانة الانارة", "kind": "برج", "description": "ارتفاع البرج (30) متر عدد الفوانيس(6) الحالة الفنية (جديد) قدرة الفوانيس (308) واط", "color": "#fde047"}}, {"type": "Feature", "geometry": {"type": "Point", "coordinates": [39.78157331159057, 21.42196915080421]}, "properties": {"layer": "lighting", "name": "ادارة تشغيل وصيانة الانارة", "kind": "برج", "description": "ارتفاع البرج (30) متر عدد الفوانيس(6) الحالة الفنية (جديد) قدرة الفوانيس (308) واط", "color": "#fde047"}}, {"type": "Feature", "geometry": {"type": "Point", "coordinates": [39.78086348445876, 21.42147783128717]}, "properties": {"layer": "lighting", "name": "ادارة تشغيل وصيانة الانارة", "kind": "برج", "description": "ارتفاع البرج (30) متر عدد الفوانيس(6) الحالة الفنية (جديد) قدرة الفوانيس (308) واط", "color": "#fde047"}}, {"type": "Feature", "geometry": {"type": "Point", "coordinates": [39.78015423032024, 21.42098577956252]}, "properties": {"layer": "lighting", "name": "ادارة تشغيل وصيانة الانارة", "kind": "برج", "description": "ارتفاع البرج (30) متر عدد الفوانيس(6) الحالة الفنية (جديد) قدرة الفوانيس (308) واط", "color": "#fde047"}}, {"type": "Feature", "geometry": {"type": "Point", "coordinates": [39.77941190732605, 21.42048133943345]}, "properties": {"layer": "lighting", "name": "ادارة تشغيل وصيانة الانارة", "kind": "برج", "description": "ارتفاع البرج (30) متر عدد الفوانيس(6) الحالة الفنية (جديد) قدرة الفوانيس (308) واط", "color": "#fde047"}}, {"type": "Feature", "geometry": {"type": "Point", "coordinates": [39.77866953954075, 21.41997695930363]}, "properties": {"layer": "lighting", "name": "ادارة تشغيل وصيانة الانارة", "kind": "برج", "description": "ارتفاع البرج (30) متر عدد الفوانيس(6) الحالة الفنية (جديد) قدرة الفوانيس (308) واط", "color": "#fde047"}}, {"type": "Feature", "geometry": {"type": "Point", "coordinates": [39.77792712121784, 21.41947264733044]}, "properties": {"layer": "lighting", "name": "ادارة تشغيل وصيانة الانارة", "kind": "برج", "description": "ارتفاع البرج (30) متر عدد الفوانيس(6) الحالة الفنية (جديد) قدرة الفوانيس (308) واط", "color": "#fde047"}}, {"type": "Feature", "geometry": {"type": "Point", "coordinates": [39.77718480089146, 21.41896821129123]}, "properties": {"layer": "lighting", "name": "ادارة تشغيل وصيانة الانارة", "kind": "برج", "description": "ارتفاع البرج (30) متر عدد الفوانيس(6) الحالة الفنية (جديد) قدرة الفوانيس (308) واط", "color": "#fde047"}}, {"type": "Feature", "geometry": {"type": "Point", "coordinates": [39.77644298010645, 21.41846313525851]}, "properties": {"layer": "lighting", "name": "ادارة تشغيل وصيانة الانارة", "kind": "برج", "description": "ارتفاع البرج (30) متر عدد الفوانيس(6) الحالة الفنية (جديد) قدرة الفوانيس (308) واط", "color": "#fde047"}}, {"type": "Feature", "geometry": {"type": "Point", "coordinates": [39.7757013924557, 21.41795776288322]}, "properties": {"layer": "lighting", "name": "ادارة تشغيل وصيانة الانارة", "kind": "برج", "description": "ارتفاع البرج (30) متر عدد الفوانيس(6) الحالة الفنية (جديد) قدرة الفوانيس (308) واط", "color": "#fde047"}}, {"type": "Feature", "geometry": {"type": "Point", "coordinates": [39.77496020564061, 21.41745187656269]}, "properties": {"layer": "lighting", "name": "ادارة تشغيل وصيانة الانارة", "kind": "برج", "description": "ارتفاع البرج (30) متر عدد الفوانيس(6) الحالة الفنية (جديد) قدرة الفوانيس (308) واط", "color": "#fde047"}}, {"type": "Feature", "geometry": {"type": "Point", "coordinates": [39.77421913505789, 21.41694584622872]}, "properties": {"layer": "lighting", "name": "ادارة تشغيل وصيانة الانارة", "kind": "برج", "description": "ارتفاع البرج (30) متر عدد الفوانيس(6) الحالة الفنية (جديد) قدرة الفوانيس (308) واط", "color": "#fde047"}}, {"type": "Feature", "geometry": {"type": "Point", "coordinates": [39.77346232803787, 21.41646084626067]}, "properties": {"layer": "lighting", "name": "ادارة تشغيل وصيانة الانارة", "kind": "برج", "description": "ارتفاع البرج (30) متر عدد الفوانيس(6) الحالة الفنية (جديد) قدرة الفوانيس (308) واط", "color": "#fde047"}}, {"type": "Feature", "geometry": {"type": "Point", "coordinates": [39.77268247479229, 21.4160093435735]}, "properties": {"layer": "lighting", "name": "ادارة تشغيل وصيانة الانارة", "kind": "برج", "description": "ارتفاع البرج (30) متر عدد الفوانيس(6) الحالة الفنية (جديد) قدرة الفوانيس (308) واط", "color": "#fde047"}}, {"type": "Feature", "geometry": {"type": "Point", "coordinates": [39.77187298066969, 21.41560663761213]}, "properties": {"layer": "lighting", "name": "ادارة تشغيل وصيانة الانارة", "kind": "برج", "description": "ارتفاع البرج (30) متر عدد الفوانيس(6) الحالة الفنية (جديد) قدرة الفوانيس (308) واط", "color": "#fde047"}}, {"type": "Feature", "geometry": {"type": "Point", "coordinates": [39.77103300915639, 21.4152623997435]}, "properties": {"layer": "lighting", "name": "ادارة تشغيل وصيانة الانارة", "kind": "برج", "description": "ارتفاع البرج (30) متر عدد الفوانيس(6) الحالة الفنية (جديد) قدرة الفوانيس (308) واط", "color": "#fde047"}}, {"type": "Feature", "geometry": {"type": "Point", "coordinates": [39.77017519688145, 21.41495880762267]}, "properties": {"layer": "lighting", "name": "ادارة تشغيل وصيانة الانارة", "kind": "برج", "description": "ارتفاع البرج (30) متر عدد الفوانيس(6) الحالة الفنية (جديد) قدرة الفوانيس (308) واط", "color": "#fde047"}}, {"type": "Feature", "geometry": {"type": "Point", "coordinates": [39.76929660895416, 21.41471239966306]}, "properties": {"layer": "lighting", "name": "ادارة تشغيل وصيانة الانارة", "kind": "برج", "description": "ارتفاع البرج (30) متر عدد الفوانيس(6) الحالة الفنية (جديد) قدرة الفوانيس (308) واط", "color": "#fde047"}}, {"type": "Feature", "geometry": {"type": "Point", "coordinates": [39.76840696591231, 21.41450655791293]}, "properties": {"layer": "lighting", "name": "ادارة تشغيل وصيانة الانارة", "kind": "برج", "description": "ارتفاع البرج (30) متر عدد الفوانيس(6) الحالة الفنية (جديد) قدرة الفوانيس (308) واط", "color": "#fde047"}}, {"type": "Feature", "geometry": {"type": "Point", "coordinates": [39.76750393225497, 21.41435736547955]}, "properties": {"layer": "lighting", "name": "ادارة تشغيل وصيانة الانارة", "kind": "برج", "description": "ارتفاع البرج (30) متر عدد الفوانيس(6) الحالة الفنية (جديد) قدرة الفوانيس (308) واط", "color": "#fde047"}}, {"type": "Feature", "geometry": {"type": "Point", "coordinates": [39.76659165679607, 21.414270951247]}, "properties": {"layer": "lighting", "name": "ادارة تشغيل وصيانة الانارة", "kind": "برج", "description": "ارتفاع البرج (30) متر عدد الفوانيس(6) الحالة الفنية (جديد) قدرة الفوانيس (308) واط", "color": "#fde047"}}, {"type": "Feature", "geometry": {"type": "Point", "coordinates": [39.76567599028654, 21.4142218161831]}, "properties": {"layer": "lighting", "name": "ادارة تشغيل وصيانة الانارة", "kind": "برج", "description": "ارتفاع البرج (30) متر عدد الفوانيس(6) الحالة الفنية (جديد) قدرة الفوانيس (308) واط", "color": "#fde047"}}, {"type": "Feature", "geometry": {"type": "Point", "coordinates": [39.76475955882942, 21.41418745117968]}, "properties": {"layer": "lighting", "name": "ادارة تشغيل وصيانة الانارة", "kind": "برج", "description": "ارتفاع البرج (30) متر عدد الفوانيس(6) الحالة الفنية (جديد) قدرة الفوانيس (308) واط", "color": "#fde047"}}, {"type": "Feature", "geometry": {"type": "Point", "coordinates": [39.76384311365925, 21.41415336309472]}, "properties": {"layer": "lighting", "name": "ادارة تشغيل وصيانة الانارة", "kind": "برج", "description": "ارتفاع البرج (30) متر عدد الفوانيس(6) الحالة الفنية (جديد) قدرة الفوانيس (308) واط", "color": "#fde047"}}, {"type": "Feature", "geometry": {"type": "Point", "coordinates": [39.76292666777947, 21.41411926998899]}, "properties": {"layer": "lighting", "name": "ادارة تشغيل وصيانة الانارة", "kind": "برج", "description": "ارتفاع البرج (30) متر عدد الفوانيس(6) الحالة الفنية (جديد) قدرة الفوانيس (308) واط", "color": "#fde047"}}, {"type": "Feature", "geometry": {"type": "Point", "coordinates": [39.7620099216124, 21.41409363685295]}, "properties": {"layer": "lighting", "name": "ادارة تشغيل وصيانة الانارة", "kind": "برج", "description": "ارتفاع البرج (30) متر عدد الفوانيس(6) الحالة الفنية (جديد) قدرة الفوانيس (308) واط", "color": "#fde047"}}, {"type": "Feature", "geometry": {"type": "Point", "coordinates": [39.7610930814079, 21.41407067698007]}, "properties": {"layer": "lighting", "name": "ادارة تشغيل وصيانة الانارة", "kind": "برج", "description": "ارتفاع البرج (30) متر عدد الفوانيس(6) الحالة الفنية (جديد) قدرة الفوانيس (308) واط", "color": "#fde047"}}, {"type": "Feature", "geometry": {"type": "Point", "coordinates": [39.76017624035539, 21.41404771208635]}, "properties": {"layer": "lighting", "name": "ادارة تشغيل وصيانة الانارة", "kind": "برج", "description": "ارتفاع البرج (30) متر عدد الفوانيس(6) الحالة الفنية (جديد) قدرة الفوانيس (308) واط", "color": "#fde047"}}, {"type": "Feature", "geometry": {"type": "Point", "coordinates": [39.75925958631341, 21.41401927266499]}, "properties": {"layer": "lighting", "name": "ادارة تشغيل وصيانة الانارة", "kind": "برج", "description": "ارتفاع البرج (30) متر عدد الفوانيس(6) الحالة الفنية (جديد) قدرة الفوانيس (308) واط", "color": "#fde047"}}, {"type": "Feature", "geometry": {"type": "Point", "coordinates": [39.75834361230975, 21.41397636613328]}, "properties": {"layer": "lighting", "name": "ادارة تشغيل وصيانة الانارة", "kind": "برج", "description": "ارتفاع البرج (30) متر عدد الفوانيس(6) الحالة الفنية (جديد) قدرة الفوانيس (308) واط", "color": "#fde047"}}, {"type": "Feature", "geometry": {"type": "Point", "coordinates": [39.7572205845163, 21.4138861056612]}, "properties": {"layer": "lighting", "name": "ادارة تشغيل وصيانة الانارة", "kind": "برج", "description": "ارتفاع البرج (30) متر عدد الفوانيس(6) الحالة الفنية (جديد) قدرة الفوانيس (308) واط", "color": "#fde047"}}, {"type": "Feature", "geometry": {"type": "Point", "coordinates": [39.75614876843123, 21.41376094340978]}, "properties": {"layer": "lighting", "name": "ادارة تشغيل وصيانة الانارة", "kind": "برج", "description": "ارتفاع البرج (30) متر عدد الفوانيس(6) الحالة الفنية (جديد) قدرة الفوانيس (308) واط", "color": "#fde047"}}, {"type": "Feature", "geometry": {"type": "Point", "coordinates": [39.75510068674195, 21.413610464315]}, "properties": {"layer": "lighting", "name": "ادارة تشغيل وصيانة الانارة", "kind": "برج", "description": "ارتفاع البرج (30) متر عدد الفوانيس(6) الحالة الفنية (جديد) قدرة الفوانيس (308) واط", "color": "#fde047"}}, {"type": "Feature", "geometry": {"type": "Point", "coordinates": [39.75363660034257, 21.41334099642599]}, "properties": {"layer": "lighting", "name": "ادارة تشغيل وصيانة الانارة", "kind": "برج", "description": "ارتفاع البرج (30) متر عدد الفوانيس(6) الحالة الفنية (جديد) قدرة الفوانيس (308) واط", "color": "#fde047"}}, {"type": "Feature", "geometry": {"type": "Point", "coordinates": [39.75274380645795, 21.41314500670983]}, "properties": {"layer": "lighting", "name": "ادارة تشغيل وصيانة الانارة", "kind": "برج", "description": "ارتفاع البرج (30) متر عدد الفوانيس(6) الحالة الفنية (جديد) قدرة الفوانيس (308) واط", "color": "#fde047"}}, {"type": "Feature", "geometry": {"type": "Point", "coordinates": [39.75185512989946, 21.41296205506897]}, "properties": {"layer": "lighting", "name": "ادارة تشغيل وصيانة الانارة", "kind": "برج", "description": "ارتفاع البرج (30) متر عدد الفوانيس(6) الحالة الفنية (جديد) قدرة الفوانيس (308) واط", "color": "#fde047"}}, {"type": "Feature", "geometry": {"type": "Point", "coordinates": [39.7511255792002, 21.41280420108605]}, "properties": {"layer": "lighting", "name": "ادارة تشغيل وصيانة الانارة", "kind": "برج", "description": "ارتفاع البرج (30) متر عدد الفوانيس(6) الحالة الفنية (جديد) قدرة الفوانيس (308) واط", "color": "#fde047"}}, {"type": "Feature", "geometry": {"type": "Point", "coordinates": [39.75013136213827, 21.41259807316638]}, "properties": {"layer": "lighting", "name": "ادارة تشغيل وصيانة الانارة", "kind": "برج", "description": "ارتفاع البرج (30) متر عدد الفوانيس(6) الحالة الفنية (جديد) قدرة الفوانيس (308) واط", "color": "#fde047"}}, {"type": "Feature", "geometry": {"type": "Point", "coordinates": [39.74923978685462, 21.41239584505494]}, "properties": {"layer": "lighting", "name": "ادارة تشغيل وصيانة الانارة", "kind": "برج", "description": "ارتفاع البرج (30) متر عدد الفوانيس(6) الحالة الفنية (جديد) قدرة الفوانيس (308) واط", "color": "#fde047"}}, {"type": "Feature", "geometry": {"type": "Point", "coordinates": [39.74834632905137, 21.41220127197536]}, "properties": {"layer": "lighting", "name": "ادارة تشغيل وصيانة الانارة", "kind": "برج", "description": "ارتفاع البرج (30) متر عدد الفوانيس(6) الحالة الفنية (جديد) قدرة الفوانيس (308) واط", "color": "#fde047"}}, {"type": "Feature", "geometry": {"type": "Point", "coordinates": [39.74745019356697, 21.41201757377989]}, "properties": {"layer": "lighting", "name": "ادارة تشغيل وصيانة الانارة", "kind": "برج", "description": "ارتفاع البرج (30) متر عدد الفوانيس(6) الحالة الفنية (جديد) قدرة الفوانيس (308) واط", "color": "#fde047"}}, {"type": "Feature", "geometry": {"type": "Point", "coordinates": [39.74655498395139, 21.41182997267707]}, "properties": {"layer": "lighting", "name": "ادارة تشغيل وصيانة الانارة", "kind": "برج", "description": "ارتفاع البرج (30) متر عدد الفوانيس(6) الحالة الفنية (جديد) قدرة الفوانيس (308) واط", "color": "#fde047"}}, {"type": "Feature", "geometry": {"type": "Point", "coordinates": [39.74565805941587, 21.41165041248315]}, "properties": {"layer": "lighting", "name": "ادارة تشغيل وصيانة الانارة", "kind": "برج", "description": "ارتفاع البرج (30) متر عدد الفوانيس(6) الحالة الفنية (جديد) قدرة الفوانيس (308) واط", "color": "#fde047"}}, {"type": "Feature", "geometry": {"type": "Point", "coordinates": [39.74475353111183, 21.41150792416829]}, "properties": {"layer": "lighting", "name": "ادارة تشغيل وصيانة الانارة", "kind": "برج", "description": "ارتفاع البرج (30) متر عدد الفوانيس(6) الحالة الفنية (جديد) قدرة الفوانيس (308) واط", "color": "#fde047"}}, {"type": "Feature", "geometry": {"type": "Point", "coordinates": [39.74385012427334, 21.41143323639065]}, "properties": {"layer": "lighting", "name": "ادارة تشغيل وصيانة الانارة", "kind": "برج", "description": "ارتفاع البرج (30) متر عدد الفوانيس(6) الحالة الفنية (جديد) قدرة الفوانيس (308) واط", "color": "#fde047"}}, {"type": "Feature", "geometry": {"type": "Point", "coordinates": [39.7429489028162, 21.4113969638096]}, "properties": {"layer": "lighting", "name": "ادارة تشغيل وصيانة الانارة", "kind": "برج", "description": "ارتفاع البرج (30) متر عدد الفوانيس(6) الحالة الفنية (جديد) قدرة الفوانيس (308) واط", "color": "#fde047"}}, {"type": "Feature", "geometry": {"type": "Point", "coordinates": [39.7420397175229, 21.4114073792703]}, "properties": {"layer": "lighting", "name": "ادارة تشغيل وصيانة الانارة", "kind": "برج", "description": "ارتفاع البرج (30) متر عدد الفوانيس(6) الحالة الفنية (جديد) قدرة الفوانيس (308) واط", "color": "#fde047"}}, {"type": "Feature", "geometry": {"type": "Point", "coordinates": [39.74113815114465, 21.41148018373729]}, "properties": {"layer": "lighting", "name": "ادارة تشغيل وصيانة الانارة", "kind": "برج", "description": "ارتفاع البرج (30) متر عدد الفوانيس(6) الحالة الفنية (جديد) قدرة الفوانيس (308) واط", "color": "#fde047"}}, {"type": "Feature", "geometry": {"type": "Point", "coordinates": [39.74020752357129, 21.41155908363584]}, "properties": {"layer": "lighting", "name": "ادارة تشغيل وصيانة الانارة", "kind": "برج", "description": "ارتفاع البرج (30) متر عدد الفوانيس(6) الحالة الفنية (جديد) قدرة الفوانيس (308) واط", "color": "#fde047"}}, {"type": "Feature", "geometry": {"type": "Point", "coordinates": [39.7393031939864, 21.41164496633086]}, "properties": {"layer": "lighting", "name": "ادارة تشغيل وصيانة الانارة", "kind": "برج", "description": "ارتفاع البرج (30) متر عدد الفوانيس(6) الحالة الفنية (جديد) قدرة الفوانيس (308) واط", "color": "#fde047"}}, {"type": "Feature", "geometry": {"type": "Point", "coordinates": [39.73840588364489, 21.41172921772362]}, "properties": {"layer": "lighting", "name": "ادارة تشغيل وصيانة الانارة", "kind": "برج", "description": "ارتفاع البرج (30) متر عدد الفوانيس(6) الحالة الفنية (جديد) قدرة الفوانيس (308) واط", "color": "#fde047"}}, {"type": "Feature", "geometry": {"type": "Point", "coordinates": [39.73748420090944, 21.41180690310765]}, "properties": {"layer": "lighting", "name": "ادارة تشغيل وصيانة الانارة", "kind": "برج", "description": "ارتفاع البرج (30) متر عدد الفوانيس(6) الحالة الفنية (جديد) قدرة الفوانيس (308) واط", "color": "#fde047"}}, {"type": "Feature", "geometry": {"type": "Point", "coordinates": [39.73657016355073, 21.41188216017643]}, "properties": {"layer": "lighting", "name": "ادارة تشغيل وصيانة الانارة", "kind": "برج", "description": "ارتفاع البرج (30) متر عدد الفوانيس(6) الحالة الفنية (جديد) قدرة الفوانيس (308) واط", "color": "#fde047"}}, {"type": "Feature", "geometry": {"type": "Point", "coordinates": [39.735666517803, 21.41196603903436]}, "properties": {"layer": "lighting", "name": "ادارة تشغيل وصيانة الانارة", "kind": "برج", "description": "ارتفاع البرج (30) متر عدد الفوانيس(6) الحالة الفنية (جديد) قدرة الفوانيس (308) واط", "color": "#fde047"}}, {"type": "Feature", "geometry": {"type": "Point", "coordinates": [39.73474577146393, 21.4120443070218]}, "properties": {"layer": "lighting", "name": "ادارة تشغيل وصيانة الانارة", "kind": "برج", "description": "ارتفاع البرج (30) متر عدد الفوانيس(6) الحالة الفنية (جديد) قدرة الفوانيس (308) واط", "color": "#fde047"}}, {"type": "Feature", "geometry": {"type": "Point", "coordinates": [39.73384798362441, 21.41212914153995]}, "properties": {"layer": "lighting", "name": "ادارة تشغيل وصيانة الانارة", "kind": "برج", "description": "ارتفاع البرج (30) متر عدد الفوانيس(6) الحالة الفنية (جديد) قدرة الفوانيس (308) واط", "color": "#fde047"}}, {"type": "Feature", "geometry": {"type": "Point", "coordinates": [39.73292702669271, 21.4122076173337]}, "properties": {"layer": "lighting", "name": "ادارة تشغيل وصيانة الانارة", "kind": "برج", "description": "ارتفاع البرج (30) متر عدد الفوانيس(6) الحالة الفنية (جديد) قدرة الفوانيس (308) واط", "color": "#fde047"}}, {"type": "Feature", "geometry": {"type": "Point", "coordinates": [39.73202670167916, 21.41228580733849]}, "properties": {"layer": "lighting", "name": "ادارة تشغيل وصيانة الانارة", "kind": "برج", "description": "ارتفاع البرج (30) متر عدد الفوانيس(6) الحالة الفنية (جديد) قدرة الفوانيس (308) واط", "color": "#fde047"}}, {"type": "Feature", "geometry": {"type": "Point", "coordinates": [39.73109586310081, 21.41238121109856]}, "properties": {"layer": "lighting", "name": "ادارة تشغيل وصيانة الانارة", "kind": "برج", "description": "ارتفاع البرج (30) متر عدد الفوانيس(6) الحالة الفنية (جديد) قدرة الفوانيس (308) واط", "color": "#fde047"}}, {"type": "Feature", "geometry": {"type": "Point", "coordinates": [39.73019184192942, 21.41244900128757]}, "properties": {"layer": "lighting", "name": "ادارة تشغيل وصيانة الانارة", "kind": "برج", "description": "ارتفاع البرج (30) متر عدد الفوانيس(6) الحالة الفنية (جديد) قدرة الفوانيس (308) واط", "color": "#fde047"}}, {"type": "Feature", "geometry": {"type": "Point", "coordinates": [39.72927346650464, 21.41249332190602]}, "properties": {"layer": "lighting", "name": "ادارة تشغيل وصيانة الانارة", "kind": "برج", "description": "ارتفاع البرج (30) متر عدد الفوانيس(6) الحالة الفنية (جديد) قدرة الفوانيس (308) واط", "color": "#fde047"}}, {"type": "Feature", "geometry": {"type": "Point", "coordinates": [39.72835704032055, 21.41249618791087]}, "properties": {"layer": "lighting", "name": "ادارة تشغيل وصيانة الانارة", "kind": "برج", "description": "ارتفاع البرج (30) متر عدد الفوانيس(6) الحالة الفنية (جديد) قدرة الفوانيس (308) واط", "color": "#fde047"}}, {"type": "Feature", "geometry": {"type": "Point", "coordinates": [39.72744265025332, 21.41239956383207]}, "properties": {"layer": "lighting", "name": "ادارة تشغيل وصيانة الانارة", "kind": "برج", "description": "ارتفاع البرج (30) متر عدد الفوانيس(6) الحالة الفنية (جديد) قدرة الفوانيس (308) واط", "color": "#fde047"}}, {"type": "Feature", "geometry": {"type": "Point", "coordinates": [39.72652442948507, 21.41222751092892]}, "properties": {"layer": "lighting", "name": "ادارة تشغيل وصيانة الانارة", "kind": "برج", "description": "ارتفاع البرج (30) متر عدد الفوانيس(6) الحالة الفنية (جديد) قدرة الفوانيس (308) واط", "color": "#fde047"}}, {"type": "Feature", "geometry": {"type": "Point", "coordinates": [39.72563698705759, 21.4119878017579]}, "properties": {"layer": "lighting", "name": "ادارة تشغيل وصيانة الانارة", "kind": "برج", "description": "ارتفاع البرج (30) متر عدد الفوانيس(6) الحالة الفنية (جديد) قدرة الفوانيس (308) واط", "color": "#fde047"}}, {"type": "Feature", "geometry": {"type": "Point", "coordinates": [39.72478099420273, 21.41164924798351]}, "properties": {"layer": "lighting", "name": "ادارة تشغيل وصيانة الانارة", "kind": "برج", "description": "ارتفاع البرج (30) متر عدد الفوانيس(6) الحالة الفنية (جديد) قدرة الفوانيس (308) واط", "color": "#fde047"}}, {"type": "Feature", "geometry": {"type": "Point", "coordinates": [39.72397082783677, 21.41125605875399]}, "properties": {"layer": "lighting", "name": "ادارة تشغيل وصيانة الانارة", "kind": "برج", "description": "ارتفاع البرج (30) متر عدد الفوانيس(6) الحالة الفنية (جديد) قدرة الفوانيس (308) واط", "color": "#fde047"}}, {"type": "Feature", "geometry": {"type": "Point", "coordinates": [39.72320666470764, 21.41077698299999]}, "properties": {"layer": "lighting", "name": "ادارة تشغيل وصيانة الانارة", "kind": "برج", "description": "ارتفاع البرج (30) متر عدد الفوانيس(6) الحالة الفنية (جديد) قدرة الفوانيس (308) واط", "color": "#fde047"}}, {"type": "Feature", "geometry": {"type": "Point", "coordinates": [39.72248139057054, 21.41023110521867]}, "properties": {"layer": "lighting", "name": "ادارة تشغيل وصيانة الانارة", "kind": "برج", "description": "ارتفاع البرج (30) متر عدد الفوانيس(6) الحالة الفنية (جديد) قدرة الفوانيس (308) واط", "color": "#fde047"}}, {"type": "Feature", "geometry": {"type": "Point", "coordinates": [39.72180646063804, 21.40963425229888]}, "properties": {"layer": "lighting", "name": "ادارة تشغيل وصيانة الانارة", "kind": "برج", "description": "ارتفاع البرج (30) متر عدد الفوانيس(6) الحالة الفنية (جديد) قدرة الفوانيس (308) واط", "color": "#fde047"}}, {"type": "Feature", "geometry": {"type": "Point", "coordinates": [39.72135239443982, 21.40910965773661]}, "properties": {"layer": "lighting", "name": "ادارة تشغيل وصيانة الانارة", "kind": "برج", "description": "ارتفاع البرج (30) متر عدد الفوانيس(6) الحالة الفنية (جديد) قدرة الفوانيس (308) واط", "color": "#fde047"}}, {"type": "Feature", "geometry": {"type": "Point", "coordinates": [39.7206616093573, 21.40827315265861]}, "properties": {"layer": "lighting", "name": "ادارة تشغيل وصيانة الانارة", "kind": "برج", "description": "ارتفاع البرج (30) متر عدد الفوانيس(6) الحالة الفنية (جديد) قدرة الفوانيس (308) واط", "color": "#fde047"}}, {"type": "Feature", "geometry": {"type": "Point", "coordinates": [39.7201167307265, 21.4076036671352]}, "properties": {"layer": "lighting", "name": "ادارة تشغيل وصيانة الانارة", "kind": "برج", "description": "ارتفاع البرج (30) متر عدد الفوانيس(6) الحالة الفنية (جديد) قدرة الفوانيس (308) واط", "color": "#fde047"}}, {"type": "Feature", "geometry": {"type": "Point", "coordinates": [39.71956659378647, 21.40690590650453]}, "properties": {"layer": "lighting", "name": "ادارة تشغيل وصيانة الانارة", "kind": "برج", "description": "ارتفاع البرج (30) متر عدد الفوانيس(6) الحالة الفنية (جديد) قدرة الفوانيس (308) واط", "color": "#fde047"}}, {"type": "Feature", "geometry": {"type": "Point", "coordinates": [39.71903604172402, 21.40620941959944]}, "properties": {"layer": "lighting", "name": "ادارة تشغيل وصيانة الانارة", "kind": "برج", "description": "ارتفاع البرج (30) متر عدد الفوانيس(6) الحالة الفنية (جديد) قدرة الفوانيس (308) واط", "color": "#fde047"}}, {"type": "Feature", "geometry": {"type": "Point", "coordinates": [39.71849503423515, 21.40552033802127]}, "properties": {"layer": "lighting", "name": "ادارة تشغيل وصيانة الانارة", "kind": "برج", "description": "ارتفاع البرج (30) متر عدد الفوانيس(6) الحالة الفنية (جديد) قدرة الفوانيس (308) واط", "color": "#fde047"}}, {"type": "Feature", "geometry": {"type": "Point", "coordinates": [39.71796109878137, 21.40483777348039]}, "properties": {"layer": "lighting", "name": "ادارة تشغيل وصيانة الانارة", "kind": "برج", "description": "ارتفاع البرج (30) متر عدد الفوانيس(6) الحالة الفنية (جديد) قدرة الفوانيس (308) واط", "color": "#fde047"}}, {"type": "Feature", "geometry": {"type": "Point", "coordinates": [39.71742537700071, 21.40413943832897]}, "properties": {"layer": "lighting", "name": "ادارة تشغيل وصيانة الانارة", "kind": "برج", "description": "ارتفاع البرج (30) متر عدد الفوانيس(6) الحالة الفنية (جديد) قدرة الفوانيس (308) واط", "color": "#fde047"}}, {"type": "Feature", "geometry": {"type": "Point", "coordinates": [39.71687145416802, 21.40344876645491]}, "properties": {"layer": "lighting", "name": "ادارة تشغيل وصيانة الانارة", "kind": "برج", "description": "ارتفاع البرج (30) متر عدد الفوانيس(6) الحالة الفنية (جديد) قدرة الفوانيس (308) واط", "color": "#fde047"}}, {"type": "Feature", "geometry": {"type": "Point", "coordinates": [39.71632372615171, 21.40272159754927]}, "properties": {"layer": "lighting", "name": "ادارة تشغيل وصيانة الانارة", "kind": "برج", "description": "ارتفاع البرج (30) متر عدد الفوانيس(6) الحالة الفنية (جديد) قدرة الفوانيس (308) واط", "color": "#fde047"}}, {"type": "Feature", "geometry": {"type": "Point", "coordinates": [39.71580681426229, 21.40206665128231]}, "properties": {"layer": "lighting", "name": "ادارة تشغيل وصيانة الانارة", "kind": "برج", "description": "ارتفاع البرج (30) متر عدد الفوانيس(6) الحالة الفنية (جديد) قدرة الفوانيس (308) واط", "color": "#fde047"}}, {"type": "Feature", "geometry": {"type": "Point", "coordinates": [39.71528432821691, 21.40134711629272]}, "properties": {"layer": "lighting", "name": "ادارة تشغيل وصيانة الانارة", "kind": "برج", "description": "ارتفاع البرج (30) متر عدد الفوانيس(6) الحالة الفنية (جديد) قدرة الفوانيس (308) واط", "color": "#fde047"}}, {"type": "Feature", "geometry": {"type": "Point", "coordinates": [39.71474161626143, 21.40067451606232]}, "properties": {"layer": "lighting", "name": "ادارة تشغيل وصيانة الانارة", "kind": "برج", "description": "ارتفاع البرج (30) متر عدد الفوانيس(6) الحالة الفنية (جديد) قدرة الفوانيس (308) واط", "color": "#fde047"}}, {"type": "Feature", "geometry": {"type": "Point", "coordinates": [39.71419793386352, 21.39996931721714]}, "properties": {"layer": "lighting", "name": "ادارة تشغيل وصيانة الانارة", "kind": "برج", "description": "ارتفاع البرج (30) متر عدد الفوانيس(6) الحالة الفنية (جديد) قدرة الفوانيس (308) واط", "color": "#fde047"}}, {"type": "Feature", "geometry": {"type": "Point", "coordinates": [39.71366282691974, 21.39925865007025]}, "properties": {"layer": "lighting", "name": "ادارة تشغيل وصيانة الانارة", "kind": "برج", "description": "ارتفاع البرج (30) متر عدد الفوانيس(6) الحالة الفنية (جديد) قدرة الفوانيس (308) واط", "color": "#fde047"}}, {"type": "Feature", "geometry": {"type": "Point", "coordinates": [39.71310347382224, 21.39857183548886]}, "properties": {"layer": "lighting", "name": "ادارة تشغيل وصيانة الانارة", "kind": "برج", "description": "ارتفاع البرج (30) متر عدد الفوانيس(6) الحالة الفنية (جديد) قدرة الفوانيس (308) واط", "color": "#fde047"}}, {"type": "Feature", "geometry": {"type": "Point", "coordinates": [39.71283455709884, 21.39872276834899]}, "properties": {"layer": "lighting", "name": "علامة موضعية بلا عنوان", "kind": "نقطة إنارة", "description": "", "color": "#fde047"}}, {"type": "Feature", "geometry": {"type": "Point", "coordinates": [39.71230930791253, 21.39805930961512]}, "properties": {"layer": "lighting", "name": "علامة موضعية بلا عنوان", "kind": "برج", "description": "ارتفاع البرج (30) متر عدد الفوانيس(6) الحالة الفنية (جيد) قدرة الفوانيس (308) واط", "color": "#fde047"}}, {"type": "Feature", "geometry": {"type": "Point", "coordinates": [39.71334900177524, 21.39835868095759]}, "properties": {"layer": "lighting", "name": "علامة موضعية بلا عنوان", "kind": "برج", "description": "ارتفاع البرج (30) متر عدد الفوانيس(6) الحالة الفنية (جديد) قدرة الفوانيس (308) واط", "color": "#fde047"}}, {"type": "Feature", "geometry": {"type": "Point", "coordinates": [39.71283393151719, 21.39769893043283]}, "properties": {"layer": "lighting", "name": "علامة موضعية بلا عنوان", "kind": "برج", "description": "ارتفاع البرج (30) متر عدد الفوانيس(6) الحالة الفنية (جيد) قدرة الفوانيس (308) واط", "color": "#fde047"}}, {"type": "Feature", "geometry": {"type": "Point", "coordinates": [39.71318138230227, 21.39743886896122]}, "properties": {"layer": "lighting", "name": "برج", "kind": "برج", "description": "ارتفاع البرج (30) متر عدد الفوانيس(6) الحالة الفنية (جيد) قدرة الفوانيس (308) واط", "color": "#fde047"}}, {"type": "Feature", "geometry": {"type": "Point", "coordinates": [39.71189499741406, 21.39820813765785]}, "properties": {"layer": "lighting", "name": "ارتفاع البرج (30) متر عدد الفوانيس(6) الحالة الفنية (جيد) قدرة الفوانيس (308) واط", "kind": "برج", "description": "ارتفاع البرج (30) متر عدد الفوانيس(6) الحالة الفنية (جيد) قدرة الفوانيس (308) واط", "color": "#fde047"}}, {"type": "Feature", "geometry": {"type": "Point", "coordinates": [39.71247046013304, 21.39891475092335]}, "properties": {"layer": "lighting", "name": "علامة موضعية بلا عنوان", "kind": "نقطة إنارة", "description": "", "color": "#fde047"}}, {"type": "Feature", "geometry": {"type": "Point", "coordinates": [39.71481723497258, 21.39710680861959]}, "properties": {"layer": "lighting", "name": "علامة موضعية بلا عنوان", "kind": "برج", "description": "ارتفاع البرج (30) متر عدد الفوانيس(6) الحالة الفنية (جيد) قدرة الفوانيس (308) واط", "color": "#fde047"}}, {"type": "Feature", "geometry": {"type": "Point", "coordinates": [39.71574090034576, 21.39646507543727]}, "properties": {"layer": "lighting", "name": "علامة موضعية بلا عنوان", "kind": "برج", "description": "ارتفاع البرج (30) متر عدد الفوانيس(6) الحالة الفنية (جيد) قدرة الفوانيس (308) واط", "color": "#fde047"}}, {"type": "Feature", "geometry": {"type": "LineString", "coordinates": [[39.71505788966637, 21.40040566807985], [39.71505280762785, 21.40041047091743], [39.71528806198878, 21.400719279066]]}, "properties": {"layer": "lighting", "name": "ادارة تشغيل وصيانة الانارة", "kind": "نقطة إنارة", "description": "ادارة تشغيل وصيانة الانارة SHAPE Polyline SHAPE_Length 42.7361 مصدر البيانات ادارة تشغيل وصيانة الانارة المستخدم المنشئ شركة مقاول اول للمقاولات تاريخ الإنشاء 20/07/25 تاريخ التعديل 20/07/25 آخر مستخدم شركة مقاول اول للمقاولات الرقم النوع Three Phase Underground street Light Cable فترة الصلاحية 5 تاريخ التركيب 10/11/24 تاريخ انتهاء الخدمة 10/11/29 بلد المنشأ المملكة العربية السعودية الطول المقاس 42.7361 نوع المادة العازلة XLPE جهد المادة العازلة 1000 الفولتية 433 Volts الأطوار Abc مواد الردم Soil عمق الطمر 0.7 عدد الكابلات 1 هل الكيبل في قناة Yes مادة الكيبل Copper حجم الكيبل 95 mm2 قدرة تحمل الكيبل 240 A مادة المحايد Copper حجم المحايد 16 mm2 الأمانة مكة المكرمة البلدية الشوقيه الحى حي الملك فهد Docx طريق الأمير محمد بن سلمان.pdf توريد وتمديد كيبل مسلح (XLPE) مقاس 4×16 مم2 توريد وتمديد كيبل مسلح (XLPE) مقاس 4×25 مم2 توريد وتمديد كيبل مسلح (XLPE)مقاس 4×35 مم2 توريد وتمديد كيبل مسلح (XLPE) مقاس 4×50 مم2 توريد وتمديد كيبل مسلح (XLPE) مقاس 4×95 مم2 43 توريد وتمديد سلك أرضي فني مقاس 1×16 مم2 بدون عازل ]]>", "color": "#fbbf24"}}, {"type": "Feature", "geometry": {"type": "LineString", "coordinates": [[39.72743655061964, 21.41197269581327], [39.72783787994644, 21.41201698228048]]}, "properties": {"layer": "lighting", "name": "ادارة تشغيل وصيانة الانارة", "kind": "نقطة إنارة", "description": "ادارة تشغيل وصيانة الانارة SHAPE Polyline SHAPE_Length 41.884903 مصدر البيانات ادارة تشغيل وصيانة الانارة المستخدم المنشئ شركة مقاول اول للمقاولات تاريخ الإنشاء 20/07/25 تاريخ التعديل 20/07/25 آخر مستخدم شركة مقاول اول للمقاولات الرقم النوع Three Phase Underground street Light Cable فترة الصلاحية 5 تاريخ التركيب 10/11/24 تاريخ انتهاء الخدمة 10/11/29 بلد المنشأ المملكة العربية السعودية الطول المقاس 41.884903 نوع المادة العازلة XLPE جهد المادة العازلة 1000 الفولتية 433 Volts الأطوار Abc مواد الردم Soil عمق الطمر 0.7 عدد الكابلات 1 هل الكيبل في قناة Yes مادة الكيبل Copper حجم الكيبل 95 mm2 قدرة تحمل الكيبل 240 A مادة المحايد Copper حجم المحايد 16 mm2 الأمانة مكة المكرمة البلدية الشوقيه الحى حي الملك فهد Docx طريق الأمير محمد بن سلمان.pdf توريد وتمديد كيبل مسلح (XLPE) مقاس 4×16 مم2 توريد وتمديد كيبل مسلح (XLPE) مقاس 4×25 مم2 توريد وتمديد كيبل مسلح (XLPE)مقاس 4×35 مم2 توريد وتمديد كيبل مسلح (XLPE) مقاس 4×50 مم2 توريد وتمديد كيبل مسلح (XLPE) مقاس 4×95 مم2 42 توريد وتمديد سلك أرضي فني مقاس 1×16 مم2 بدون عازل ]]>", "color": "#fbbf24"}}, {"type": "Feature", "geometry": {"type": "LineString", "coordinates": [[39.74190124390943, 21.41088738146519], [39.74229827005619, 21.41087119063636]]}, "properties": {"layer": "lighting", "name": "ادارة تشغيل وصيانة الانارة", "kind": "نقطة إنارة", "description": "ادارة تشغيل وصيانة الانارة SHAPE Polyline SHAPE_Length 41.19049 مصدر البيانات ادارة تشغيل وصيانة الانارة المستخدم المنشئ شركة مقاول اول للمقاولات تاريخ الإنشاء 20/07/25 تاريخ التعديل 20/07/25 آخر مستخدم شركة مقاول اول للمقاولات الرقم النوع Three Phase Underground street Light Cable فترة الصلاحية 5 تاريخ التركيب 10/11/24 تاريخ انتهاء الخدمة 10/11/29 بلد المنشأ المملكة العربية السعودية الطول المقاس 41.19049 نوع المادة العازلة XLPE جهد المادة العازلة 1000 الفولتية 433 Volts الأطوار Abc مواد الردم Soil عمق الطمر 0.7 عدد الكابلات 1 هل الكيبل في قناة Yes مادة الكيبل Copper حجم الكيبل 95 mm2 قدرة تحمل الكيبل 240 A مادة المحايد Copper حجم المحايد 16 mm2 الأمانة مكة المكرمة البلدية الشوقيه الحى حي الملك فهد Docx طريق الأمير محمد بن سلمان.pdf توريد وتمديد كيبل مسلح (XLPE) مقاس 4×16 مم2 توريد وتمديد كيبل مسلح (XLPE) مقاس 4×25 مم2 توريد وتمديد كيبل مسلح (XLPE)مقاس 4×35 مم2 توريد وتمديد كيبل مسلح (XLPE) مقاس 4×50 مم2 توريد وتمديد كيبل مسلح (XLPE) مقاس 4×95 مم2 41 توريد وتمديد سلك أرضي فني مقاس 1×16 مم2 بدون عازل ]]>", "color": "#fbbf24"}}, {"type": "Feature", "geometry": {"type": "LineString", "coordinates": [[39.78172618963148, 21.42168948410292], [39.78146301683626, 21.42194872769987], [39.78083283046613, 21.42153932166257], [39.78086348445876, 21.42147783128717], [39.78081360789606, 21.4215250688617], [39.78012115567085, 21.4210475250222], [39.78015423032024, 21.42098577956252], [39.78010512077962, 21.421032659203], [39.77937074936092, 21.42055226987294], [39.77941190732605, 21.42048133943345], [39.77935787457336, 21.42053141380479], [39.77863088802264, 21.42003878461346], [39.77866953954075, 21.41997695930363], [39.77860845615082, 21.42002096063523], [39.77790179467259, 21.41954915053566], [39.77792712121784, 21.41947264733044], [39.77788576113227, 21.41953428448513], [39.77715928083865, 21.41903901808345], [39.77718480089146, 21.41896821129123], [39.77713615463794, 21.41901043963524], [39.77641377005973, 21.4185404883454], [39.77644298010645, 21.41846313525851], [39.77637911803954, 21.41850479334531], [39.77568865509478, 21.41803588613374], [39.7757013924557, 21.41795776288322], [39.775642554078, 21.41800741472924], [39.77489968212821, 21.41752320902903], [39.77496020564061, 21.41745187656269]]}, "properties": {"layer": "lighting", "name": "ادارة تشغيل وصيانة الانارة", "kind": "نقطة إنارة", "description": "ادارة تشغيل وصيانة الانارة SHAPE Polyline SHAPE_Length 989.313423 مصدر البيانات ادارة تشغيل وصيانة الانارة المستخدم المنشئ شركة مقاول اول للمقاولات تاريخ الإنشاء 20/07/25 تاريخ التعديل 20/07/25 آخر مستخدم شركة مقاول اول للمقاولات الرقم النوع Three Phase Underground street Light Cable فترة الصلاحية 5 تاريخ التركيب 10/11/24 تاريخ انتهاء الخدمة 10/11/29 بلد المنشأ المملكة العربية السعودية الطول المقاس 989.313423 نوع المادة العازلة XLPE جهد المادة العازلة 1000 الفولتية 433 Volts الأطوار Abc مواد الردم Soil عمق الطمر 0.7 عدد الكابلات 1 هل الكيبل في قناة Yes مادة الكيبل Copper حجم الكيبل 50 mm2 قدرة تحمل الكيبل 175 A مادة المحايد Copper حجم المحايد 16 mm2 الأمانة مكة المكرمة البلدية الشوقيه الحى حي الملك فهد Docx طريق الأمير محمد بن سلمان.pdf توريد وتمديد كيبل مسلح (XLPE) مقاس 4×16 مم2 توريد وتمديد كيبل مسلح (XLPE) مقاس 4×25 مم2 توريد وتمديد كيبل مسلح (XLPE)مقاس 4×35 مم2 توريد وتمديد كيبل مسلح (XLPE) مقاس 4×50 مم2 906.641451 توريد وتمديد كيبل مسلح (XLPE) مقاس 4×95 مم2 توريد وتمديد سلك أرضي فني مقاس 1×16 مم2 بدون عازل 942.260239 ]]>", "color": "#fbbf24"}}, {"type": "Feature", "geometry": {"type": "LineString", "coordinates": [[39.78522106254576, 21.42416205461586], [39.78393605769048, 21.42351565912942], [39.78156041855559, 21.42202237582562], [39.78157331159057, 21.42196915080421], [39.78154248506281, 21.42201050764778], [39.78148609346564, 21.42196774354212], [39.78172618963148, 21.42168948410292]]}, "properties": {"layer": "lighting", "name": "ادارة تشغيل وصيانة الانارة", "kind": "نقطة إنارة", "description": "ادارة تشغيل وصيانة الانارة SHAPE Polyline SHAPE_Length 186.936332 مصدر البيانات ادارة تشغيل وصيانة الانارة المستخدم المنشئ شركة مقاول اول للمقاولات تاريخ الإنشاء 20/07/25 تاريخ التعديل 20/07/25 آخر مستخدم شركة مقاول اول للمقاولات الرقم النوع Three Phase Underground street Light Cable فترة الصلاحية 5 تاريخ التركيب 10/11/24 تاريخ انتهاء الخدمة 10/11/29 بلد المنشأ المملكة العربية السعودية الطول المقاس 186.936332 نوع المادة العازلة XLPE جهد المادة العازلة 1000 الفولتية 433 Volts الأطوار Abc مواد الردم Soil عمق الطمر 0.7 عدد الكابلات 1 هل الكيبل في قناة Yes مادة الكيبل Copper حجم الكيبل 50 mm2 قدرة تحمل الكيبل 175 A مادة المحايد Copper حجم المحايد 16 mm2 الأمانة مكة المكرمة البلدية الشوقيه الحى حي الملك فهد Docx طريق الأمير محمد بن سلمان.pdf توريد وتمديد كيبل مسلح (XLPE) مقاس 4×16 مم2 توريد وتمديد كيبل مسلح (XLPE) مقاس 4×25 مم2 توريد وتمديد كيبل مسلح (XLPE)مقاس 4×35 مم2 توريد وتمديد كيبل مسلح (XLPE) مقاس 4×50 مم2 171.314998 توريد وتمديد كيبل مسلح (XLPE) مقاس 4×95 مم2 توريد وتمديد سلك أرضي فني مقاس 1×16 مم2 بدون عازل 178.045368 ]]>", "color": "#fbbf24"}}, {"type": "Feature", "geometry": {"type": "LineString", "coordinates": [[39.75517456458939, 21.41332130341746], [39.75478177395657, 21.4132686438716]]}, "properties": {"layer": "lighting", "name": "ادارة تشغيل وصيانة الانارة", "kind": "نقطة إنارة", "description": "ادارة تشغيل وصيانة الانارة SHAPE Polyline SHAPE_Length 41.127043 مصدر البيانات ادارة تشغيل وصيانة الانارة المستخدم المنشئ شركة مقاول اول للمقاولات تاريخ الإنشاء 20/07/25 تاريخ التعديل 20/07/25 آخر مستخدم شركة مقاول اول للمقاولات الرقم النوع Three Phase Underground street Light Cable فترة الصلاحية 5 تاريخ التركيب 10/11/24 تاريخ انتهاء الخدمة 10/11/29 بلد المنشأ المملكة العربية السعودية الطول المقاس 41.127043 نوع المادة العازلة XLPE جهد المادة العازلة 1000 الفولتية 433 Volts الأطوار Abc مواد الردم Soil عمق الطمر 0.7 عدد الكابلات 1 هل الكيبل في قناة Yes مادة الكيبل Copper حجم الكيبل 95 mm2 قدرة تحمل الكيبل 240 A مادة المحايد Copper حجم المحايد 16 mm2 الأمانة مكة المكرمة البلدية الشوقيه الحى حي الملك فهد Docx طريق الأمير محمد بن سلمان.pdf توريد وتمديد كيبل مسلح (XLPE) مقاس 4×16 مم2 توريد وتمديد كيبل مسلح (XLPE) مقاس 4×25 مم2 توريد وتمديد كيبل مسلح (XLPE)مقاس 4×35 مم2 توريد وتمديد كيبل مسلح (XLPE) مقاس 4×50 مم2 توريد وتمديد كيبل مسلح (XLPE) مقاس 4×95 مم2 41 توريد وتمديد سلك أرضي فني مقاس 1×16 مم2 بدون عازل ]]>", "color": "#fbbf24"}}, {"type": "Feature", "geometry": {"type": "LineString", "coordinates": [[39.76723315072847, 21.41394241902089], [39.76683974377016, 21.41390040277205]]}, "properties": {"layer": "lighting", "name": "ادارة تشغيل وصيانة الانارة", "kind": "نقطة إنارة", "description": "ادارة تشغيل وصيانة الانارة SHAPE Polyline SHAPE_Length 41.040075 مصدر البيانات ادارة تشغيل وصيانة الانارة المستخدم المنشئ شركة مقاول اول للمقاولات تاريخ الإنشاء 20/07/25 تاريخ التعديل 20/07/25 آخر مستخدم شركة مقاول اول للمقاولات الرقم النوع Three Phase Underground street Light Cable فترة الصلاحية 5 تاريخ التركيب 10/11/24 تاريخ انتهاء الخدمة 10/11/29 بلد المنشأ المملكة العربية السعودية الطول المقاس 41.040075 نوع المادة العازلة XLPE جهد المادة العازلة 1000 الفولتية 433 Volts الأطوار Abc مواد الردم Soil عمق الطمر 0.7 عدد الكابلات 1 هل الكيبل في قناة Yes مادة الكيبل Copper حجم الكيبل 95 mm2 قدرة تحمل الكيبل 240 A مادة المحايد Copper حجم المحايد 16 mm2 الأمانة مكة المكرمة البلدية الشوقيه الحى حي الملك فهد Docx طريق الأمير محمد بن سلمان.pdf توريد وتمديد كيبل مسلح (XLPE) مقاس 4×16 مم2 توريد وتمديد كيبل مسلح (XLPE) مقاس 4×25 مم2 توريد وتمديد كيبل مسلح (XLPE)مقاس 4×35 مم2 توريد وتمديد كيبل مسلح (XLPE) مقاس 4×50 مم2 توريد وتمديد كيبل مسلح (XLPE) مقاس 4×95 مم2 41 توريد وتمديد سلك أرضي فني مقاس 1×16 مم2 بدون عازل ]]>", "color": "#fbbf24"}}, {"type": "Feature", "geometry": {"type": "LineString", "coordinates": [[39.78140899666877, 21.42146047555828], [39.78172618963148, 21.42168948410292]]}, "properties": {"layer": "lighting", "name": "ادارة تشغيل وصيانة الانارة", "kind": "نقطة إنارة", "description": "ادارة تشغيل وصيانة الانارة SHAPE Polyline SHAPE_Length 41.512449 مصدر البيانات ادارة تشغيل وصيانة الانارة المستخدم المنشئ شركة مقاول اول للمقاولات تاريخ الإنشاء 20/07/25 تاريخ التعديل 20/07/25 آخر مستخدم شركة مقاول اول للمقاولات الرقم النوع Three Phase Underground street Light Cable فترة الصلاحية 5 تاريخ التركيب 10/11/24 تاريخ انتهاء الخدمة 10/11/29 بلد المنشأ المملكة العربية السعودية الطول المقاس 41.512449 نوع المادة العازلة XLPE جهد المادة العازلة 1000 الفولتية 433 Volts الأطوار Abc مواد الردم Soil عمق الطمر 0.7 عدد الكابلات 1 هل الكيبل في قناة Yes مادة الكيبل Copper حجم الكيبل 95 mm2 قدرة تحمل الكيبل 240 A مادة المحايد Copper حجم المحايد 16 mm2 الأمانة مكة المكرمة البلدية الشوقيه الحى حي الملك فهد Docx طريق الأمير محمد بن سلمان.pdf توريد وتمديد كيبل مسلح (XLPE) مقاس 4×16 مم2 توريد وتمديد كيبل مسلح (XLPE) مقاس 4×25 مم2 توريد وتمديد كيبل مسلح (XLPE)مقاس 4×35 مم2 توريد وتمديد كيبل مسلح (XLPE) مقاس 4×50 مم2 توريد وتمديد كيبل مسلح (XLPE) مقاس 4×95 مم2 42 توريد وتمديد سلك أرضي فني مقاس 1×16 مم2 بدون عازل ]]>", "color": "#fbbf24"}}, {"type": "Feature", "geometry": {"type": "LineString", "coordinates": [[39.71528806198878, 21.400719279066], [39.7148815870812, 21.40101217037602], [39.7146818915771, 21.40074943613677], [39.71474161626143, 21.40067451606232], [39.71467414164556, 21.40073034541978], [39.71412198907843, 21.40003947171943], [39.71419793386352, 21.39996931721714], [39.71411423829439, 21.40002038097598], [39.71358252658285, 21.39933260570056], [39.71366282691974, 21.39925865007025], [39.71357479910835, 21.39931829599433], [39.71303791387108, 21.3986154004722], [39.71310347382224, 21.39857183548886]]}, "properties": {"layer": "lighting", "name": "ادارة تشغيل وصيانة الانارة", "kind": "نقطة إنارة", "description": "ادارة تشغيل وصيانة الانارة SHAPE Polyline SHAPE_Length 446.376597 مصدر البيانات ادارة تشغيل وصيانة الانارة المستخدم المنشئ شركة مقاول اول للمقاولات تاريخ الإنشاء 20/07/25 تاريخ التعديل 20/07/25 آخر مستخدم شركة مقاول اول للمقاولات الرقم النوع Three Phase Underground street Light Cable فترة الصلاحية 5 تاريخ التركيب 10/11/24 تاريخ انتهاء الخدمة 10/11/29 بلد المنشأ المملكة العربية السعودية الطول المقاس 446.376597 نوع المادة العازلة XLPE جهد المادة العازلة 1000 الفولتية 433 Volts الأطوار Abc مواد الردم Soil عمق الطمر 0.7 عدد الكابلات 1 هل الكيبل في قناة Yes مادة الكيبل Copper حجم الكيبل 50 mm2 قدرة تحمل الكيبل 175 A مادة المحايد Copper حجم المحايد 16 mm2 الأمانة مكة المكرمة البلدية الشوقيه الحى حي الملك فهد Docx طريق الأمير محمد بن سلمان.pdf توريد وتمديد كيبل مسلح (XLPE) مقاس 4×16 مم2 توريد وتمديد كيبل مسلح (XLPE) مقاس 4×25 مم2 توريد وتمديد كيبل مسلح (XLPE)مقاس 4×35 مم2 توريد وتمديد كيبل مسلح (XLPE) مقاس 4×50 مم2 409.075138 توريد وتمديد كيبل مسلح (XLPE) مقاس 4×95 مم2 توريد وتمديد سلك أرضي فني مقاس 1×16 مم2 بدون عازل 425.146277 ]]>", "color": "#fbbf24"}}, {"type": "Feature", "geometry": {"type": "LineString", "coordinates": [[39.7201167307265, 21.4076036671352], [39.72004413997317, 21.40765440608011], [39.71951234409968, 21.40696107389028], [39.71956659378647, 21.40690590650453], [39.71947391430202, 21.40693255371054], [39.71897296617545, 21.40628211492632], [39.71903604172402, 21.40620941959944], [39.71894215981587, 21.40624639018156], [39.71844121546685, 21.40559595053121], [39.71849503423515, 21.40552033802127], [39.7184257948988, 21.4055745023119], [39.71790177754851, 21.4049026445544], [39.71796109878137, 21.40483777348039], [39.71789399778788, 21.4048775785931], [39.7173625771041, 21.40420455629505], [39.71742537700071, 21.40413943832897], [39.71735224963017, 21.40418069559207], [39.71681805574345, 21.40351365971112], [39.71687145416802, 21.40344876645491], [39.71680257736494, 21.40348025957544], [39.71628459730577, 21.40282211581768], [39.71632372615171, 21.40272159754927], [39.71625895593377, 21.40279832136862], [39.71575815761572, 21.40217297064254], [39.71580681426229, 21.40206665128231], [39.71573245825886, 21.40213722344839], [39.71522100492372, 21.40145215642855], [39.71528432821691, 21.40134711629272], [39.71520815537349, 21.40143428278575], [39.71489355500747, 21.40104120295042], [39.71528806198878, 21.400719279066]]}, "properties": {"layer": "lighting", "name": "ادارة تشغيل وصيانة الانارة", "kind": "نقطة إنارة", "description": "ادارة تشغيل وصيانة الانارة SHAPE Polyline SHAPE_Length 1120.78601 مصدر البيانات ادارة تشغيل وصيانة الانارة المستخدم المنشئ شركة مقاول اول للمقاولات تاريخ الإنشاء 20/07/25 تاريخ التعديل 20/07/25 آخر مستخدم شركة مقاول اول للمقاولات الرقم النوع Three Phase Underground street Light Cable فترة الصلاحية 5 تاريخ التركيب 10/11/24 تاريخ انتهاء الخدمة 10/11/29 بلد المنشأ المملكة العربية السعودية الطول المقاس 1120.78601 نوع المادة العازلة XLPE جهد المادة العازلة 1000 الفولتية 433 Volts الأطوار Abc مواد الردم Soil عمق الطمر 0.7 عدد الكابلات 1 هل الكيبل في قناة Yes مادة الكيبل Copper حجم الكيبل 50 mm2 قدرة تحمل الكيبل 175 A مادة المحايد Copper حجم المحايد 16 mm2 الأمانة مكة المكرمة البلدية الشوقيه الحى حي الملك فهد Docx طريق الأمير محمد بن سلمان.pdf توريد وتمديد كيبل مسلح (XLPE) مقاس 4×16 مم2 توريد وتمديد كيبل مسلح (XLPE) مقاس 4×25 مم2 توريد وتمديد كيبل مسلح (XLPE)مقاس 4×35 مم2 توريد وتمديد كيبل مسلح (XLPE) مقاس 4×50 مم2 1027.127531 توريد وتمديد كيبل مسلح (XLPE) مقاس 4×95 مم2 توريد وتمديد سلك أرضي فني مقاس 1×16 مم2 بدون عازل 1067.479798 ]]>", "color": "#fbbf24"}}, {"type": "Feature", "geometry": {"type": "LineString", "coordinates": [[39.72783787994644, 21.41201698228048], [39.72775218691532, 21.41253105760734], [39.72743927435357, 21.41249058290961], [39.72744265025332, 21.41239956383207], [39.72741689402346, 21.41248171675695], [39.72652261055143, 21.41231527799972], [39.72652442948507, 21.41222751092892], [39.72647560921374, 21.41230914663877], [39.72562688941419, 21.41206421918414], [39.72563698705759, 21.4119878017579], [39.72559115157689, 21.41206437391634], [39.72475219695001, 21.41172856325001], [39.72478099420273, 21.41164924798351], [39.72472657622187, 21.41170955034824], [39.72393490328432, 21.41133265452484], [39.72397082783677, 21.41125605875399], [39.72391184144466, 21.41131482572791], [39.72315904387857, 21.41084835644781], [39.72320666470764, 21.41077698299999], [39.72313981047341, 21.41083051102045], [39.72242505247964, 21.41031188229629], [39.72248139057054, 21.41023110521867], [39.72241727163842, 21.41028681659075], [39.72235583179088, 21.41025122456718], [39.72175966247137, 21.40970877492689], [39.72180646063804, 21.40963425229888], [39.72173660114716, 21.40969094581254], [39.72127591434243, 21.40918615737695], [39.72135239443982, 21.40910965773661], [39.72126688572777, 21.40916707342067], [39.72057352565134, 21.4083238427998], [39.7206616093573, 21.40827315265861]]}, "properties": {"layer": "lighting", "name": "ادارة تشغيل وصيانة الانارة", "kind": "نقطة إنارة", "description": "ادارة تشغيل وصيانة الانارة SHAPE Polyline SHAPE_Length 1120.344727 مصدر البيانات ادارة تشغيل وصيانة الانارة المستخدم المنشئ شركة مقاول اول للمقاولات تاريخ الإنشاء 20/07/25 تاريخ التعديل 20/07/25 آخر مستخدم شركة مقاول اول للمقاولات الرقم النوع Three Phase Underground street Light Cable فترة الصلاحية 5 تاريخ التركيب 10/11/24 تاريخ انتهاء الخدمة 10/11/29 بلد المنشأ المملكة العربية السعودية الطول المقاس 1120.344727 نوع المادة العازلة XLPE جهد المادة العازلة 1000 الفولتية 433 Volts الأطوار Abc مواد الردم Soil عمق الطمر 0.7 عدد الكابلات 1 هل الكيبل في قناة Yes مادة الكيبل Copper حجم الكيبل 50 mm2 قدرة تحمل الكيبل 175 A مادة المحايد Copper حجم المحايد 16 mm2 الأمانة مكة المكرمة البلدية الشوقيه الحى حي الملك فهد Docx طريق الأمير محمد بن سلمان.pdf توريد وتمديد كيبل مسلح (XLPE) مقاس 4×16 مم2 توريد وتمديد كيبل مسلح (XLPE) مقاس 4×25 مم2 توريد وتمديد كيبل مسلح (XLPE)مقاس 4×35 مم2 توريد وتمديد كيبل مسلح (XLPE) مقاس 4×50 مم2 1026.723124 توريد وتمديد كيبل مسلح (XLPE) مقاس 4×95 مم2 توريد وتمديد سلك أرضي فني مقاس 1×16 مم2 بدون عازل 1067.059503 ]]>", "color": "#fbbf24"}}, {"type": "Feature", "geometry": {"type": "LineString", "coordinates": [[39.73657016355073, 21.41188216017643], [39.73659344754299, 21.41195592971349], [39.73570171737288, 21.41204590177403], [39.735666517803, 21.41196603903436], [39.73566723905662, 21.41204246817351], [39.73476784912531, 21.41213246891327], [39.73474577146393, 21.4120443070218], [39.7347524792912, 21.41212177963317], [39.7338660445801, 21.41221814240128], [39.73384798362441, 21.41212914153995], [39.73384364900812, 21.41220628851609], [39.7329474064479, 21.41228789965486], [39.73292702669271, 21.4122076173337], [39.7329282611112, 21.41228798338542], [39.73203841437438, 21.41237254947721], [39.73202670167916, 21.41228580733849], [39.73202242982335, 21.41236664286825], [39.7311213668782, 21.41244169171937], [39.73109586310081, 21.41238121109856], [39.73110225124608, 21.41244775154281], [39.73024236006955, 21.41252500574145], [39.73019184192942, 21.41244900128757], [39.73021172784872, 21.41252513921463], [39.72930446052772, 21.4125721174961], [39.72927346650464, 21.41249332190602], [39.72927382829065, 21.41257225079813], [39.72836249894907, 21.41257262910414], [39.72835704032055, 21.41249618791087], [39.72834716505493, 21.41256910988707], [39.72781854524792, 21.41252837885883], [39.72783787994644, 21.41201698228048]]}, "properties": {"layer": "lighting", "name": "ادارة تشغيل وصيانة الانارة", "kind": "نقطة إنارة", "description": "ادارة تشغيل وصيانة الانارة SHAPE Polyline SHAPE_Length 1117.025257 مصدر البيانات ادارة تشغيل وصيانة الانارة المستخدم المنشئ شركة مقاول اول للمقاولات تاريخ الإنشاء 20/07/25 تاريخ التعديل 20/07/25 آخر مستخدم شركة مقاول اول للمقاولات الرقم النوع Three Phase Underground street Light Cable فترة الصلاحية 5 تاريخ التركيب 10/11/24 تاريخ انتهاء الخدمة 10/11/29 بلد المنشأ المملكة العربية السعودية الطول المقاس 1117.025257 نوع المادة العازلة XLPE جهد المادة العازلة 1000 الفولتية 433 Volts الأطوار Abc مواد الردم Soil عمق الطمر 0.7 عدد الكابلات 1 هل الكيبل في قناة Yes مادة الكيبل Copper حجم الكيبل 50 mm2 قدرة تحمل الكيبل 175 A مادة المحايد Copper حجم المحايد 16 mm2 الأمانة مكة المكرمة البلدية الشوقيه الحى حي الملك فهد Docx طريق الأمير محمد بن سلمان.pdf توريد وتمديد كيبل مسلح (XLPE) مقاس 4×16 مم2 توريد وتمديد كيبل مسلح (XLPE) مقاس 4×25 مم2 توريد وتمديد كيبل مسلح (XLPE)مقاس 4×35 مم2 توريد وتمديد كيبل مسلح (XLPE) مقاس 4×50 مم2 1023.681045 توريد وتمديد كيبل مسلح (XLPE) مقاس 4×95 مم2 توريد وتمديد سلك أرضي فني مقاس 1×16 مم2 بدون عازل 1063.897911 ]]>", "color": "#fbbf24"}}, {"type": "Feature", "geometry": {"type": "LineString", "coordinates": [[39.74229827005619, 21.41087119063636], [39.74226128808797, 21.41149467113777], [39.7420573976385, 21.41150904017393], [39.7420397175229, 21.4114073792703], [39.742026765711, 21.41150917580046], [39.74115021480036, 21.41157042449288], [39.74113815114465, 21.41148018373729], [39.74112342920213, 21.41157412789422], [39.74022014688796, 21.41164983336084], [39.74020752357129, 21.41155908363584], [39.74019717242837, 21.41164993483218], [39.73935361729539, 21.41172465359031], [39.7393031939864, 21.41164496633086], [39.73932300334356, 21.41172837449819], [39.73843505189235, 21.41180758770473], [39.73840588364489, 21.41172921772362], [39.73841204136437, 21.41180051738224], [39.73750498052016, 21.41188698158669], [39.73748420090944, 21.41180690310765]]}, "properties": {"layer": "lighting", "name": "ادارة تشغيل وصيانة الانارة", "kind": "نقطة إنارة", "description": "ادارة تشغيل وصيانة الانارة SHAPE Polyline SHAPE_Length 659.692951 مصدر البيانات ادارة تشغيل وصيانة الانارة المستخدم المنشئ شركة مقاول اول للمقاولات تاريخ الإنشاء 20/07/25 تاريخ التعديل 20/07/25 آخر مستخدم شركة مقاول اول للمقاولات الرقم النوع Three Phase Underground street Light Cable فترة الصلاحية 5 تاريخ التركيب 10/11/24 تاريخ انتهاء الخدمة 10/11/29 بلد المنشأ المملكة العربية السعودية الطول المقاس 659.692951 نوع المادة العازلة XLPE جهد المادة العازلة 1000 الفولتية 433 Volts الأطوار Abc مواد الردم Soil عمق الطمر 0.7 عدد الكابلات 1 هل الكيبل في قناة Yes مادة الكيبل Copper حجم الكيبل 50 mm2 قدرة تحمل الكيبل 175 A مادة المحايد Copper حجم المحايد 16 mm2 الأمانة مكة المكرمة البلدية الشوقيه الحى حي الملك فهد Docx طريق الأمير محمد بن سلمان.pdf توريد وتمديد كيبل مسلح (XLPE) مقاس 4×16 مم2 توريد وتمديد كيبل مسلح (XLPE) مقاس 4×25 مم2 توريد وتمديد كيبل مسلح (XLPE)مقاس 4×35 مم2 توريد وتمديد كيبل مسلح (XLPE) مقاس 4×50 مم2 604.565712 توريد وتمديد كيبل مسلح (XLPE) مقاس 4×95 مم2 توريد وتمديد سلك أرضي فني مقاس 1×16 مم2 بدون عازل 628.316996 ]]>", "color": "#fbbf24"}}, {"type": "Feature", "geometry": {"type": "LineString", "coordinates": [[39.74655498395139, 21.41182997267707], [39.74651388830517, 21.41193450404536], [39.74563871995486, 21.4117650948497], [39.74565805941587, 21.41165041248315], [39.74560675094924, 21.41175328515085], [39.74473817668289, 21.41162567407219], [39.74475353111183, 21.41150792416829], [39.74470620873486, 21.41161386329063], [39.74385607676569, 21.41153190264219], [39.74385012427334, 21.41143323639065], [39.74383563096523, 21.41152721225368], [39.74297774282446, 21.41149277127058], [39.7429489028162, 21.4113969638096], [39.74292664096768, 21.41148343553627], [39.74232423610329, 21.41149088598669], [39.74229827005619, 21.41087119063636]]}, "properties": {"layer": "lighting", "name": "ادارة تشغيل وصيانة الانارة", "kind": "نقطة إنارة", "description": "ادارة تشغيل وصيانة الانارة SHAPE Polyline SHAPE_Length 598.326009 مصدر البيانات ادارة تشغيل وصيانة الانارة المستخدم المنشئ شركة مقاول اول للمقاولات تاريخ الإنشاء 20/07/25 تاريخ التعديل 20/07/25 آخر مستخدم شركة مقاول اول للمقاولات الرقم النوع Three Phase Underground street Light Cable فترة الصلاحية 5 تاريخ التركيب 10/11/24 تاريخ انتهاء الخدمة 10/11/29 بلد المنشأ المملكة العربية السعودية الطول المقاس 598.326009 نوع المادة العازلة XLPE جهد المادة العازلة 1000 الفولتية 433 Volts الأطوار Abc مواد الردم Soil عمق الطمر 0.7 عدد الكابلات 1 هل الكيبل في قناة Yes مادة الكيبل Copper حجم الكيبل 50 mm2 قدرة تحمل الكيبل 175 A مادة المحايد Copper حجم المحايد 16 mm2 الأمانة مكة المكرمة البلدية الشوقيه الحى حي الملك فهد Docx طريق الأمير محمد بن سلمان.pdf توريد وتمديد كيبل مسلح (XLPE) مقاس 4×16 مم2 توريد وتمديد كيبل مسلح (XLPE) مقاس 4×25 مم2 توريد وتمديد كيبل مسلح (XLPE)مقاس 4×35 مم2 توريد وتمديد كيبل مسلح (XLPE) مقاس 4×50 مم2 548.326898 توريد وتمديد كيبل مسلح (XLPE) مقاس 4×95 مم2 توريد وتمديد سلك أرضي فني مقاس 1×16 مم2 بدون عازل 569.868754 ]]>", "color": "#fbbf24"}}, {"type": "Feature", "geometry": {"type": "LineString", "coordinates": [[39.75478177395657, 21.4132686438716], [39.75469070902622, 21.41363519765215], [39.75436169739399, 21.4135679544099], [39.75429781864817, 21.41355628913363], [39.75365464305556, 21.41343010063038], [39.75363660034257, 21.41334099642599], [39.75362399854905, 21.41342784788036], [39.75273983647507, 21.41325015060657], [39.75274380645795, 21.41314500670983], [39.75270908181479, 21.4132263840155], [39.75185039947756, 21.4130390052857], [39.75185512989946, 21.41296205506897], [39.75181979176046, 21.41304392372928], [39.75112978473293, 21.41289403076807], [39.7511255792002, 21.41280420108605], [39.75109915258028, 21.41289416806115], [39.75012088018418, 21.41268213767911], [39.75013136213827, 21.41259807316638], [39.75007998791286, 21.41267275845056], [39.74925717136481, 21.41250911047093], [39.74923978685462, 21.41239584505494], [39.74921630453024, 21.41250451204514], [39.74834744427873, 21.41232194085954], [39.74834632905137, 21.41220127197536], [39.74830647917997, 21.41229821993193], [39.74742232943852, 21.41212049328655], [39.74745019356697, 21.41201757377989]]}, "properties": {"layer": "lighting", "name": "ادارة تشغيل وصيانة الانارة", "kind": "نقطة إنارة", "description": "ادارة تشغيل وصيانة الانارة SHAPE Polyline SHAPE_Length 947.651104 مصدر البيانات ادارة تشغيل وصيانة الانارة المستخدم المنشئ شركة مقاول اول للمقاولات تاريخ الإنشاء 20/07/25 تاريخ التعديل 20/07/25 آخر مستخدم شركة مقاول اول للمقاولات الرقم النوع Three Phase Underground street Light Cable فترة الصلاحية 5 تاريخ التركيب 10/11/24 تاريخ انتهاء الخدمة 10/11/29 بلد المنشأ المملكة العربية السعودية الطول المقاس 947.651104 نوع المادة العازلة XLPE جهد المادة العازلة 1000 الفولتية 433 Volts الأطوار Abc مواد الردم Soil عمق الطمر 0.7 عدد الكابلات 1 هل الكيبل في قناة Yes مادة الكيبل Copper حجم الكيبل 50 mm2 قدرة تحمل الكيبل 175 A مادة المحايد Copper حجم المحايد 16 mm2 الأمانة مكة المكرمة البلدية الشوقيه الحى حي الملك فهد Docx طريق الأمير محمد بن سلمان.pdf توريد وتمديد كيبل مسلح (XLPE) مقاس 4×16 مم2 توريد وتمديد كيبل مسلح (XLPE) مقاس 4×25 مم2 توريد وتمديد كيبل مسلح (XLPE)مقاس 4×35 مم2 توريد وتمديد كيبل مسلح (XLPE) مقاس 4×50 مم2 868.460643 توريد وتمديد كيبل مسلح (XLPE) مقاس 4×95 مم2 توريد وتمديد سلك أرضي فني مقاس 1×16 مم2 بدون عازل 902.57944 ]]>", "color": "#fbbf24"}}, {"type": "Feature", "geometry": {"type": "LineString", "coordinates": [[39.7610930814079, 21.41407067698007], [39.76106399540811, 21.4141584999784], [39.76018823723039, 21.41412721651764], [39.76017624035539, 21.41404771208635], [39.76016526248888, 21.41412732073761], [39.75926928872406, 21.41409492888435], [39.75925958631341, 21.41401927266499], [39.75924376209124, 21.41409504454009], [39.75835326114898, 21.41405126826949], [39.75834361230975, 21.41397636613328], [39.75831816082576, 21.41405142710843], [39.75721365603982, 21.413966780921], [39.7572205845163, 21.4138861056612], [39.75719133540395, 21.41396987043041], [39.756136934038, 21.41384889467783], [39.75614876843123, 21.41376094340978], [39.75612158098203, 21.41384179316999], [39.75509208194971, 21.41369822931589], [39.75510068674195, 21.413610464315], [39.75507163553262, 21.41369354031883], [39.75472163367886, 21.41364013764903], [39.75478177395657, 21.4132686438716]]}, "properties": {"layer": "lighting", "name": "ادارة تشغيل وصيانة الانارة", "kind": "نقطة إنارة", "description": "ادارة تشغيل وصيانة الانارة SHAPE Polyline SHAPE_Length 806.723287 مصدر البيانات ادارة تشغيل وصيانة الانارة المستخدم المنشئ شركة مقاول اول للمقاولات تاريخ الإنشاء 20/07/25 تاريخ التعديل 20/07/25 آخر مستخدم شركة مقاول اول للمقاولات الرقم النوع Three Phase Underground street Light Cable فترة الصلاحية 5 تاريخ التركيب 10/11/24 تاريخ انتهاء الخدمة 10/11/29 بلد المنشأ المملكة العربية السعودية الطول المقاس 806.723287 نوع المادة العازلة XLPE جهد المادة العازلة 1000 الفولتية 433 Volts الأطوار Abc مواد الردم Soil عمق الطمر 0.7 عدد الكابلات 1 هل الكيبل في قناة Yes مادة الكيبل Copper حجم الكيبل 50 mm2 قدرة تحمل الكيبل 175 A مادة المحايد Copper حجم المحايد 16 mm2 الأمانة مكة المكرمة البلدية الشوقيه الحى حي الملك فهد Docx طريق الأمير محمد بن سلمان.pdf توريد وتمديد كيبل مسلح (XLPE) مقاس 4×16 مم2 توريد وتمديد كيبل مسلح (XLPE) مقاس 4×25 مم2 توريد وتمديد كيبل مسلح (XLPE)مقاس 4×35 مم2 توريد وتمديد كيبل مسلح (XLPE) مقاس 4×50 مم2 739.309458 توريد وتمديد كيبل مسلح (XLPE) مقاس 4×95 مم2 توريد وتمديد سلك أرضي فني مقاس 1×16 مم2 بدون عازل 768.354354 ]]>", "color": "#fbbf24"}}, {"type": "Feature", "geometry": {"type": "LineString", "coordinates": [[39.76683974377016, 21.41390040277205], [39.76678020583375, 21.41437188153703], [39.76660780509103, 21.41435474203173], [39.76659165679607, 21.414270951247], [39.76656951417487, 21.41435491719701], [39.76616807987526, 21.41432806818382], [39.76568550783577, 21.41430876063189], [39.76567599028654, 21.4142218161831], [39.7656510275233, 21.41430533233881], [39.76477015851709, 21.41427349813646], [39.76475955882942, 21.41418745117968], [39.76473566053554, 21.41426648480101], [39.76385107530021, 21.41423167496771], [39.76384311365925, 21.41415336309472], [39.76382237264922, 21.4142347935451], [39.76293831451777, 21.41420296512984], [39.76292666777947, 21.41411926998899], [39.76289045088082, 21.41420318303557], [39.76199043810289, 21.41417142133762], [39.7620099216124, 21.41409363685295]]}, "properties": {"layer": "lighting", "name": "ادارة تشغيل وصيانة الانارة", "kind": "نقطة إنارة", "description": "ادارة تشغيل وصيانة الانارة SHAPE Polyline SHAPE_Length 633.604883 مصدر البيانات ادارة تشغيل وصيانة الانارة المستخدم المنشئ شركة مقاول اول للمقاولات تاريخ الإنشاء 20/07/25 تاريخ التعديل 20/07/25 آخر مستخدم شركة مقاول اول للمقاولات الرقم النوع Three Phase Underground street Light Cable فترة الصلاحية 5 تاريخ التركيب 10/11/24 تاريخ انتهاء الخدمة 10/11/29 بلد المنشأ المملكة العربية السعودية الطول المقاس 633.604883 نوع المادة العازلة XLPE جهد المادة العازلة 1000 الفولتية 433 Volts الأطوار Abc مواد الردم Soil عمق الطمر 0.7 عدد الكابلات 1 هل الكيبل في قناة Yes مادة الكيبل Copper حجم الكيبل 50 mm2 قدرة تحمل الكيبل 175 A مادة المحايد Copper حجم المحايد 16 mm2 الأمانة مكة المكرمة البلدية الشوقيه الحى حي الملك فهد Docx طريق الأمير محمد بن سلمان.pdf توريد وتمديد كيبل مسلح (XLPE) مقاس 4×16 مم2 توريد وتمديد كيبل مسلح (XLPE) مقاس 4×25 مم2 توريد وتمديد كيبل مسلح (XLPE)مقاس 4×35 مم2 توريد وتمديد كيبل مسلح (XLPE) مقاس 4×50 مم2 580.657693 توريد وتمديد كيبل مسلح (XLPE) مقاس 4×95 مم2 توريد وتمديد سلك أرضي فني مقاس 1×16 مم2 بدون عازل 603.469714 ]]>", "color": "#fbbf24"}}, {"type": "Feature", "geometry": {"type": "LineString", "coordinates": [[39.77421913505789, 21.41694584622872], [39.77411706182291, 21.41701209148638], [39.77343569181801, 21.41657062209689], [39.77346232803787, 21.41646084626067], [39.77340998771595, 21.41653727569559], [39.77262471447266, 21.41611030591829], [39.77268247479229, 21.4160093435735], [39.77258880102864, 21.41607700555306], [39.77182625491626, 21.41573152036825], [39.77187298066969, 21.41560663761213], [39.77180062665742, 21.41571251487673], [39.77102789876012, 21.41537185305046], [39.77103300915639, 21.4152623997435], [39.77099211032004, 21.41536245640079], [39.77013907770153, 21.41504164204428], [39.77017519688145, 21.41495880762267], [39.7701039938623, 21.41504479102539], [39.76929543139248, 21.41480647607511], [39.76929660895416, 21.41471239966306], [39.76926665152838, 21.41479465631843], [39.76841848716506, 21.414610302761], [39.76840696591231, 21.41450655791293], [39.76838395048818, 21.41459611869112], [39.76752164548618, 21.41445306022024], [39.76750393225497, 21.41435736547955], [39.76747948780834, 21.41444608163345], [39.76681719940194, 21.41436788791046], [39.76683974377016, 21.41390040277205]]}, "properties": {"layer": "lighting", "name": "ادارة تشغيل وصيانة الانارة", "kind": "نقطة إنارة", "description": "ادارة تشغيل وصيانة الانارة SHAPE Polyline SHAPE_Length 1038.934902 مصدر البيانات ادارة تشغيل وصيانة الانارة المستخدم المنشئ شركة مقاول اول للمقاولات تاريخ الإنشاء 20/07/25 تاريخ التعديل 20/07/25 آخر مستخدم شركة مقاول اول للمقاولات الرقم النوع Three Phase Underground street Light Cable فترة الصلاحية 5 تاريخ التركيب 10/11/24 تاريخ انتهاء الخدمة 10/11/29 بلد المنشأ المملكة العربية السعودية الطول المقاس 1038.934902 نوع المادة العازلة XLPE جهد المادة العازلة 1000 الفولتية 433 Volts الأطوار Abc مواد الردم Soil عمق الطمر 0.7 عدد الكابلات 1 هل الكيبل في قناة Yes مادة الكيبل Copper حجم الكيبل 50 mm2 قدرة تحمل الكيبل 175 A مادة المحايد Copper حجم المحايد 16 mm2 الأمانة مكة المكرمة البلدية الشوقيه الحى حي الملك فهد Docx طريق الأمير محمد بن سلمان.pdf توريد وتمديد كيبل مسلح (XLPE) مقاس 4×16 مم2 توريد وتمديد كيبل مسلح (XLPE) مقاس 4×25 مم2 توريد وتمديد كيبل مسلح (XLPE)مقاس 4×35 مم2 توريد وتمديد كيبل مسلح (XLPE) مقاس 4×50 مم2 952.11631 توريد وتمديد كيبل مسلح (XLPE) مقاس 4×95 مم2 توريد وتمديد سلك أرضي فني مقاس 1×16 مم2 بدون عازل 989.521648 ]]>", "color": "#fbbf24"}}, {"type": "Feature", "geometry": {"type": "Point", "coordinates": [39.76457956039184, 21.41365221014572]}, "properties": {"layer": "lighting", "name": "50/51430", "kind": "نقطة إنارة", "description": "رقم لوحة التوزيع1 ش/324 رقم لوحة التوزيع2 رقم لوحة التوزيع3 رقم اشتراك العداد 50/51430 تصنيف حسب قدرة التيار بالعداد 100 A التجمع القروي كود البلديه الشوقية X 579242.5907 Y 2368121.8236 ]]>", "color": "#fde047"}}, {"type": "Feature", "geometry": {"type": "Point", "coordinates": [39.7645721906394, 21.41365230339834]}, "properties": {"layer": "lighting", "name": "ش/324", "kind": "نقطة إنارة", "description": "رقم لوحة التوزيع ش/324 رقم لوحة التوزيع الجديد رقم اشتراك العداد1 50/51430 تصنيف حسب قدرة التيار 100A التجمع القروي اسم الحى حي الملك فهد كود البلدية الشوقية حالة القاطع الرئيسى جيد دهان لوحة التوزيع قديم تثبيت لوحة التوزيع بتره التاريض يوجد الساعة الفلكية جيده الخلية الضوئية لايوجد عدد الكونتكتورز 2 عدد الكونتكتورز المتهالكة 0 عدد القواطع الفرعية 18 عدد القاطع الفرعية المتهالكة 0 عدد القواطع الاحتياطية 15 عدد مفاتيح التسريب الارضى 6 عدد مفاتيح التسريب الارضى غير موجودة 0 عدد مفاتيح التسريب الارضى المتهالكة 0 حالة لوحة التوزيع جيد حالة القاعدة او البترة جيده X 579241.8268 Y 2368121.8302 ]]>", "color": "#fde047"}}, {"type": "Feature", "geometry": {"type": "LineString", "coordinates": [[39.7645750881908, 21.41362752280957], [39.76475065062152, 21.41363397396007], [39.76513389824859, 21.41368312356549], [39.76568785753475, 21.41368678341088], [39.76599868545479, 21.41369977365328], [39.76636026965156, 21.413672331403], [39.76662938593703, 21.41368941911809], [39.76704059780425, 21.41372290939719], [39.76718438838327, 21.41379050655403], [39.7673650781752, 21.41379788472182]]}, "properties": {"layer": "lighting", "name": "مسار بلا عنوان", "kind": "نقطة إنارة", "description": "", "color": "#fbbf24"}}, {"type": "Feature", "geometry": {"type": "LineString", "coordinates": [[39.76683507771708, 21.41390945429978], [39.76768017583505, 21.41397512944943], [39.76816065528099, 21.4140243965515], [39.76866780745063, 21.41411940857791], [39.76922661683456, 21.41423092521041], [39.76971125435118, 21.41435170714731], [39.77023079615728, 21.41448584601571], [39.77074639091438, 21.41469162833177], [39.77121057026542, 21.41484835986912], [39.77184732838425, 21.41511713785737]]}, "properties": {"layer": "lighting", "name": "مسار بلا عنوان", "kind": "نقطة إنارة", "description": "", "color": "#fbbf24"}}, {"type": "Feature", "geometry": {"type": "Point", "coordinates": [39.80697873608693, 21.42317830804256]}, "properties": {"layer": "lighting", "name": "ل/158", "kind": "نقطة إنارة", "description": "مكتب الجعيب رقم لوحة التوزيع ل/158 رقم لوحة التوزيع الجديد ل/605 رقم اشتراك العداد1 12/561620 تصنيف حسب قدرة التيار 200A التجمع القروي اسم الحى حي الزهراء كود البلدية المسفلة حالة القاطع الرئيسى جيد دهان لوحة التوزيع تحتاج دهان وترقيم تثبيت لوحة التوزيع قاعدة التاريض يوجد الساعة الفلكية جيده الخلية الضوئية لايوجد عدد الكونتكتورز 2 عدد الكونتكتورز المتهالكة 0 عدد القواطع الفرعية 18 عدد القاطع الفرعية المتهالكة 0 عدد القواطع الاحتياطية 0 عدد مفاتيح التسريب الارضى 6 عدد مفاتيح التسريب الارضى غير موجودة 0 عدد مفاتيح التسريب الارضى المتهالكة 0 حالة لوحة التوزيع جيد حالة القاعدة او البترة جيده X 39.806979 Y 21.423178 ]]>", "color": "#fde047"}}, {"type": "Feature", "geometry": {"type": "LineString", "coordinates": [[39.80698407605691, 21.42317463170848], [39.8069748260673, 21.42322400523785], [39.8072959758978, 21.4232878382264], [39.80753053342263, 21.42333597115272], [39.80804605984761, 21.42340851463065], [39.80829440745665, 21.42344433930938], [39.80854759155626, 21.42348597449391], [39.80886592852337, 21.42354473333274]]}, "properties": {"layer": "lighting", "name": "مسار بلا عنوان", "kind": "نقطة إنارة", "description": "", "color": "#fbbf24"}}, {"type": "Feature", "geometry": {"type": "LineString", "coordinates": [[39.8069820248312, 21.42318522391722], [39.80700044532673, 21.42309941883836], [39.80731537286052, 21.4231506836902], [39.80755722004793, 21.42319136912771], [39.80783555622344, 21.42324719346269], [39.8081023181203, 21.42329063630515], [39.80860911454466, 21.42340315404968], [39.80884648750671, 21.4234472171934]]}, "properties": {"layer": "lighting", "name": "مسار بلا عنوان", "kind": "نقطة إنارة", "description": "", "color": "#fbbf24"}}, {"type": "Feature", "geometry": {"type": "LineString", "coordinates": [[39.80698300521341, 21.423165850419], [39.80694389764453, 21.42321735052398], [39.80653582927422, 21.42313922321777], [39.80629249868694, 21.4230732334802], [39.80602326339448, 21.42300997691791], [39.80576735160793, 21.4229288289096], [39.80522762730187, 21.42274750019417]]}, "properties": {"layer": "lighting", "name": "مسار بلا عنوان", "kind": "نقطة إنارة", "description": "", "color": "#fbbf24"}}, {"type": "Feature", "geometry": {"type": "LineString", "coordinates": [[39.80698419423805, 21.42317090167494], [39.80700244977054, 21.42309287422113], [39.80681149690664, 21.42305955800985], [39.80656098618533, 21.42300360589261], [39.80632136067272, 21.42294576716156], [39.80606462135528, 21.42286930467418], [39.80580561320168, 21.4227852031135], [39.80554549281194, 21.42269849630388], [39.8052621261912, 21.42261515334002]]}, "properties": {"layer": "lighting", "name": "مسار بلا عنوان", "kind": "نقطة إنارة", "description": "", "color": "#fbbf24"}}, {"type": "Feature", "geometry": {"type": "Point", "coordinates": [39.7947323136388, 21.42473367309368]}, "properties": {"layer": "lighting", "name": "12/639506", "kind": "نقطة إنارة", "description": "رقم لوحة التوزيع1 ع/136 رقم لوحة التوزيع2 رقم لوحة التوزيع3 رقم اشتراك العداد 12/639506 تصنيف حسب قدرة التيار بالعداد 400 A التجمع القروي كود البلديه العتيبية X 582361.6155 Y 2369363.9149 ]]>", "color": "#fde047"}}, {"type": "Feature", "geometry": {"type": "Point", "coordinates": [39.81577207781137, 21.42409798516595]}, "properties": {"layer": "lighting", "name": "5/941100", "kind": "نقطة إنارة", "description": "رقم لوحة التوزيع1 ج/117 رقم لوحة التوزيع2 رقم اشتراك العداد 5/941100 تصنيف حسب قدرة التيار بالعداد 200 A التجمع القروي كود البلديه أجياد X 584542.5324 Y 2369304.7479 ]]>", "color": "#fde047"}}, {"type": "Feature", "geometry": {"type": "Point", "coordinates": [39.81577207781137, 21.42409798516595]}, "properties": {"layer": "lighting", "name": "5/941100", "kind": "نقطة إنارة", "description": "رقم لوحة التوزيع1 ج/117 رقم لوحة التوزيع2 رقم اشتراك العداد 5/941100 تصنيف حسب قدرة التيار بالعداد 200 A التجمع القروي كود البلديه أجياد X 584542.5324 Y 2369304.7479 ]]>", "color": "#fde047"}}, {"type": "Feature", "geometry": {"type": "LineString", "coordinates": [[39.81817595536007, 21.42403409791185], [39.81588621637719, 21.42422042347387], [39.81581576510247, 21.42417495704465], [39.8157670095964, 21.42423553222939], [39.81510140594747, 21.42429932773076], [39.81471598839187, 21.42433991332665], [39.81433472361768, 21.42432948758643]]}, "properties": {"layer": "lighting", "name": "مسار بلا عنوان", "kind": "نقطة إنارة", "description": "", "color": "#fbbf24"}}, {"type": "Feature", "geometry": {"type": "Point", "coordinates": [39.81220639247073, 21.4238832410407]}, "properties": {"layer": "lighting", "name": "5/503650", "kind": "نقطة إنارة", "description": "رقم لوحة التوزيع1 ج/119 رقم لوحة التوزيع2 رقم اشتراك العداد 5/503650 تصنيف حسب قدرة التيار بالعداد 200 A التجمع القروي كود البلديه أجياد X 584173.1074 Y 2369279.0608 ]]>", "color": "#fde047"}}, {"type": "Feature", "geometry": {"type": "Point", "coordinates": [39.81219570468117, 21.42388274356188]}, "properties": {"layer": "lighting", "name": "119/ج", "kind": "نقطة إنارة", "description": "مكتب الجعيب رقم لوحة التوزيع 119/ج رقم لوحة التوزيع الجديد رقم اشتراك العداد1 5/503650 تصنيف حسب قدرة التيار 200A التجمع القروي اسم الحى حي جرول كود البلدية أجياد حالة القاطع الرئيسى جيد دهان لوحة التوزيع جديد تثبيت لوحة التوزيع قاعدة التاريض يوجد الساعة الفلكية جيده الخلية الضوئية يوجد عدد الكونتكتورز 2 عدد الكونتكتورز المتهالكة 0 عدد القواطع الفرعية 18 عدد القاطع الفرعية المتهالكة 0 عدد القواطع الاحتياطية 0 عدد مفاتيح التسريب الارضى 6 عدد مفاتيح التسريب الارضى غير موجودة 0 عدد مفاتيح التسريب الارضى المتهالكة 2 حالة لوحة التوزيع جيد حالة القاعدة او البترة جيده X 584172 Y 2369279 ]]>", "color": "#fde047"}}, {"type": "Feature", "geometry": {"type": "LineString", "coordinates": [[39.81048732285946, 21.42377441832762], [39.8120462267571, 21.4240225346024], [39.81216781051185, 21.42404532534214], [39.8121901299895, 21.42385806751514], [39.8122115855087, 21.42404668522379], [39.81359174198658, 21.42424825665851]]}, "properties": {"layer": "lighting", "name": "مسار بلا عنوان", "kind": "نقطة إنارة", "description": "", "color": "#fbbf24"}}, {"type": "Feature", "geometry": {"type": "Point", "coordinates": [39.7947403580137, 21.42473423211166]}, "properties": {"layer": "lighting", "name": "ع/136", "kind": "نقطة إنارة", "description": "رقم لوحة التوزيع ع/136 رقم لوحة التوزيع الجديد رقم اشتراك العداد1 12/639506 تصنيف حسب قدرة التيار 400A التجمع القروي اسم الحى حي الزهراء كود البلدية العتيبية حالة القاطع الرئيسى جديد دهان لوحة التوزيع جديد تثبيت لوحة التوزيع قاعدة التاريض لايوجد الساعة الفلكية جيده الخلية الضوئية لايوجد عدد الكونتكتورز 2 عدد الكونتكتورز المتهالكة 0 عدد القواطع الفرعية 14 عدد القاطع الفرعية المتهالكة 1 عدد القواطع الاحتياطية 0 عدد مفاتيح التسريب الارضى 0 عدد مفاتيح التسريب الارضى غير موجودة 0 عدد مفاتيح التسريب الارضى المتهالكة 0 حالة لوحة التوزيع جيد حالة القاعدة او البترة جيده X 582362.4489 Y 2369363.981 ]]>", "color": "#fde047"}}, {"type": "Feature", "geometry": {"type": "LineString", "coordinates": [[39.79473452464136, 21.42471575437599], [39.79471753806055, 21.4245847735156], [39.79457382363913, 21.42460244997703], [39.79421753570684, 21.42463904635622], [39.79380625110368, 21.42467541533213], [39.79341910083699, 21.42469601458197], [39.79303743769948, 21.42471223969683], [39.79304295281113, 21.42444798642246], [39.79272378256006, 21.42440981719358], [39.7923447324493, 21.4243570007872], [39.79196136750107, 21.4242819361855]]}, "properties": {"layer": "lighting", "name": "مسار بلا عنوان", "kind": "نقطة إنارة", "description": "", "color": "#fbbf24"}}, {"type": "Feature", "geometry": {"type": "LineString", "coordinates": [[39.79475972111292, 21.42472760524775], [39.79473591934709, 21.42458024855751], [39.79493171966617, 21.42456147583294], [39.79534637474734, 21.42450809553724], [39.79572969288907, 21.4244602953932], [39.79612790751018, 21.42440866592913], [39.79651415327034, 21.42436053718025], [39.79688498047352, 21.42430171858159], [39.79726023836516, 21.42418152182201], [39.79760267546188, 21.42405102545986]]}, "properties": {"layer": "lighting", "name": "مسار بلا عنوان", "kind": "نقطة إنارة", "description": "", "color": "#fbbf24"}}, {"type": "Feature", "geometry": {"type": "LineString", "coordinates": [[39.79796195886293, 21.4239355782724], [39.799748000542, 21.42326751178284], [39.80046017805915, 21.42303393596719], [39.80084970590323, 21.42289795209834], [39.80119506558716, 21.42277693513724], [39.80157035737469, 21.42263394643903], [39.80192977275004, 21.4225239117847], [39.80230443262934, 21.42241557572684], [39.80268758990953, 21.42236339994367], [39.80279961492495, 21.42235019634482], [39.80281017204759, 21.42256618905392]]}, "properties": {"layer": "lighting", "name": "مسار بلا عنوان", "kind": "نقطة إنارة", "description": "", "color": "#fbbf24"}}, {"type": "Feature", "geometry": {"type": "Point", "coordinates": [39.80281225043965, 21.42258150019884]}, "properties": {"layer": "lighting", "name": "ع/143", "kind": "نقطة إنارة", "description": "رقم لوحة التوزيع ع/143 رقم لوحة التوزيع الجديد رقم اشتراك العداد1 12/587700 تصنيف حسب قدرة التيار 200A التجمع القروي اسم الحى حي الزهراء كود البلدية العتيبية حالة القاطع الرئيسى جيد دهان لوحة التوزيع جديد تثبيت لوحة التوزيع قاعدة التاريض لايوجد الساعة الفلكية جيده الخلية الضوئية لايوجد عدد الكونتكتورز 2 عدد الكونتكتورز المتهالكة 0 عدد القواطع الفرعية 18 عدد القاطع الفرعية المتهالكة 0 عدد القواطع الاحتياطية 3 عدد مفاتيح التسريب الارضى 6 عدد مفاتيح التسريب الارضى غير موجودة 0 عدد مفاتيح التسريب الارضى المتهالكة 2 حالة لوحة التوزيع جيد حالة القاعدة او البترة جيده X 583244.5502 Y 2369144.1611 ]]>", "color": "#fde047"}}, {"type": "Feature", "geometry": {"type": "Point", "coordinates": [39.80281118744047, 21.4225672542063]}, "properties": {"layer": "lighting", "name": "12/587700", "kind": "نقطة إنارة", "description": "رقم لوحة التوزيع1 ع/143 رقم لوحة التوزيع2 رقم لوحة التوزيع3 رقم اشتراك العداد 12/587700 تصنيف حسب قدرة التيار بالعداد 200 A التجمع القروي كود البلديه العتيبية X 583200.1324 Y 2369128.3861 ]]>", "color": "#fde047"}}, {"type": "Feature", "geometry": {"type": "LineString", "coordinates": [[39.80281595942089, 21.42256424046542], [39.80288613841882, 21.42230044856947], [39.80308839282143, 21.4222981525149], [39.80343273699678, 21.42230859424701], [39.80369736272083, 21.42234418923958], [39.80422297836557, 21.4224249814921], [39.80498671315877, 21.42262588313887]]}, "properties": {"layer": "lighting", "name": "مسار بلا عنوان", "kind": "نقطة إنارة", "description": "", "color": "#fbbf24"}}, {"type": "Feature", "geometry": {"type": "Point", "coordinates": [39.78996801045747, 21.42513651263463]}, "properties": {"layer": "lighting", "name": "بدون رقم-15", "kind": "نقطة إنارة", "description": "رقم لوحة التوزيع بدون رقم-15 رقم لوحة التوزيع الجديد رقم اشتراك العداد1 23/550350 تصنيف حسب قدرة التيار 400A التجمع القروي اسم الحى حي النزهة كود البلدية العتيبية حالة القاطع الرئيسى جيد دهان لوحة التوزيع تحتاج دهان وترقيم تثبيت لوحة التوزيع قاعدة التاريض يوجد الساعة الفلكية جيده الخلية الضوئية لاتعمل عدد الكونتكتورز 2 عدد الكونتكتورز المتهالكة 0 عدد القواطع الفرعية 4 عدد القاطع الفرعية المتهالكة 0 عدد القواطع الاحتياطية 0 عدد مفاتيح التسريب الارضى 0 عدد مفاتيح التسريب الارضى غير موجودة 0 عدد مفاتيح التسريب الارضى المتهالكة 0 حالة لوحة التوزيع جيد حالة القاعدة او البترة جيده X 581867.622 Y 2369406.0092 ]]>", "color": "#fde047"}}, {"type": "Feature", "geometry": {"type": "Point", "coordinates": [39.78995464739378, 21.42514398580103]}, "properties": {"layer": "lighting", "name": "23/550350", "kind": "نقطة إنارة", "description": "رقم لوحة التوزيع1 بدون رقم رقم لوحة التوزيع2 رقم لوحة التوزيع3 رقم اشتراك العداد 23/550350 تصنيف حسب قدرة التيار بالعداد 400 A التجمع القروي كود البلديه العتيبية X 581866.2329 Y 2369406.8294 ]]>", "color": "#fde047"}}, {"type": "Feature", "geometry": {"type": "LineString", "coordinates": [[39.78997438852042, 21.42511462168748], [39.78996790507495, 21.4249121868047], [39.78887424393813, 21.42497327644599], [39.78855415658029, 21.42495729108206], [39.78856147333721, 21.42484505561841], [39.78769310052238, 21.42480100060901], [39.78684544157854, 21.42467004969058], [39.78599691780925, 21.42443605387927]]}, "properties": {"layer": "lighting", "name": "مسار بلا عنوان", "kind": "نقطة إنارة", "description": "", "color": "#fbbf24"}}, {"type": "Feature", "geometry": {"type": "LineString", "coordinates": [[39.78997811539509, 21.42514009565882], [39.789932863326, 21.42516582187826], [39.78988196034453, 21.4251130574838], [39.78920064167797, 21.42517916797653]]}, "properties": {"layer": "lighting", "name": "مسار بلا عنوان", "kind": "نقطة إنارة", "description": "", "color": "#fbbf24"}}, {"type": "Feature", "geometry": {"type": "LineString", "coordinates": [[39.78997113052665, 21.42512504729691], [39.7902231722718, 21.42525587603595], [39.7901310637497, 21.425393124832], [39.79018455770764, 21.42550337279336], [39.7900873145883, 21.42558342170915], [39.79011556233592, 21.42562544710506], [39.79042039939868, 21.42539434312205], [39.79073798577137, 21.42520062473112]]}, "properties": {"layer": "lighting", "name": "مسار بلا عنوان", "kind": "نقطة إنارة", "description": "", "color": "#fbbf24"}}, {"type": "Feature", "geometry": {"type": "Point", "coordinates": [39.77882058845058, 21.42335973421895]}, "properties": {"layer": "lighting", "name": "محطة 9", "kind": "نقطة إنارة", "description": "رقم لوحة التوزيع محطة 9 رقم لوحة التوزيع الجديد رقم اشتراك العداد1 توصيل مباشر من المحول تصنيف حسب قدرة التيار 400A التجمع القروي اسم الحى حي الحمراء كود البلدية العتيبية حالة القاطع الرئيسى جيد دهان لوحة التوزيع تحتاج دهان وترقيم تثبيت لوحة التوزيع قاعدة التاريض لايوجد الساعة الفلكية جيده الخلية الضوئية لايوجد عدد الكونتكتورز 1 عدد الكونتكتورز المتهالكة 0 عدد القواطع الفرعية 10 عدد القاطع الفرعية المتهالكة 0 عدد القواطع الاحتياطية 0 عدد مفاتيح التسريب الارضى 0 عدد مفاتيح التسريب الارضى غير موجودة 0 عدد مفاتيح التسريب الارضى المتهالكة 0 حالة لوحة التوزيع متهالكه حالة القاعدة او البترة متهالكه X 580713.2926 Y 2369203.5671 ]]>", "color": "#fde047"}}, {"type": "Feature", "geometry": {"type": "LineString", "coordinates": [[39.77882474569352, 21.42337348847299], [39.77974221202039, 21.42337070907401]]}, "properties": {"layer": "lighting", "name": "مسار بلا عنوان", "kind": "نقطة إنارة", "description": "", "color": "#fbbf24"}}, {"type": "Feature", "geometry": {"type": "LineString", "coordinates": [[39.77882572350376, 21.42336632253927], [39.77915891283682, 21.4223193664135], [39.77944497947487, 21.4223408365185], [39.77970734952524, 21.42125116374104]]}, "properties": {"layer": "lighting", "name": "مسار بلا عنوان", "kind": "نقطة إنارة", "description": "", "color": "#fbbf24"}}, {"type": "Feature", "geometry": {"type": "LineString", "coordinates": [[39.77882311167024, 21.42333945590434], [39.77880707083902, 21.42297224353112], [39.77783384247412, 21.42239088053933], [39.77735101248571, 21.42154205143996], [39.77716716414196, 21.42053692298965], [39.77692008529026, 21.41950065447435]]}, "properties": {"layer": "lighting", "name": "مسار بلا عنوان", "kind": "نقطة إنارة", "description": "", "color": "#fbbf24"}}, {"type": "Feature", "geometry": {"type": "LineString", "coordinates": [[39.77881587340122, 21.4233299734098], [39.77870573518727, 21.4238450283101], [39.7786153950047, 21.42423867305113], [39.77839034800876, 21.42427380956284], [39.7778345747323, 21.42492448810495]]}, "properties": {"layer": "lighting", "name": "مسار بلا عنوان", "kind": "نقطة إنارة", "description": "", "color": "#fbbf24"}}, {"type": "Feature", "geometry": {"type": "LineString", "coordinates": [[39.77883959017966, 21.42336222506087], [39.77874042838828, 21.4234680420508], [39.77858359899093, 21.42419883725378], [39.77838136348963, 21.42422754975126], [39.77831898311644, 21.42386103316544], [39.7783005121578, 21.4237962004288], [39.77823404518158, 21.42383215023178]]}, "properties": {"layer": "lighting", "name": "مسار بلا عنوان", "kind": "نقطة إنارة", "description": "", "color": "#fbbf24"}}, {"type": "Feature", "geometry": {"type": "LineString", "coordinates": [[39.77881688314335, 21.42336990597932], [39.77865271028544, 21.42340876940841]]}, "properties": {"layer": "lighting", "name": "مسار بلا عنوان", "kind": "نقطة إنارة", "description": "", "color": "#fbbf24"}}, {"type": "Feature", "geometry": {"type": "Point", "coordinates": [39.77414522606253, 21.42045272613176]}, "properties": {"layer": "lighting", "name": "هـ/142", "kind": "نقطة إنارة", "description": "مكتب الجعيب رقم لوحة التوزيع هـ/142 رقم لوحة التوزيع الجديد رقم اشتراك العداد1 27/369625 تصنيف حسب قدرة التيار 100A التجمع القروي اسم الحى حى الحمراء كود البلدية العتيبية حالة القاطع الرئيسى جيد دهان لوحة التوزيع جديد تثبيت لوحة التوزيع بتره التاريض لايوجد الساعة الفلكية جيده الخلية الضوئية لايوجد عدد الكونتكتورز 2 عدد الكونتكتورز المتهالكة 0 عدد القواطع الفرعية 18 عدد القاطع الفرعية المتهالكة 0 عدد القواطع الاحتياطية 3 عدد مفاتيح التسريب الارضى 6 عدد مفاتيح التسريب الارضى غير موجودة 0 عدد مفاتيح التسريب الارضى المتهالكة 1 حالة لوحة التوزيع تحتاج صيانة حالة القاعدة او البترة جيده X 580228.734 Y 2368880.113 ]]>", "color": "#fde047"}}, {"type": "Feature", "geometry": {"type": "Point", "coordinates": [39.77418365441602, 21.42048675893878]}, "properties": {"layer": "lighting", "name": "27/369625", "kind": "نقطة إنارة", "description": "رقم لوحة التوزيع1 هـ/142 رقم لوحة التوزيع2 رقم لوحة التوزيع3 رقم اشتراك العداد 27/369625 تصنيف حسب قدرة التيار بالعداد 200 A التجمع القروي كود البلديه العتيبية X 580234.2904 Y 2368883.1907 ]]>", "color": "#fde047"}}, {"type": "Feature", "geometry": {"type": "LineString", "coordinates": [[39.77413672990192, 21.42047066711335], [39.77428603777936, 21.42072560074432], [39.77647768481701, 21.4200985722251], [39.77652004433453, 21.42008507860821], [39.77651187058662, 21.41993816988071], [39.77642043995051, 21.4196448100194], [39.77627035998671, 21.41931980415364], [39.77608880624668, 21.4189986926269], [39.77584901746486, 21.41871645390125], [39.77553537792262, 21.41849867821621], [39.77515512325047, 21.41824300318286], [39.77491568572504, 21.41807065123682], [39.77461473006403, 21.41786160180687], [39.77428230496101, 21.4176675343029], [39.77397068901412, 21.41745565934322], [39.77359041555727, 21.41720795934384]]}, "properties": {"layer": "lighting", "name": "مسار بلا عنوان", "kind": "نقطة إنارة", "description": "", "color": "#fbbf24"}}, {"type": "Feature", "geometry": {"type": "Point", "coordinates": [39.7715037105153, 21.41604775309401]}, "properties": {"layer": "lighting", "name": "هـ/141", "kind": "نقطة إنارة", "description": "مكتب الجعيب رقم لوحة التوزيع هـ/141 رقم لوحة التوزيع الجديد رقم اشتراك العداد1 27/382351 تصنيف حسب قدرة التيار 200A التجمع القروي اسم الحى حى الحمراء كود البلدية العتيبية حالة القاطع الرئيسى جيد دهان لوحة التوزيع جديد تثبيت لوحة التوزيع قاعدة التاريض لايوجد الساعة الفلكية جيده الخلية الضوئية لايوجد عدد الكونتكتورز 2 عدد الكونتكتورز المتهالكة 0 عدد القواطع الفرعية 18 عدد القاطع الفرعية المتهالكة 0 عدد القواطع الاحتياطية 9 عدد مفاتيح التسريب الارضى 4 عدد مفاتيح التسريب الارضى غير موجودة 2 عدد مفاتيح التسريب الارضى المتهالكة 3 حالة لوحة التوزيع تحتاج صيانة حالة القاعدة او البترة جيده X 579957.447 Y 2368390.674 ]]>", "color": "#fde047"}}, {"type": "Feature", "geometry": {"type": "Point", "coordinates": [39.77150299339878, 21.41604899232894]}, "properties": {"layer": "lighting", "name": "27/382351", "kind": "نقطة إنارة", "description": "مكتب الجعيب رقم لوحة التوزيع1 هـ/141 رقم لوحة التوزيع2 رقم لوحة التوزيع3 رقم اشتراك العداد 27/382351 تصنيف حسب قدرة التيار بالعداد 100 A التجمع القروي كود البلديه العتيبية X 579958.877 Y 2368390.625 ]]>", "color": "#fde047"}}, {"type": "Feature", "geometry": {"type": "LineString", "coordinates": [[39.77149412295417, 21.41605302917507], [39.77166500701559, 21.41612246036128], [39.77206573513769, 21.41631480297922], [39.77241019779397, 21.4164864340224], [39.77274100347858, 21.41668168949263], [39.77306698248606, 21.41687257108333]]}, "properties": {"layer": "lighting", "name": "مسار بلا عنوان", "kind": "نقطة إنارة", "description": "", "color": "#fbbf24"}}, {"type": "Feature", "geometry": {"type": "LineString", "coordinates": [[39.77151663840603, 21.41605706607299], [39.77134460331154, 21.41598253452174], [39.77086267898718, 21.41576966124732], [39.77052511729292, 21.41566729773523], [39.77016653133849, 21.41552765405424], [39.76978519818294, 21.41539734695216]]}, "properties": {"layer": "lighting", "name": "مسار بلا عنوان", "kind": "نقطة إنارة", "description": "", "color": "#fbbf24"}}, {"type": "Feature", "geometry": {"type": "Point", "coordinates": [39.76702660180985, 21.41482450172072]}, "properties": {"layer": "lighting", "name": "ش/150", "kind": "نقطة إنارة", "description": "مكتب الجعيب رقم لوحة التوزيع ش/150 رقم لوحة التوزيع الجديد رقم اشتراك العداد1 27/386990 تصنيف حسب قدرة التيار 100A التجمع القروي اسم الحى حى الحمراء كود البلدية العتيبية حالة القاطع الرئيسى جيد دهان لوحة التوزيع جديد تثبيت لوحة التوزيع بتره التاريض يوجد الساعة الفلكية جيده الخلية الضوئية لايوجد عدد الكونتكتورز 2 عدد الكونتكتورز المتهالكة 0 عدد القواطع الفرعية 18 عدد القاطع الفرعية المتهالكة 0 عدد القواطع الاحتياطية 0 عدد مفاتيح التسريب الارضى 6 عدد مفاتيح التسريب الارضى غير موجودة 0 عدد مفاتيح التسريب الارضى المتهالكة 0 حالة لوحة التوزيع جيد حالة القاعدة او البترة جيده X 579495.584 Y 2368252.817 ]]>", "color": "#fde047"}}, {"type": "Feature", "geometry": {"type": "Point", "coordinates": [39.76703799739354, 21.4148209983395]}, "properties": {"layer": "lighting", "name": "27/386990", "kind": "نقطة إنارة", "description": "مكتب الجعيب رقم لوحة التوزيع1 هـ/284 رقم لوحة التوزيع2 رقم لوحة التوزيع3 رقم اشتراك العداد 27/386990 تصنيف حسب قدرة التيار بالعداد 100 A التجمع القروي كود البلديه العتيبية X 579496.767 Y 2368252.435 ]]>", "color": "#fde047"}}, {"type": "Feature", "geometry": {"type": "LineString", "coordinates": [[39.76704584407339, 21.41481159836879], [39.76715720330662, 21.41483986739847], [39.76755447933704, 21.4149000344568], [39.76796357404201, 21.4149710306844], [39.76822776702959, 21.41501975844161], [39.76851748948708, 21.41506961555664], [39.76885668352292, 21.41515875577452], [39.76908080915695, 21.41520958506279], [39.76935676885752, 21.41527763580223]]}, "properties": {"layer": "lighting", "name": "مسار بلا عنوان", "kind": "نقطة إنارة", "description": "", "color": "#fbbf24"}}, {"type": "Feature", "geometry": {"type": "LineString", "coordinates": [[39.76704995142747, 21.41481396007384], [39.76677757807741, 21.41480321149057], [39.76640127717959, 21.41479058778], [39.76602833384787, 21.41477785403184], [39.76562783615758, 21.41476307855891], [39.76533807274837, 21.41475761910788], [39.76493721872784, 21.41464658005438], [39.76443421628892, 21.41458453869986]]}, "properties": {"layer": "lighting", "name": "مسار بلا عنوان", "kind": "نقطة إنارة", "description": "", "color": "#fbbf24"}}, {"type": "Feature", "geometry": {"type": "Point", "coordinates": [39.71528885867233, 21.39621766099497]}, "properties": {"layer": "lighting", "name": "ش/356", "kind": "نقطة إنارة", "description": "مكتب الجعيب رقم لوحة التوزيع ش/356 رقم لوحة التوزيع الجديد رقم اشتراك العداد1 28/349800 تصنيف حسب قدرة التيار 200A التجمع القروي اسم الحى حي البساتين كود البلدية الشوقية حالة القاطع الرئيسى جيد دهان لوحة التوزيع قديم تثبيت لوحة التوزيع قاعدة التاريض لايوجد الساعة الفلكية جيده الخلية الضوئية لايوجد عدد الكونتكتورز 2 عدد الكونتكتورز المتهالكة 0 عدد القواطع الفرعية 18 عدد القاطع الفرعية المتهالكة 3 عدد القواطع الاحتياطية 9 عدد مفاتيح التسريب الارضى 3 عدد مفاتيح التسريب الارضى غير موجودة 3 عدد مفاتيح التسريب الارضى المتهالكة 3 حالة لوحة التوزيع متهالكه حالة القاعدة او البترة مدفونه X 574142.5914 Y 2366168.0015 ]]>", "color": "#fde047"}}, {"type": "Feature", "geometry": {"type": "Point", "coordinates": [39.71623480061456, 21.4019121027085]}, "properties": {"layer": "lighting", "name": "28/718000", "kind": "نقطة إنارة", "description": "مكتب الجعيب رقم لوحة التوزيع1 ش/322 رقم لوحة التوزيع2 رقم لوحة التوزيع3 رقم اشتراك العداد 28/718000 تصنيف حسب قدرة التيار بالعداد 100 A التجمع القروي كود البلديه الشوقية X 574237.771 Y 2366798.734 ]]>", "color": "#fde047"}}, {"type": "Feature", "geometry": {"type": "Point", "coordinates": [39.71624690279505, 21.40193079800413]}, "properties": {"layer": "lighting", "name": "ش/322", "kind": "نقطة إنارة", "description": "مكتب الجعيب رقم لوحة التوزيع ش/322 رقم لوحة التوزيع الجديد رقم اشتراك العداد1 28/718000 تصنيف حسب قدرة التيار 100A التجمع القروي اسم الحى حي البساتين كود البلدية الشوقية حالة القاطع الرئيسى جيد دهان لوحة التوزيع قديم تثبيت لوحة التوزيع بتره التاريض يوجد الساعة الفلكية جيده الخلية الضوئية لايوجد عدد الكونتكتورز 2 عدد الكونتكتورز المتهالكة 0 عدد القواطع الفرعية 18 عدد القاطع الفرعية المتهالكة 0 عدد القواطع الاحتياطية 12 عدد مفاتيح التسريب الارضى 6 عدد مفاتيح التسريب الارضى غير موجودة عدد مفاتيح التسريب الارضى المتهالكة 2 حالة لوحة التوزيع جيد حالة القاعدة او البترة جيده X 574239.016 Y 2366800.809 ]]>", "color": "#fde047"}}, {"type": "Feature", "geometry": {"type": "LineString", "coordinates": [[39.71624029848431, 21.40193799188422], [39.71561787436698, 21.40115058606743], [39.71541572990999, 21.40085774834417], [39.71491415636637, 21.40027766854458], [39.71472718663193, 21.40000352776086], [39.7145015151993, 21.39970275235116], [39.71430890189998, 21.39940332945945], [39.71413380764119, 21.39907778063701], [39.71399111923807, 21.39879629223563]]}, "properties": {"layer": "lighting", "name": "مسار بلا عنوان", "kind": "نقطة إنارة", "description": "", "color": "#fbbf24"}}, {"type": "Feature", "geometry": {"type": "LineString", "coordinates": [[39.71626051741698, 21.40192780217451], [39.71632566396731, 21.4020645500003], [39.71655788457208, 21.40233553022558], [39.71679459460285, 21.40263243863791], [39.71702823885927, 21.40294155655362], [39.71724733583144, 21.4032017784983], [39.71746304500154, 21.40352515346513], [39.7181332376767, 21.4043942208873], [39.71906792252847, 21.40556285127168], [39.71953695031137, 21.40613950825976]]}, "properties": {"layer": "lighting", "name": "مسار بلا عنوان", "kind": "نقطة إنارة", "description": "", "color": "#fbbf24"}}, {"type": "Feature", "geometry": {"type": "Point", "coordinates": [39.72719226549332, 21.4119185866496]}, "properties": {"layer": "lighting", "name": "ش/323", "kind": "نقطة إنارة", "description": "رقم لوحة التوزيع ش/323 رقم لوحة التوزيع الجديد رقم اشتراك العداد1 28/763700 تصنيف حسب قدرة التيار 100A التجمع القروي اسم الحى حي البساتين كود البلدية الشوقية حالة القاطع الرئيسى جيد دهان لوحة التوزيع جديد تثبيت لوحة التوزيع بتره التاريض يوجد الساعة الفلكية جيده الخلية الضوئية لايوجد عدد الكونتكتورز 2 عدد الكونتكتورز المتهالكة 0 عدد القواطع الفرعية 18 عدد القاطع الفرعية المتهالكة 0 عدد القواطع الاحتياطية 12 عدد مفاتيح التسريب الارضى 6 عدد مفاتيح التسريب الارضى غير موجودة 0 عدد مفاتيح التسريب الارضى المتهالكة 1 حالة لوحة التوزيع جيد حالة القاعدة او البترة جيده X 575368.4265 Y 2367911.5191 ]]>", "color": "#fde047"}}, {"type": "Feature", "geometry": {"type": "Point", "coordinates": [39.72777830796225, 21.41199620737228]}, "properties": {"layer": "lighting", "name": "28/763700", "kind": "نقطة إنارة", "description": "رقم لوحة التوزيع1 ش/323 رقم لوحة التوزيع2 رقم لوحة التوزيع3 رقم اشتراك العداد 28/763700 تصنيف حسب قدرة التيار بالعداد 200 A التجمع القروي كود البلديه الشوقية X 575429.1283 Y 2367920.3921 ]]>", "color": "#fde047"}}, {"type": "Feature", "geometry": {"type": "LineString", "coordinates": [[39.72719249219387, 21.41191452969143], [39.72699883077865, 21.41189720564374], [39.72666457960539, 21.41181357008253], [39.72629835337087, 21.41172852854761], [39.72588641536333, 21.41161068959711], [39.72553521269182, 21.41150837005543], [39.72516726794785, 21.41138565442529], [39.72480905058519, 21.41122042292402], [39.72448070439338, 21.41106015374434], [39.72413306326218, 21.41087566868881], [39.72382434510414, 21.41068468986294], [39.72351306134965, 21.41048515635987], [39.72319742686992, 21.41026192912782], [39.72291292476106, 21.41004844354144], [39.72262016844572, 21.4098052535154], [39.7223339966165, 21.40955665191147], [39.72205039640097, 21.40929073257732], [39.72182081785763, 21.40904429475732], [39.72157098506366, 21.40877503896631], [39.72132134358237, 21.40847992943434], [39.72111035488012, 21.40819384884596], [39.71972960509387, 21.40640592335043]]}, "properties": {"layer": "lighting", "name": "مسار بلا عنوان", "kind": "نقطة إنارة", "description": "", "color": "#fbbf24"}}, {"type": "Feature", "geometry": {"type": "LineString", "coordinates": [[39.73007727004178, 21.4120220003413], [39.72968346873113, 21.41205083795764], [39.72930473467769, 21.41206156638879], [39.72892358952036, 21.41207231352199], [39.72852120317364, 21.41207140855114], [39.7281480843746, 21.41201976111738], [39.72779844768785, 21.41200944802453], [39.72744165683385, 21.41196986602746], [39.72721282162009, 21.41192594549657]]}, "properties": {"layer": "lighting", "name": "مسار بلا عنوان", "kind": "نقطة إنارة", "description": "", "color": "#fbbf24"}}, {"type": "Feature", "geometry": {"type": "LineString", "coordinates": [[39.71532356591343, 21.39622395190622], [39.71546208865083, 21.39640565804163], [39.71465712033519, 21.39696005017467], [39.71356229892684, 21.39773050860109]]}, "properties": {"layer": "lighting", "name": "مسار بلا عنوان", "kind": "نقطة إنارة", "description": "", "color": "#fbbf24"}}, {"type": "Feature", "geometry": {"type": "LineString", "coordinates": [[39.7128380737128, 21.39768653692119], [39.71335215798861, 21.39835145679675]]}, "properties": {"layer": "lighting", "name": "مسار بلا عنوان", "kind": "نقطة إنارة", "description": "", "color": "#fbbf24"}}, {"type": "Feature", "geometry": {"type": "LineString", "coordinates": [[39.71229351624775, 21.39804934018401], [39.71282990364873, 21.39871378354868]]}, "properties": {"layer": "lighting", "name": "مسار بلا عنوان", "kind": "نقطة إنارة", "description": "", "color": "#fbbf24"}}, {"type": "Feature", "geometry": {"type": "Point", "coordinates": [39.70973309579243, 21.39988499778059]}, "properties": {"layer": "lighting", "name": "هـ/107", "kind": "نقطة إنارة", "description": "مكتب الجعيب رقم لوحة التوزيع هـ/107 رقم لوحة التوزيع الجديد رقم اشتراك العداد1 27/593275 تصنيف حسب قدرة التيار 200A التجمع القروي اسم الحى حي ام الجود كود البلدية العمرة حالة القاطع الرئيسى جيد دهان لوحة التوزيع جديد تثبيت لوحة التوزيع قاعدة التاريض يوجد الساعة الفلكية جيده الخلية الضوئية لايوجد عدد الكونتكتورز 2 عدد الكونتكتورز المتهالكة 0 عدد القواطع الفرعية 18 عدد القاطع الفرعية المتهالكة 3 عدد القواطع الاحتياطية 11 عدد مفاتيح التسريب الارضى 5 عدد مفاتيح التسريب الارضى غير موجودة 1 عدد مفاتيح التسريب الارضى المتهالكة 5 حالة لوحة التوزيع جيد حالة القاعدة او البترة جيده X 573564.8576 Y 2366571.305 ]]>", "color": "#fde047"}}, {"type": "Feature", "geometry": {"type": "Point", "coordinates": [39.70972517121985, 21.39987675372431]}, "properties": {"layer": "lighting", "name": "27/593275", "kind": "نقطة إنارة", "description": "مكتب الجعيب رقم لوحة التوزيع1 هـ/107 رقم لوحة التوزيع2 رقم لوحة التوزيع3 رقم اشتراك العداد 27/593275 تصنيف حسب قدرة التيار بالعداد 200 A التجمع القروي كود البلديه العمرة X 573564.0403 Y 2366570.3888 ]]>", "color": "#fde047"}}, {"type": "Feature", "geometry": {"type": "LineString", "coordinates": [[39.70976503301994, 21.399921793892], [39.70992777496495, 21.39985296326698], [39.71018656572861, 21.39964317871379], [39.71033715384332, 21.39989283600858], [39.71107888190055, 21.39940483878959], [39.71177461453074, 21.39895025703449], [39.71212005074172, 21.39869917251723], [39.71190722534571, 21.39820254655325]]}, "properties": {"layer": "lighting", "name": "مسار بلا عنوان", "kind": "نقطة إنارة", "description": "", "color": "#fbbf24"}}, {"type": "Feature", "geometry": {"type": "LineString", "coordinates": [[39.71211336244024, 21.39871452188052], [39.71247183605244, 21.39892341377374]]}, "properties": {"layer": "lighting", "name": "مسار بلا عنوان", "kind": "نقطة إنارة", "description": "", "color": "#fbbf24"}}, {"type": "Feature", "geometry": {"type": "Point", "coordinates": [39.71686392582684, 21.40458835640394]}, "properties": {"layer": "lighting", "name": "بدون رقم-7", "kind": "نقطة إنارة", "description": "رقم لوحة التوزيع بدون رقم-7 رقم لوحة التوزيع الجديد هـ/126 رقم اشتراك العداد1 27/513135 تصنيف حسب قدرة التيار 200A التجمع القروي اسم الحى حي ام الجود كود البلدية العمرة حالة القاطع الرئيسى جيد دهان لوحة التوزيع تحتاج دهان وترقيم تثبيت لوحة التوزيع بتره التاريض لايوجد الساعة الفلكية جيده الخلية الضوئية لايوجد عدد الكونتكتورز 2 عدد الكونتكتورز المتهالكة 0 عدد القواطع الفرعية 18 عدد القاطع الفرعية المتهالكة 0 عدد القواطع الاحتياطية 12 عدد مفاتيح التسريب الارضى 6 عدد مفاتيح التسريب الارضى غير موجودة 2 عدد مفاتيح التسريب الارضى المتهالكة 0 حالة لوحة التوزيع جيد حالة القاعدة او البترة جيده X 574301.6298 Y 2367095.2512 ]]>", "color": "#fde047"}}, {"type": "Feature", "geometry": {"type": "Point", "coordinates": [39.71686943814303, 21.40459046050217]}, "properties": {"layer": "lighting", "name": "27/513135", "kind": "نقطة إنارة", "description": "رقم لوحة التوزيع1 بدون رقم 7 رقم لوحة التوزيع2 رقم لوحة التوزيع3 رقم اشتراك العداد 27/513135 تصنيف حسب قدرة التيار بالعداد 200 A التجمع القروي كود البلديه العمرة X 574302.2001 Y 2367095.4867 ]]>", "color": "#fde047"}}, {"type": "Feature", "geometry": {"type": "LineString", "coordinates": [[39.71687623002475, 21.40459093711776], [39.71710281303155, 21.40442620225697], [39.71715007379262, 21.40449020906998], [39.71738089968374, 21.40478340559951], [39.71761343891273, 21.40508143698438], [39.71784804869575, 21.40541091398941], [39.71805234325546, 21.40566238489988], [39.71825454141496, 21.40594077308338], [39.71849941071357, 21.40624840956666], [39.71873152052179, 21.40654664100821], [39.71894832965969, 21.40684757935821], [39.71917611056095, 21.40712903718244], [39.7194016361351, 21.40742662991876], [39.71962085510998, 21.40769955527464]]}, "properties": {"layer": "lighting", "name": "مسار بلا عنوان", "kind": "نقطة إنارة", "description": "", "color": "#fbbf24"}}, {"type": "Feature", "geometry": {"type": "LineString", "coordinates": [[39.71686637825285, 21.40458800495473], [39.71707401778702, 21.40440571011605], [39.71693183438948, 21.40421769046052], [39.71671528214629, 21.40392712199096], [39.71647968102535, 21.40362862897828], [39.71554907362853, 21.40242828002679], [39.7150776314182, 21.40180849395634], [39.71482662126398, 21.40150361774912], [39.71437004022924, 21.40085786991018], [39.71413729855971, 21.4005956834276], [39.71389660245423, 21.40032425263829], [39.71364996688948, 21.40001967232369], [39.71340873122227, 21.39977456897453], [39.71318034912613, 21.3995499576497]]}, "properties": {"layer": "lighting", "name": "مسار بلا عنوان", "kind": "نقطة إنارة", "description": "", "color": "#fbbf24"}}, {"type": "Feature", "geometry": {"type": "Point", "coordinates": [39.79380841672916, 21.42467242348699]}, "properties": {"layer": "lighting", "name": "علامة موضعية بلا عنوان", "kind": "برج", "description": "ارتفاع البرج (16) متر عدد الفوانيس(4) الحالة الفنية (جيد) القدرة (249) واط", "color": "#fde047"}}, {"type": "Feature", "geometry": {"type": "Point", "coordinates": [39.79380841672916, 21.42467242348699]}, "properties": {"layer": "lighting", "name": "علامة موضعية بلا عنوان", "kind": "نقطة إنارة", "description": "", "color": "#fde047"}}, {"type": "Feature", "geometry": {"type": "Point", "coordinates": [39.79421639067974, 21.42463468257002]}, "properties": {"layer": "lighting", "name": "علامة موضعية بلا عنوان", "kind": "برج", "description": "ارتفاع البرج (16) متر عدد الفوانيس(4) الحالة الفنية (جيد) القدرة (249) واط", "color": "#fde047"}}, {"type": "Feature", "geometry": {"type": "Point", "coordinates": [39.79457684957216, 21.42459552353301]}, "properties": {"layer": "lighting", "name": "علامة موضعية بلا عنوان", "kind": "برج", "description": "ارتفاع البرج (16) متر عدد الفوانيس(4) الحالة الفنية (جيد) القدرة (249) واط", "color": "#fde047"}}, {"type": "Feature", "geometry": {"type": "Point", "coordinates": [39.79494402192026, 21.42454501459017]}, "properties": {"layer": "lighting", "name": "علامة موضعية بلا عنوان", "kind": "برج", "description": "ارتفاع البرج (16) متر عدد الفوانيس(4) الحالة الفنية (جيد) القدرة (249) واط", "color": "#fde047"}}, {"type": "Feature", "geometry": {"type": "Point", "coordinates": [39.79534773412427, 21.42449763911109]}, "properties": {"layer": "lighting", "name": "علامة موضعية بلا عنوان", "kind": "برج", "description": "ارتفاع البرج (16) متر عدد الفوانيس(4) الحالة الفنية (جيد) القدرة (249) واط", "color": "#fde047"}}, {"type": "Feature", "geometry": {"type": "Point", "coordinates": [39.79573165957328, 21.42445442657654]}, "properties": {"layer": "lighting", "name": "علامة موضعية بلا عنوان", "kind": "برج", "description": "ارتفاع البرج (16) متر عدد الفوانيس(4) الحالة الفنية (جيد) القدرة (249) واط", "color": "#fde047"}}, {"type": "Feature", "geometry": {"type": "Point", "coordinates": [39.79612684817145, 21.42440853372674]}, "properties": {"layer": "lighting", "name": "علامة موضعية بلا عنوان", "kind": "برج", "description": "ارتفاع البرج (16) متر عدد الفوانيس(4) الحالة الفنية (جيد) القدرة (249) واط", "color": "#fde047"}}, {"type": "Feature", "geometry": {"type": "Point", "coordinates": [39.79650948422103, 21.42435881186625]}, "properties": {"layer": "lighting", "name": "علامة موضعية بلا عنوان", "kind": "برج", "description": "ارتفاع البرج (16) متر عدد الفوانيس(4) الحالة الفنية (جيد) القدرة (249) واط", "color": "#fde047"}}, {"type": "Feature", "geometry": {"type": "Point", "coordinates": [39.79688302530454, 21.42429080937445]}, "properties": {"layer": "lighting", "name": "علامة موضعية بلا عنوان", "kind": "برج", "description": "ارتفاع البرج (16) متر عدد الفوانيس(4) الحالة الفنية (جيد) القدرة (249) واط", "color": "#fde047"}}, {"type": "Feature", "geometry": {"type": "Point", "coordinates": [39.79724699310072, 21.42417950465977]}, "properties": {"layer": "lighting", "name": "علامة موضعية بلا عنوان", "kind": "برج", "description": "ارتفاع البرج (16) متر عدد الفوانيس(4) الحالة الفنية (جيد) القدرة (249) واط", "color": "#fde047"}}, {"type": "Feature", "geometry": {"type": "Point", "coordinates": [39.79760794467793, 21.42404678060863]}, "properties": {"layer": "lighting", "name": "علامة موضعية بلا عنوان", "kind": "برج", "description": "ارتفاع البرج (16) متر عدد الفوانيس(4) الحالة الفنية (جيد) القدرة (249) واط", "color": "#fde047"}}, {"type": "Feature", "geometry": {"type": "Point", "coordinates": [39.79796066360951, 21.42392859647527]}, "properties": {"layer": "lighting", "name": "علامة موضعية بلا عنوان", "kind": "برج", "description": "ارتفاع البرج (16) متر عدد الفوانيس(4) الحالة الفنية (جيد) القدرة (249) واط", "color": "#fde047"}}, {"type": "Feature", "geometry": {"type": "Point", "coordinates": [39.79831868206958, 21.42380323767921]}, "properties": {"layer": "lighting", "name": "علامة موضعية بلا عنوان", "kind": "برج", "description": "ارتفاع البرج (16) متر عدد الفوانيس(4) الحالة الفنية (جيد) القدرة (249) واط", "color": "#fde047"}}, {"type": "Feature", "geometry": {"type": "Point", "coordinates": [39.79867830353905, 21.42367465490834]}, "properties": {"layer": "lighting", "name": "علامة موضعية بلا عنوان", "kind": "برج", "description": "ارتفاع البرج (16) متر عدد الفوانيس(4) الحالة الفنية (جيد) القدرة (249) واط", "color": "#fde047"}}, {"type": "Feature", "geometry": {"type": "Point", "coordinates": [39.79904011125256, 21.42354842349624]}, "properties": {"layer": "lighting", "name": "علامة موضعية بلا عنوان", "kind": "برج", "description": "ارتفاع البرج (16) متر عدد الفوانيس(4) الحالة الفنية (جيد) القدرة (249) واط", "color": "#fde047"}}, {"type": "Feature", "geometry": {"type": "Point", "coordinates": [39.79939810617864, 21.42342506131254]}, "properties": {"layer": "lighting", "name": "علامة موضعية بلا عنوان", "kind": "برج", "description": "ارتفاع البرج (16) متر عدد الفوانيس(4) الحالة الفنية (جيد) القدرة (249) واط", "color": "#fde047"}}, {"type": "Feature", "geometry": {"type": "Point", "coordinates": [39.79976117318215, 21.42328896309154]}, "properties": {"layer": "lighting", "name": "علامة موضعية بلا عنوان", "kind": "برج", "description": "ارتفاع البرج (16) متر عدد الفوانيس(4) الحالة الفنية (جيد) القدرة (249) واط", "color": "#fde047"}}, {"type": "Feature", "geometry": {"type": "Point", "coordinates": [39.80011871573279, 21.42316765119868]}, "properties": {"layer": "lighting", "name": "علامة موضعية بلا عنوان", "kind": "برج", "description": "ارتفاع البرج (16) متر عدد الفوانيس(4) الحالة الفنية (جيد) القدرة (249) واط", "color": "#fde047"}}, {"type": "Feature", "geometry": {"type": "Point", "coordinates": [39.80047956161151, 21.42303505820385]}, "properties": {"layer": "lighting", "name": "علامة موضعية بلا عنوان", "kind": "برج", "description": "ارتفاع البرج (16) متر عدد الفوانيس(4) الحالة الفنية (جيد) القدرة (249) واط", "color": "#fde047"}}, {"type": "Feature", "geometry": {"type": "Point", "coordinates": [39.8008434344067, 21.42289963825229]}, "properties": {"layer": "lighting", "name": "علامة موضعية بلا عنوان", "kind": "برج", "description": "ارتفاع البرج (16) متر عدد الفوانيس(4) الحالة الفنية (جيد) القدرة (249) واط", "color": "#fde047"}}, {"type": "Feature", "geometry": {"type": "Point", "coordinates": [39.80120262690413, 21.42277894144149]}, "properties": {"layer": "lighting", "name": "علامة موضعية بلا عنوان", "kind": "برج", "description": "ارتفاع البرج (16) متر عدد الفوانيس(4) الحالة الفنية (جيد) القدرة (249) واط", "color": "#fde047"}}, {"type": "Feature", "geometry": {"type": "Point", "coordinates": [39.80156365855023, 21.42264807886437]}, "properties": {"layer": "lighting", "name": "علامة موضعية بلا عنوان", "kind": "برج", "description": "ارتفاع البرج (16) متر عدد الفوانيس(4) الحالة الفنية (جيد) القدرة (249) واط", "color": "#fde047"}}, {"type": "Feature", "geometry": {"type": "Point", "coordinates": [39.80192270647522, 21.42252542950947]}, "properties": {"layer": "lighting", "name": "علامة موضعية بلا عنوان", "kind": "برج", "description": "ارتفاع البرج (16) متر عدد الفوانيس(4) الحالة الفنية (جيد) القدرة (249) واط", "color": "#fde047"}}, {"type": "Feature", "geometry": {"type": "Point", "coordinates": [39.80229962041318, 21.42243402504677]}, "properties": {"layer": "lighting", "name": "علامة موضعية بلا عنوان", "kind": "برج", "description": "ارتفاع البرج (16) متر عدد الفوانيس(4) الحالة الفنية (جيد) القدرة (249) واط", "color": "#fde047"}}, {"type": "Feature", "geometry": {"type": "Point", "coordinates": [39.80268401686727, 21.42238118820918]}, "properties": {"layer": "lighting", "name": "علامة موضعية بلا عنوان", "kind": "برج", "description": "ارتفاع البرج (16) متر عدد الفوانيس(4) الحالة الفنية (جيد) القدرة (249) واط", "color": "#fde047"}}, {"type": "Feature", "geometry": {"type": "Point", "coordinates": [39.80306075643207, 21.42236007853198]}, "properties": {"layer": "lighting", "name": "علامة موضعية بلا عنوان", "kind": "برج", "description": "ارتفاع البرج (16) متر عدد الفوانيس(4) الحالة الفنية (جيد) القدرة (249) واط", "color": "#fde047"}}, {"type": "Feature", "geometry": {"type": "Point", "coordinates": [39.80345316236833, 21.42236866294038]}, "properties": {"layer": "lighting", "name": "علامة موضعية بلا عنوان", "kind": "برج", "description": "ارتفاع البرج (16) متر عدد الفوانيس(4) الحالة الفنية (جيد) القدرة (249) واط", "color": "#fde047"}}, {"type": "Feature", "geometry": {"type": "Point", "coordinates": [39.80383129237824, 21.42241912163244]}, "properties": {"layer": "lighting", "name": "علامة موضعية بلا عنوان", "kind": "برج", "description": "ارتفاع البرج (16) متر عدد الفوانيس(4) الحالة الفنية (جيد) القدرة (249) واط", "color": "#fde047"}}, {"type": "Feature", "geometry": {"type": "Point", "coordinates": [39.80421625337031, 21.422486462451]}, "properties": {"layer": "lighting", "name": "علامة موضعية بلا عنوان", "kind": "برج", "description": "ارتفاع البرج (16) متر عدد الفوانيس(4) الحالة الفنية (جيد) القدرة (249) واط", "color": "#fde047"}}, {"type": "Feature", "geometry": {"type": "Point", "coordinates": [39.80459180654542, 21.4225637922495]}, "properties": {"layer": "lighting", "name": "علامة موضعية بلا عنوان", "kind": "برج", "description": "ارتفاع البرج (16) متر عدد الفوانيس(4) الحالة الفنية (جيد) القدرة (249) واط", "color": "#fde047"}}, {"type": "Feature", "geometry": {"type": "Point", "coordinates": [39.80496333921386, 21.42267067898832]}, "properties": {"layer": "lighting", "name": "علامة موضعية بلا عنوان", "kind": "برج", "description": "ارتفاع البرج (16) متر عدد الفوانيس(4) الحالة الفنية (جيد) القدرة (249) واط", "color": "#fde047"}}, {"type": "Feature", "geometry": {"type": "Point", "coordinates": [39.80528537337839, 21.42268438178759]}, "properties": {"layer": "lighting", "name": "علامة موضعية بلا عنوان", "kind": "برج", "description": "ارتفاع البرج (10) متر عدد الفوانيس(1) الحالة الفنية (جيد) القدرة (249) واط", "color": "#fde047"}}, {"type": "Feature", "geometry": {"type": "Point", "coordinates": [39.80523456466657, 21.42281109631644]}, "properties": {"layer": "lighting", "name": "علامة موضعية بلا عنوان", "kind": "برج", "description": "ارتفاع البرج (10) متر عدد الفوانيس(1) الحالة الفنية (جيد) القدرة (249) واط", "color": "#fde047"}}, {"type": "Feature", "geometry": {"type": "Point", "coordinates": [39.80553561373655, 21.42274816670929]}, "properties": {"layer": "lighting", "name": "علامة موضعية بلا عنوان", "kind": "برج", "description": "ارتفاع البرج (10) متر عدد الفوانيس(1) الحالة الفنية (جيد) القدرة (249) واط", "color": "#fde047"}}, {"type": "Feature", "geometry": {"type": "Point", "coordinates": [39.80551713451205, 21.42286855382513]}, "properties": {"layer": "lighting", "name": "علامة موضعية بلا عنوان", "kind": "برج", "description": "ارتفاع البرج (10) متر عدد الفوانيس(1) الحالة الفنية (جيد) القدرة (249) واط", "color": "#fde047"}}, {"type": "Feature", "geometry": {"type": "Point", "coordinates": [39.80577210115683, 21.42294025400881]}, "properties": {"layer": "lighting", "name": "علامة موضعية بلا عنوان", "kind": "برج", "description": "ارتفاع البرج (10) متر عدد الفوانيس(1) الحالة الفنية (جيد) القدرة (249) واط", "color": "#fde047"}}, {"type": "Feature", "geometry": {"type": "Point", "coordinates": [39.80581906079723, 21.42280488861648]}, "properties": {"layer": "lighting", "name": "علامة موضعية بلا عنوان", "kind": "برج", "description": "ارتفاع البرج (10) متر عدد الفوانيس(1) الحالة الفنية (جيد) القدرة (249) واط", "color": "#fde047"}}, {"type": "Feature", "geometry": {"type": "Point", "coordinates": [39.80602256585379, 21.42301471843117]}, "properties": {"layer": "lighting", "name": "علامة موضعية بلا عنوان", "kind": "برج", "description": "ارتفاع البرج (10) متر عدد الفوانيس(1) الحالة الفنية (جيد) القدرة (249) واط", "color": "#fde047"}}, {"type": "Feature", "geometry": {"type": "Point", "coordinates": [39.80606682099682, 21.42288635991486]}, "properties": {"layer": "lighting", "name": "علامة موضعية بلا عنوان", "kind": "برج", "description": "ارتفاع البرج (10) متر عدد الفوانيس(1) الحالة الفنية (جيد) القدرة (249) واط", "color": "#fde047"}}, {"type": "Feature", "geometry": {"type": "Point", "coordinates": [39.80628570251551, 21.42307499146611]}, "properties": {"layer": "lighting", "name": "علامة موضعية بلا عنوان", "kind": "برج", "description": "ارتفاع البرج (10) متر عدد الفوانيس(1) الحالة الفنية (جيد) القدرة (249) واط", "color": "#fde047"}}, {"type": "Feature", "geometry": {"type": "Point", "coordinates": [39.80632213787077, 21.42295127153375]}, "properties": {"layer": "lighting", "name": "علامة موضعية بلا عنوان", "kind": "برج", "description": "ارتفاع البرج (10) متر عدد الفوانيس(1) الحالة الفنية (جيد) القدرة (249) واط", "color": "#fde047"}}, {"type": "Feature", "geometry": {"type": "Point", "coordinates": [39.80653142360415, 21.42313910064199]}, "properties": {"layer": "lighting", "name": "علامة موضعية بلا عنوان", "kind": "برج", "description": "ارتفاع البرج (10) متر عدد الفوانيس(1) الحالة الفنية (جيد) القدرة (249) واط", "color": "#fde047"}}, {"type": "Feature", "geometry": {"type": "Point", "coordinates": [39.80655955991688, 21.42300442020844]}, "properties": {"layer": "lighting", "name": "علامة موضعية بلا عنوان", "kind": "برج", "description": "ارتفاع البرج (10) متر عدد الفوانيس(1) الحالة الفنية (جيد) القدرة (249) واط", "color": "#fde047"}}, {"type": "Feature", "geometry": {"type": "Point", "coordinates": [39.80679583454359, 21.42318488955287]}, "properties": {"layer": "lighting", "name": "علامة موضعية بلا عنوان", "kind": "برج", "description": "ارتفاع البرج (10) متر عدد الفوانيس(1) الحالة الفنية (جيد) القدرة (249) واط", "color": "#fde047"}}, {"type": "Feature", "geometry": {"type": "Point", "coordinates": [39.80681917425565, 21.42305893345926]}, "properties": {"layer": "lighting", "name": "علامة موضعية بلا عنوان", "kind": "برج", "description": "ارتفاع البرج (10) متر عدد الفوانيس(1) الحالة الفنية (جيد) القدرة (249) واط", "color": "#fde047"}}, {"type": "Feature", "geometry": {"type": "Point", "coordinates": [39.80706355282172, 21.42310515106771]}, "properties": {"layer": "lighting", "name": "علامة موضعية بلا عنوان", "kind": "برج", "description": "ارتفاع البرج (10) متر عدد الفوانيس(1) الحالة الفنية (جيد) القدرة (249) واط", "color": "#fde047"}}, {"type": "Feature", "geometry": {"type": "Point", "coordinates": [39.80704196634701, 21.42324274942555]}, "properties": {"layer": "lighting", "name": "علامة موضعية بلا عنوان", "kind": "نقطة إنارة", "description": "", "color": "#fde047"}}, {"type": "Feature", "geometry": {"type": "Point", "coordinates": [39.80730665603868, 21.42315495422005]}, "properties": {"layer": "lighting", "name": "علامة موضعية بلا عنوان", "kind": "نقطة إنارة", "description": "", "color": "#fde047"}}, {"type": "Feature", "geometry": {"type": "Point", "coordinates": [39.80730254035498, 21.42329939107569]}, "properties": {"layer": "lighting", "name": "علامة موضعية بلا عنوان", "kind": "برج", "description": "ارتفاع البرج (10) متر عدد الفوانيس(1) الحالة الفنية (جيد) القدرة (249) واط", "color": "#fde047"}}, {"type": "Feature", "geometry": {"type": "Point", "coordinates": [39.80756955454925, 21.42320317916812]}, "properties": {"layer": "lighting", "name": "علامة موضعية بلا عنوان", "kind": "برج", "description": "ارتفاع البرج (10) متر عدد الفوانيس(1) الحالة الفنية (جيد) القدرة (249) واط", "color": "#fde047"}}, {"type": "Feature", "geometry": {"type": "Point", "coordinates": [39.80753290461619, 21.42333622585226]}, "properties": {"layer": "lighting", "name": "علامة موضعية بلا عنوان", "kind": "برج", "description": "ارتفاع البرج (10) متر عدد الفوانيس(1) الحالة الفنية (جيد) القدرة (249) واط", "color": "#fde047"}}, {"type": "Feature", "geometry": {"type": "Point", "coordinates": [39.80783208932002, 21.42324394542933]}, "properties": {"layer": "lighting", "name": "علامة موضعية بلا عنوان", "kind": "برج", "description": "ارتفاع البرج (10) متر عدد الفوانيس(1) الحالة الفنية (جيد) القدرة (249) واط", "color": "#fde047"}}, {"type": "Feature", "geometry": {"type": "Point", "coordinates": [39.80779916195178, 21.42338735863932]}, "properties": {"layer": "lighting", "name": "علامة موضعية بلا عنوان", "kind": "برج", "description": "ارتفاع البرج (10) متر عدد الفوانيس(1) الحالة الفنية (جيد) القدرة (249) واط", "color": "#fde047"}}, {"type": "Feature", "geometry": {"type": "Point", "coordinates": [39.80809352158519, 21.42329752374521]}, "properties": {"layer": "lighting", "name": "علامة موضعية بلا عنوان", "kind": "برج", "description": "ارتفاع البرج (10) متر عدد الفوانيس(1) الحالة الفنية (جيد) القدرة (249) واط", "color": "#fde047"}}, {"type": "Feature", "geometry": {"type": "Point", "coordinates": [39.80806595108531, 21.4234370213184]}, "properties": {"layer": "lighting", "name": "علامة موضعية بلا عنوان", "kind": "برج", "description": "ارتفاع البرج (10) متر عدد الفوانيس(1) الحالة الفنية (جيد) القدرة (249) واط", "color": "#fde047"}}, {"type": "Feature", "geometry": {"type": "Point", "coordinates": [39.80832947409321, 21.42348620269698]}, "properties": {"layer": "lighting", "name": "علامة موضعية بلا عنوان", "kind": "برج", "description": "ارتفاع البرج (10) متر عدد الفوانيس(1) الحالة الفنية (جيد) القدرة (249) واط", "color": "#fde047"}}, {"type": "Feature", "geometry": {"type": "Point", "coordinates": [39.80835832703754, 21.42334829843687]}, "properties": {"layer": "lighting", "name": "علامة موضعية بلا عنوان", "kind": "برج", "description": "ارتفاع البرج (10) متر عدد الفوانيس(1) الحالة الفنية (جيد) القدرة (249) واط", "color": "#fde047"}}, {"type": "Feature", "geometry": {"type": "Point", "coordinates": [39.80857818537695, 21.42354302984934]}, "properties": {"layer": "lighting", "name": "علامة موضعية بلا عنوان", "kind": "برج", "description": "ارتفاع البرج (10) متر عدد الفوانيس(1) الحالة الفنية (جيد) القدرة (249) واط", "color": "#fde047"}}, {"type": "Feature", "geometry": {"type": "Point", "coordinates": [39.80860651117506, 21.4234063669741]}, "properties": {"layer": "lighting", "name": "علامة موضعية بلا عنوان", "kind": "برج", "description": "ارتفاع البرج (10) متر عدد الفوانيس(1) الحالة الفنية (جيد) القدرة (249) واط", "color": "#fde047"}}, {"type": "Feature", "geometry": {"type": "Point", "coordinates": [39.80882037053438, 21.42359907735977]}, "properties": {"layer": "lighting", "name": "علامة موضعية بلا عنوان", "kind": "برج", "description": "ارتفاع البرج (10) متر عدد الفوانيس(1) الحالة الفنية (جيد) القدرة (249) واط", "color": "#fde047"}}, {"type": "Feature", "geometry": {"type": "Point", "coordinates": [39.80884998648558, 21.42344461105188]}, "properties": {"layer": "lighting", "name": "علامة موضعية بلا عنوان", "kind": "برج", "description": "ارتفاع البرج (10) متر عدد الفوانيس(1) الحالة الفنية (جيد) القدرة (249) واط", "color": "#fde047"}}, {"type": "Feature", "geometry": {"type": "Point", "coordinates": [39.80926276670474, 21.42360486002305]}, "properties": {"layer": "lighting", "name": "علامة موضعية بلا عنوان", "kind": "برج", "description": "ارتفاع البرج (16) متر عدد الفوانيس(4) الحالة الفنية (جيد) القدرة (249) واط", "color": "#fde047"}}, {"type": "Feature", "geometry": {"type": "Point", "coordinates": [39.80963181915786, 21.42360428315247]}, "properties": {"layer": "lighting", "name": "علامة موضعية بلا عنوان", "kind": "برج", "description": "ارتفاع البرج (16) متر عدد الفوانيس(4) الحالة الفنية (جيد) القدرة (249) واط", "color": "#fde047"}}, {"type": "Feature", "geometry": {"type": "Point", "coordinates": [39.81006466427721, 21.42367580493384]}, "properties": {"layer": "lighting", "name": "علامة موضعية بلا عنوان", "kind": "برج", "description": "ارتفاع البرج (16) متر عدد الفوانيس(4) الحالة الفنية (جيد) القدرة (249) واط", "color": "#fde047"}}, {"type": "Feature", "geometry": {"type": "Point", "coordinates": [39.81048064722597, 21.42378977160167]}, "properties": {"layer": "lighting", "name": "علامة موضعية بلا عنوان", "kind": "برج", "description": "ارتفاع البرج (16) متر عدد الفوانيس(4) الحالة الفنية (جيد) القدرة (249) واط", "color": "#fde047"}}, {"type": "Feature", "geometry": {"type": "Point", "coordinates": [39.81090915512799, 21.42385298406691]}, "properties": {"layer": "lighting", "name": "علامة موضعية بلا عنوان", "kind": "برج", "description": "ارتفاع البرج (16) متر عدد الفوانيس(4) الحالة الفنية (جيد) القدرة (249) واط", "color": "#fde047"}}, {"type": "Feature", "geometry": {"type": "Point", "coordinates": [39.81127986154478, 21.42389991089063]}, "properties": {"layer": "lighting", "name": "علامة موضعية بلا عنوان", "kind": "برج", "description": "ارتفاع البرج (16) متر عدد الفوانيس(4) الحالة الفنية (جيد) القدرة (249) واط", "color": "#fde047"}}, {"type": "Feature", "geometry": {"type": "Point", "coordinates": [39.81165863855237, 21.42395800490228]}, "properties": {"layer": "lighting", "name": "علامة موضعية بلا عنوان", "kind": "برج", "description": "ارتفاع البرج (16) متر عدد الفوانيس(4) الحالة الفنية (جيد) القدرة (249) واط", "color": "#fde047"}}, {"type": "Feature", "geometry": {"type": "Point", "coordinates": [39.81204175794842, 21.42401198755152]}, "properties": {"layer": "lighting", "name": "علامة موضعية بلا عنوان", "kind": "برج", "description": "ارتفاع البرج (16) متر عدد الفوانيس(4) الحالة الفنية (جيد) القدرة (249) واط", "color": "#fde047"}}, {"type": "Feature", "geometry": {"type": "Point", "coordinates": [39.81242238620472, 21.42407945420458]}, "properties": {"layer": "lighting", "name": "علامة موضعية بلا عنوان", "kind": "برج", "description": "ارتفاع البرج (16) متر عدد الفوانيس(4) الحالة الفنية (جيد) القدرة (249) واط", "color": "#fde047"}}, {"type": "Feature", "geometry": {"type": "Point", "coordinates": [39.81281209977149, 21.42413717185516]}, "properties": {"layer": "lighting", "name": "علامة موضعية بلا عنوان", "kind": "برج", "description": "ارتفاع البرج (16) متر عدد الفوانيس(4) الحالة الفنية (جيد) القدرة (249) واط", "color": "#fde047"}}, {"type": "Feature", "geometry": {"type": "Point", "coordinates": [39.81319271047689, 21.42418755121001]}, "properties": {"layer": "lighting", "name": "علامة موضعية بلا عنوان", "kind": "برج", "description": "ارتفاع البرج (16) متر عدد الفوانيس(4) الحالة الفنية (جيد) القدرة (249) واط", "color": "#fde047"}}, {"type": "Feature", "geometry": {"type": "Point", "coordinates": [39.81356229886832, 21.424243757569]}, "properties": {"layer": "lighting", "name": "علامة موضعية بلا عنوان", "kind": "برج", "description": "ارتفاع البرج (16) متر عدد الفوانيس(4) الحالة الفنية (جيد) القدرة (249) واط", "color": "#fde047"}}, {"type": "Feature", "geometry": {"type": "Point", "coordinates": [39.81433363854901, 21.42433307805689]}, "properties": {"layer": "lighting", "name": "علامة موضعية بلا عنوان", "kind": "برج", "description": "ارتفاع البرج (16) متر عدد الفوانيس(4) الحالة الفنية (جيد) القدرة (249) واط", "color": "#fde047"}}, {"type": "Feature", "geometry": {"type": "Point", "coordinates": [39.81472425552953, 21.42431997398245]}, "properties": {"layer": "lighting", "name": "علامة موضعية بلا عنوان", "kind": "برج", "description": "ارتفاع البرج (16) متر عدد الفوانيس(4) الحالة الفنية (جيد) القدرة (249) واط", "color": "#fde047"}}, {"type": "Feature", "geometry": {"type": "Point", "coordinates": [39.81510351090595, 21.4242942448553]}, "properties": {"layer": "lighting", "name": "علامة موضعية بلا عنوان", "kind": "برج", "description": "ارتفاع البرج (16) متر عدد الفوانيس(4) الحالة الفنية (جيد) القدرة (249) واط", "color": "#fde047"}}, {"type": "Feature", "geometry": {"type": "Point", "coordinates": [39.81548571038979, 21.42425990179606]}, "properties": {"layer": "lighting", "name": "علامة موضعية بلا عنوان", "kind": "برج", "description": "ارتفاع البرج (16) متر عدد الفوانيس(4) الحالة الفنية (جيد) القدرة (249) واط", "color": "#fde047"}}, {"type": "Feature", "geometry": {"type": "Point", "coordinates": [39.81586829315716, 21.42421711882377]}, "properties": {"layer": "lighting", "name": "علامة موضعية بلا عنوان", "kind": "برج", "description": "ارتفاع البرج (16) متر عدد الفوانيس(4) الحالة الفنية (جيد) القدرة (249) واط", "color": "#fde047"}}, {"type": "Feature", "geometry": {"type": "Point", "coordinates": [39.81626178745884, 21.42419013276954]}, "properties": {"layer": "lighting", "name": "علامة موضعية بلا عنوان", "kind": "برج", "description": "ارتفاع البرج (16) متر عدد الفوانيس(4) الحالة الفنية (جيد) القدرة (249) واط", "color": "#fde047"}}, {"type": "Feature", "geometry": {"type": "Point", "coordinates": [39.81663130974815, 21.42414847767531]}, "properties": {"layer": "lighting", "name": "علامة موضعية بلا عنوان", "kind": "برج", "description": "ارتفاع البرج (16) متر عدد الفوانيس(4) الحالة الفنية (جيد) القدرة (249) واط", "color": "#fde047"}}, {"type": "Feature", "geometry": {"type": "Point", "coordinates": [39.81700900286491, 21.42411570153946]}, "properties": {"layer": "lighting", "name": "علامة موضعية بلا عنوان", "kind": "برج", "description": "ارتفاع البرج (16) متر عدد الفوانيس(4) الحالة الفنية (جيد) القدرة (249) واط", "color": "#fde047"}}, {"type": "Feature", "geometry": {"type": "Point", "coordinates": [39.81742772145464, 21.42407611715932]}, "properties": {"layer": "lighting", "name": "علامة موضعية بلا عنوان", "kind": "برج", "description": "ارتفاع البرج (16) متر عدد الفوانيس(4) الحالة الفنية (جيد) القدرة (249) واط", "color": "#fde047"}}, {"type": "Feature", "geometry": {"type": "Point", "coordinates": [39.81778211362261, 21.42404516276037]}, "properties": {"layer": "lighting", "name": "علامة موضعية بلا عنوان", "kind": "برج", "description": "ارتفاع البرج (16) متر عدد الفوانيس(4) الحالة الفنية (جيد) القدرة (249) واط", "color": "#fde047"}}, {"type": "Feature", "geometry": {"type": "Point", "coordinates": [39.8181695638541, 21.42402455005028]}, "properties": {"layer": "lighting", "name": "علامة موضعية بلا عنوان", "kind": "برج", "description": "ارتفاع البرج (16) متر عدد الفوانيس(4) الحالة الفنية (جيد) القدرة (249) واط", "color": "#fde047"}}, {"type": "Feature", "geometry": {"type": "Point", "coordinates": [39.71321434059924, 21.3995417719569]}, "properties": {"layer": "lighting", "name": "علامة موضعية بلا عنوان", "kind": "عمود", "description": "ارتفاع العامود (12) متر عدد الفوانيس(2) الحالة الفنية (جيد) قدرة لكشافات(200)واط", "color": "#fde047"}}, {"type": "Feature", "geometry": {"type": "Point", "coordinates": [39.71342783554343, 21.39975856652143]}, "properties": {"layer": "lighting", "name": "علامة موضعية بلا عنوان", "kind": "عمود", "description": "ارتفاع العامود (12) متر عدد الفوانيس(2) الحالة الفنية (جيد) قدرة لكشافات(200)واط", "color": "#fde047"}}, {"type": "Feature", "geometry": {"type": "Point", "coordinates": [39.71368927241624, 21.40001926726776]}, "properties": {"layer": "lighting", "name": "علامة موضعية بلا عنوان", "kind": "عمود", "description": "ارتفاع العامود (12) متر عدد الفوانيس(2) الحالة الفنية (جيد) قدرة لكشافات(200)واط", "color": "#fde047"}}, {"type": "Feature", "geometry": {"type": "Point", "coordinates": [39.71392138195876, 21.40029735359855]}, "properties": {"layer": "lighting", "name": "علامة موضعية بلا عنوان", "kind": "عمود", "description": "ارتفاع العامود (12) متر عدد الفوانيس(2) الحالة الفنية (جيد) قدرة لكشافات(200)واط", "color": "#fde047"}}, {"type": "Feature", "geometry": {"type": "Point", "coordinates": [39.71416922491409, 21.40057413531158]}, "properties": {"layer": "lighting", "name": "علامة موضعية بلا عنوان", "kind": "عمود", "description": "ارتفاع العامود (12) متر عدد الفوانيس(2) الحالة الفنية (جيد) قدرة لكشافات(200)واط", "color": "#fde047"}}, {"type": "Feature", "geometry": {"type": "Point", "coordinates": [39.71439848296295, 21.40084629976761]}, "properties": {"layer": "lighting", "name": "علامة موضعية بلا عنوان", "kind": "عمود", "description": "ارتفاع العامود (12) متر عدد الفوانيس(2) الحالة الفنية (جيد) قدرة لكشافات(200)واط", "color": "#fde047"}}, {"type": "Feature", "geometry": {"type": "Point", "coordinates": [39.71485120805495, 21.40150413168044]}, "properties": {"layer": "lighting", "name": "علامة موضعية بلا عنوان", "kind": "عمود", "description": "ارتفاع العامود (12) متر عدد الفوانيس(2) الحالة الفنية (جيد) قدرة لكشافات(200)واط", "color": "#fde047"}}, {"type": "Feature", "geometry": {"type": "Point", "coordinates": [39.71509891371317, 21.40179694630017]}, "properties": {"layer": "lighting", "name": "علامة موضعية بلا عنوان", "kind": "عمود", "description": "ارتفاع العامود (12) متر عدد الفوانيس(2) الحالة الفنية (جيد) قدرة لكشافات(200)واط", "color": "#fde047"}}, {"type": "Feature", "geometry": {"type": "Point", "coordinates": [39.71533125385456, 21.40212605654495]}, "properties": {"layer": "lighting", "name": "علامة موضعية بلا عنوان", "kind": "عمود", "description": "ارتفاع العامود (12) متر عدد الفوانيس(2) الحالة الفنية (جيد) قدرة لكشافات(200)واط", "color": "#fde047"}}, {"type": "Feature", "geometry": {"type": "Point", "coordinates": [39.71556107952127, 21.40241201209928]}, "properties": {"layer": "lighting", "name": "علامة موضعية بلا عنوان", "kind": "عمود", "description": "ارتفاع العامود (12) متر عدد الفوانيس(2) الحالة الفنية (جيد) قدرة لكشافات(200)واط", "color": "#fde047"}}, {"type": "Feature", "geometry": {"type": "Point", "coordinates": [39.71578868920452, 21.4027203195126]}, "properties": {"layer": "lighting", "name": "علامة موضعية بلا عنوان", "kind": "عمود", "description": "ارتفاع العامود (12) متر عدد الفوانيس(2) الحالة الفنية (جيد) قدرة لكشافات(200)واط", "color": "#fde047"}}, {"type": "Feature", "geometry": {"type": "Point", "coordinates": [39.71602887803979, 21.40302959394605]}, "properties": {"layer": "lighting", "name": "علامة موضعية بلا عنوان", "kind": "عمود", "description": "ارتفاع العامود (12) متر عدد الفوانيس(2) الحالة الفنية (جيد) قدرة لكشافات(200)واط", "color": "#fde047"}}, {"type": "Feature", "geometry": {"type": "Point", "coordinates": [39.71624983976635, 21.40331233226737]}, "properties": {"layer": "lighting", "name": "علامة موضعية بلا عنوان", "kind": "عمود", "description": "ارتفاع العامود (12) متر عدد الفوانيس(2) الحالة الفنية (جيد) قدرة لكشافات(200)واط", "color": "#fde047"}}, {"type": "Feature", "geometry": {"type": "Point", "coordinates": [39.71648955370641, 21.40362549645223]}, "properties": {"layer": "lighting", "name": "علامة موضعية بلا عنوان", "kind": "عمود", "description": "ارتفاع العامود (12) متر عدد الفوانيس(2) الحالة الفنية (جيد) قدرة لكشافات(200)واط", "color": "#fde047"}}, {"type": "Feature", "geometry": {"type": "Point", "coordinates": [39.71672338918345, 21.40392265297167]}, "properties": {"layer": "lighting", "name": "علامة موضعية بلا عنوان", "kind": "عمود", "description": "ارتفاع العامود (12) متر عدد الفوانيس(2) الحالة الفنية (جيد) قدرة لكشافات(200)واط", "color": "#fde047"}}, {"type": "Feature", "geometry": {"type": "Point", "coordinates": [39.71693720462546, 21.40421254690341]}, "properties": {"layer": "lighting", "name": "علامة موضعية بلا عنوان", "kind": "عمود", "description": "ارتفاع العامود (12) متر عدد الفوانيس(2) الحالة الفنية (جيد) قدرة لكشافات(200)واط", "color": "#fde047"}}, {"type": "Feature", "geometry": {"type": "Point", "coordinates": [39.71715476353299, 21.40448403807762]}, "properties": {"layer": "lighting", "name": "علامة موضعية بلا عنوان", "kind": "عمود", "description": "ارتفاع العامود (12) متر عدد الفوانيس(2) الحالة الفنية (جيد) قدرة لكشافات(200)واط", "color": "#fde047"}}, {"type": "Feature", "geometry": {"type": "Point", "coordinates": [39.71738908952906, 21.40478210379506]}, "properties": {"layer": "lighting", "name": "علامة موضعية بلا عنوان", "kind": "عمود", "description": "ارتفاع العامود (12) متر عدد الفوانيس(2) الحالة الفنية (جيد) قدرة لكشافات(200)واط", "color": "#fde047"}}, {"type": "Feature", "geometry": {"type": "Point", "coordinates": [39.71761323326025, 21.40507080177752]}, "properties": {"layer": "lighting", "name": "علامة موضعية بلا عنوان", "kind": "عمود", "description": "ارتفاع العامود (12) متر عدد الفوانيس(2) الحالة الفنية (جيد) قدرة لكشافات(200)واط", "color": "#fde047"}}, {"type": "Feature", "geometry": {"type": "Point", "coordinates": [39.71785362938634, 21.40540251776608]}, "properties": {"layer": "lighting", "name": "علامة موضعية بلا عنوان", "kind": "عمود", "description": "ارتفاع العامود (12) متر عدد الفوانيس(2) الحالة الفنية (جيد) قدرة لكشافات(200)واط", "color": "#fde047"}}, {"type": "Feature", "geometry": {"type": "Point", "coordinates": [39.7180613875332, 21.40566004304421]}, "properties": {"layer": "lighting", "name": "علامة موضعية بلا عنوان", "kind": "عمود", "description": "ارتفاع العامود (12) متر عدد الفوانيس(2) الحالة الفنية (جيد) قدرة لكشافات(200)واط", "color": "#fde047"}}, {"type": "Feature", "geometry": {"type": "Point", "coordinates": [39.71827088786932, 21.40592839944084]}, "properties": {"layer": "lighting", "name": "علامة موضعية بلا عنوان", "kind": "عمود", "description": "ارتفاع العامود (12) متر عدد الفوانيس(2) الحالة الفنية (جيد) قدرة لكشافات(200)واط", "color": "#fde047"}}, {"type": "Feature", "geometry": {"type": "Point", "coordinates": [39.71851046835356, 21.40623172443694]}, "properties": {"layer": "lighting", "name": "علامة موضعية بلا عنوان", "kind": "عمود", "description": "ارتفاع العامود (12) متر عدد الفوانيس(2) الحالة الفنية (جيد) قدرة لكشافات(200)واط", "color": "#fde047"}}, {"type": "Feature", "geometry": {"type": "Point", "coordinates": [39.71874240589185, 21.40654123654172]}, "properties": {"layer": "lighting", "name": "علامة موضعية بلا عنوان", "kind": "عمود", "description": "ارتفاع العامود (12) متر عدد الفوانيس(2) الحالة الفنية (جيد) قدرة لكشافات(200)واط", "color": "#fde047"}}, {"type": "Feature", "geometry": {"type": "Point", "coordinates": [39.71895406894853, 21.40681727672544]}, "properties": {"layer": "lighting", "name": "علامة موضعية بلا عنوان", "kind": "عمود", "description": "ارتفاع العامود (12) متر عدد الفوانيس(2) الحالة الفنية (جيد) قدرة لكشافات(200)واط", "color": "#fde047"}}, {"type": "Feature", "geometry": {"type": "Point", "coordinates": [39.71919197461438, 21.40711407398092]}, "properties": {"layer": "lighting", "name": "علامة موضعية بلا عنوان", "kind": "عمود", "description": "ارتفاع العامود (12) متر عدد الفوانيس(2) الحالة الفنية (جيد) قدرة لكشافات(200)واط", "color": "#fde047"}}, {"type": "Feature", "geometry": {"type": "Point", "coordinates": [39.71962102090993, 21.40768254524899]}, "properties": {"layer": "lighting", "name": "علامة موضعية بلا عنوان", "kind": "عمود", "description": "ارتفاع العامود (12) متر عدد الفوانيس(2) الحالة الفنية (جيد) قدرة لكشافات(200)واط", "color": "#fde047"}}, {"type": "Feature", "geometry": {"type": "Point", "coordinates": [39.71401539353087, 21.3988281968465]}, "properties": {"layer": "lighting", "name": "علامة موضعية بلا عنوان", "kind": "عمود", "description": "ارتفاع العامود (12) متر عدد الفوانيس(2) الحالة الفنية (جيد) قدرة لكشافات(200)واط", "color": "#fde047"}}, {"type": "Feature", "geometry": {"type": "Point", "coordinates": [39.71415146577163, 21.39907510908536]}, "properties": {"layer": "lighting", "name": "ارتفاع العامود (12) متر عدد الفوانيس(2) الحالة الفنية (جيد) قدرة لكشافات(200)واط", "kind": "عمود", "description": "ارتفاع العامود (12) متر عدد الفوانيس(2) الحالة الفنية (جيد) قدرة لكشافات(200)واط", "color": "#fde047"}}, {"type": "Feature", "geometry": {"type": "Point", "coordinates": [39.71431948117686, 21.39940613165607]}, "properties": {"layer": "lighting", "name": "علامة موضعية بلا عنوان", "kind": "عمود", "description": "ارتفاع العامود (12) متر عدد الفوانيس(2) الحالة الفنية (جيد) قدرة لكشافات(200)واط", "color": "#fde047"}}, {"type": "Feature", "geometry": {"type": "Point", "coordinates": [39.71449952146495, 21.39969896145107]}, "properties": {"layer": "lighting", "name": "علامة موضعية بلا عنوان", "kind": "عمود", "description": "ارتفاع العامود (12) متر عدد الفوانيس(2) الحالة الفنية (جيد) قدرة لكشافات(200)واط", "color": "#fde047"}}, {"type": "Feature", "geometry": {"type": "Point", "coordinates": [39.71472132369294, 21.40000299350469]}, "properties": {"layer": "lighting", "name": "علامة موضعية بلا عنوان", "kind": "عمود", "description": "ارتفاع العامود (12) متر عدد الفوانيس(2) الحالة الفنية (جيد) قدرة لكشافات(200)واط", "color": "#fde047"}}, {"type": "Feature", "geometry": {"type": "Point", "coordinates": [39.71492942600057, 21.40027353407671]}, "properties": {"layer": "lighting", "name": "علامة موضعية بلا عنوان", "kind": "عمود", "description": "ارتفاع العامود (12) متر عدد الفوانيس(2) الحالة الفنية (جيد) قدرة لكشافات(200)واط", "color": "#fde047"}}, {"type": "Feature", "geometry": {"type": "Point", "coordinates": [39.715175723417, 21.40059002453223]}, "properties": {"layer": "lighting", "name": "علامة موضعية بلا عنوان", "kind": "عمود", "description": "ارتفاع العامود (12) متر عدد الفوانيس(2) الحالة الفنية (جيد) قدرة لكشافات(200)واط", "color": "#fde047"}}, {"type": "Feature", "geometry": {"type": "Point", "coordinates": [39.7154171740627, 21.40085786513505]}, "properties": {"layer": "lighting", "name": "علامة موضعية بلا عنوان", "kind": "عمود", "description": "ارتفاع العامود (12) متر عدد الفوانيس(2) الحالة الفنية (جيد) قدرة لكشافات(200)واط", "color": "#fde047"}}, {"type": "Feature", "geometry": {"type": "Point", "coordinates": [39.71562765933653, 21.40115358522799]}, "properties": {"layer": "lighting", "name": "علامة موضعية بلا عنوان", "kind": "عمود", "description": "ارتفاع العامود (12) متر عدد الفوانيس(2) الحالة الفنية (جيد) قدرة لكشافات(200)واط", "color": "#fde047"}}, {"type": "Feature", "geometry": {"type": "Point", "coordinates": [39.71589068820963, 21.40146286826699]}, "properties": {"layer": "lighting", "name": "علامة موضعية بلا عنوان", "kind": "عمود", "description": "ارتفاع العامود (12) متر عدد الفوانيس(2) الحالة الفنية (جيد) قدرة لكشافات(200)واط", "color": "#fde047"}}, {"type": "Feature", "geometry": {"type": "Point", "coordinates": [39.71610876528622, 21.40175870120049]}, "properties": {"layer": "lighting", "name": "علامة موضعية بلا عنوان", "kind": "عمود", "description": "ارتفاع العامود (12) متر عدد الفوانيس(2) الحالة الفنية (جيد) قدرة لكشافات(200)واط", "color": "#fde047"}}, {"type": "Feature", "geometry": {"type": "Point", "coordinates": [39.71633109240847, 21.40204355866108]}, "properties": {"layer": "lighting", "name": "علامة موضعية بلا عنوان", "kind": "عمود", "description": "ارتفاع العامود (12) متر عدد الفوانيس(2) الحالة الفنية (جيد) قدرة لكشافات(200)واط", "color": "#fde047"}}, {"type": "Feature", "geometry": {"type": "Point", "coordinates": [39.71657151748971, 21.40233777902045]}, "properties": {"layer": "lighting", "name": "علامة موضعية بلا عنوان", "kind": "عمود", "description": "ارتفاع العامود (12) متر عدد الفوانيس(2) الحالة الفنية (جيد) قدرة لكشافات(200)واط", "color": "#fde047"}}, {"type": "Feature", "geometry": {"type": "Point", "coordinates": [39.71678468606654, 21.40263085764928]}, "properties": {"layer": "lighting", "name": "علامة موضعية بلا عنوان", "kind": "عمود", "description": "ارتفاع العامود (12) متر عدد الفوانيس(2) الحالة الفنية (جيد) قدرة لكشافات(200)واط", "color": "#fde047"}}, {"type": "Feature", "geometry": {"type": "Point", "coordinates": [39.71703151134843, 21.40292573321531]}, "properties": {"layer": "lighting", "name": "علامة موضعية بلا عنوان", "kind": "عمود", "description": "ارتفاع العامود (12) متر عدد الفوانيس(2) الحالة الفنية (جيد) قدرة لكشافات(200)واط", "color": "#fde047"}}, {"type": "Feature", "geometry": {"type": "Point", "coordinates": [39.71724390304129, 21.40320601755763]}, "properties": {"layer": "lighting", "name": "علامة موضعية بلا عنوان", "kind": "عمود", "description": "ارتفاع العامود (12) متر عدد الفوانيس(2) الحالة الفنية (جيد) قدرة لكشافات(200)واط", "color": "#fde047"}}, {"type": "Feature", "geometry": {"type": "Point", "coordinates": [39.71747011753482, 21.40351179486738]}, "properties": {"layer": "lighting", "name": "علامة موضعية بلا عنوان", "kind": "عمود", "description": "ارتفاع العامود (12) متر عدد الفوانيس(2) الحالة الفنية (جيد) قدرة لكشافات(200)واط", "color": "#fde047"}}, {"type": "Feature", "geometry": {"type": "Point", "coordinates": [39.71770234483691, 21.40380066475926]}, "properties": {"layer": "lighting", "name": "علامة موضعية بلا عنوان", "kind": "عمود", "description": "ارتفاع العامود (12) متر عدد الفوانيس(2) الحالة الفنية (جيد) قدرة لكشافات(200)واط", "color": "#fde047"}}, {"type": "Feature", "geometry": {"type": "Point", "coordinates": [39.71814306305407, 21.40437385375346]}, "properties": {"layer": "lighting", "name": "علامة موضعية بلا عنوان", "kind": "عمود", "description": "ارتفاع العامود (12) متر عدد الفوانيس(2) الحالة الفنية (جيد) قدرة لكشافات(200)واط", "color": "#fde047"}}, {"type": "Feature", "geometry": {"type": "Point", "coordinates": [39.71793114393556, 21.4040861086131]}, "properties": {"layer": "lighting", "name": "علامة موضعية بلا عنوان", "kind": "عمود", "description": "ارتفاع العامود (12) متر عدد الفوانيس(2) الحالة الفنية (جيد) قدرة لكشافات(200)واط", "color": "#fde047"}}, {"type": "Feature", "geometry": {"type": "Point", "coordinates": [39.71838913289855, 21.40468155971068]}, "properties": {"layer": "lighting", "name": "علامة موضعية بلا عنوان", "kind": "عمود", "description": "ارتفاع العامود (12) متر عدد الفوانيس(2) الحالة الفنية (جيد) قدرة لكشافات(200)واط", "color": "#fde047"}}, {"type": "Feature", "geometry": {"type": "Point", "coordinates": [39.71861342575065, 21.40496982021777]}, "properties": {"layer": "lighting", "name": "ارتفاع العامود (12) متر عدد الفوانيس(2) الحالة الفنية (جيد) قدرة لكشافات(200)واط", "kind": "عمود", "description": "ارتفاع العامود (12) متر عدد الفوانيس(2) الحالة الفنية (جيد) قدرة لكشافات(200)واط", "color": "#fde047"}}, {"type": "Feature", "geometry": {"type": "Point", "coordinates": [39.71883972544387, 21.40526328441104]}, "properties": {"layer": "lighting", "name": "علامة موضعية بلا عنوان", "kind": "عمود", "description": "ارتفاع العامود (12) متر عدد الفوانيس(2) الحالة الفنية (جيد) قدرة لكشافات(200)واط", "color": "#fde047"}}, {"type": "Feature", "geometry": {"type": "Point", "coordinates": [39.71905951067215, 21.40555537365761]}, "properties": {"layer": "lighting", "name": "علامة موضعية بلا عنوان", "kind": "عمود", "description": "ارتفاع العامود (12) متر عدد الفوانيس(2) الحالة الفنية (جيد) قدرة لكشافات(200)واط", "color": "#fde047"}}, {"type": "Feature", "geometry": {"type": "Point", "coordinates": [39.71929375573827, 21.40584633822228]}, "properties": {"layer": "lighting", "name": "علامة موضعية بلا عنوان", "kind": "عمود", "description": "ارتفاع العامود (12) متر عدد الفوانيس(2) الحالة الفنية (جيد) قدرة لكشافات(200)واط", "color": "#fde047"}}, {"type": "Feature", "geometry": {"type": "Point", "coordinates": [39.71951659036624, 21.40614470872941]}, "properties": {"layer": "lighting", "name": "علامة موضعية بلا عنوان", "kind": "عمود", "description": "ارتفاع العامود (12) متر عدد الفوانيس(2) الحالة الفنية (جيد) قدرة لكشافات(200)واط", "color": "#fde047"}}, {"type": "Feature", "geometry": {"type": "Point", "coordinates": [39.71973652615442, 21.40641695731905]}, "properties": {"layer": "lighting", "name": "علامة موضعية بلا عنوان", "kind": "عمود", "description": "ارتفاع العامود (12) متر عدد الفوانيس(2) الحالة الفنية (جيد) قدرة لكشافات(200)واط", "color": "#fde047"}}, {"type": "Feature", "geometry": {"type": "Point", "coordinates": [39.71998860636894, 21.40674147484014]}, "properties": {"layer": "lighting", "name": "علامة موضعية بلا عنوان", "kind": "عمود", "description": "ارتفاع العامود (12) متر عدد الفوانيس(2) الحالة الفنية (جيد) قدرة لكشافات(200)واط", "color": "#fde047"}}, {"type": "Feature", "geometry": {"type": "Point", "coordinates": [39.72019531346604, 21.40701114666192]}, "properties": {"layer": "lighting", "name": "علامة موضعية بلا عنوان", "kind": "عمود", "description": "ارتفاع العامود (12) متر عدد الفوانيس(2) الحالة الفنية (جيد) قدرة لكشافات(200)واط", "color": "#fde047"}}, {"type": "Feature", "geometry": {"type": "Point", "coordinates": [39.72041750617097, 21.40730052788023]}, "properties": {"layer": "lighting", "name": "علامة موضعية بلا عنوان", "kind": "عمود", "description": "ارتفاع العامود (12) متر عدد الفوانيس(2) الحالة الفنية (جيد) قدرة لكشافات(200)واط", "color": "#fde047"}}, {"type": "Feature", "geometry": {"type": "Point", "coordinates": [39.72063007506593, 21.40756352075126]}, "properties": {"layer": "lighting", "name": "علامة موضعية بلا عنوان", "kind": "عمود", "description": "ارتفاع العامود (12) متر عدد الفوانيس(2) الحالة الفنية (جيد) قدرة لكشافات(200)واط", "color": "#fde047"}}, {"type": "Feature", "geometry": {"type": "Point", "coordinates": [39.72088769548818, 21.40789361387732]}, "properties": {"layer": "lighting", "name": "علامة موضعية بلا عنوان", "kind": "عمود", "description": "ارتفاع العامود (12) متر عدد الفوانيس(2) الحالة الفنية (جيد) قدرة لكشافات(200)واط", "color": "#fde047"}}, {"type": "Feature", "geometry": {"type": "Point", "coordinates": [39.72111079184245, 21.40817508076025]}, "properties": {"layer": "lighting", "name": "علامة موضعية بلا عنوان", "kind": "عمود", "description": "ارتفاع العامود (12) متر عدد الفوانيس(2) الحالة الفنية (جيد) قدرة لكشافات(200)واط", "color": "#fde047"}}, {"type": "Feature", "geometry": {"type": "Point", "coordinates": [39.72132798843598, 21.40846422721236]}, "properties": {"layer": "lighting", "name": "علامة موضعية بلا عنوان", "kind": "عمود", "description": "ارتفاع العامود (12) متر عدد الفوانيس(2) الحالة الفنية (جيد) قدرة لكشافات(200)واط", "color": "#fde047"}}, {"type": "Feature", "geometry": {"type": "Point", "coordinates": [39.72157333642113, 21.40874741872547]}, "properties": {"layer": "lighting", "name": "علامة موضعية بلا عنوان", "kind": "عمود", "description": "ارتفاع العامود (12) متر عدد الفوانيس(2) الحالة الفنية (جيد) قدرة لكشافات(200)واط", "color": "#fde047"}}, {"type": "Feature", "geometry": {"type": "Point", "coordinates": [39.72182111163062, 21.40902783167648]}, "properties": {"layer": "lighting", "name": "علامة موضعية بلا عنوان", "kind": "عمود", "description": "ارتفاع العامود (12) متر عدد الفوانيس(2) الحالة الفنية (جيد) قدرة لكشافات(200)واط", "color": "#fde047"}}, {"type": "Feature", "geometry": {"type": "Point", "coordinates": [39.72207470496459, 21.40929176953131]}, "properties": {"layer": "lighting", "name": "علامة موضعية بلا عنوان", "kind": "عمود", "description": "ارتفاع العامود (12) متر عدد الفوانيس(2) الحالة الفنية (جيد) قدرة لكشافات(200)واط", "color": "#fde047"}}, {"type": "Feature", "geometry": {"type": "Point", "coordinates": [39.72233619237426, 21.40954435789626]}, "properties": {"layer": "lighting", "name": "علامة موضعية بلا عنوان", "kind": "عمود", "description": "ارتفاع العامود (12) متر عدد الفوانيس(2) الحالة الفنية (جيد) قدرة لكشافات(200)واط", "color": "#fde047"}}, {"type": "Feature", "geometry": {"type": "Point", "coordinates": [39.72261148452533, 21.40980632614979]}, "properties": {"layer": "lighting", "name": "علامة موضعية بلا عنوان", "kind": "عمود", "description": "ارتفاع العامود (12) متر عدد الفوانيس(2) الحالة الفنية (جيد) قدرة لكشافات(200)واط", "color": "#fde047"}}, {"type": "Feature", "geometry": {"type": "Point", "coordinates": [39.72290217466403, 21.41004241450065]}, "properties": {"layer": "lighting", "name": "علامة موضعية بلا عنوان", "kind": "عمود", "description": "ارتفاع العامود (12) متر عدد الفوانيس(2) الحالة الفنية (جيد) قدرة لكشافات(200)واط", "color": "#fde047"}}, {"type": "Feature", "geometry": {"type": "Point", "coordinates": [39.72319401440222, 21.41027146825727]}, "properties": {"layer": "lighting", "name": "علامة موضعية بلا عنوان", "kind": "عمود", "description": "ارتفاع العامود (12) متر عدد الفوانيس(2) الحالة الفنية (جيد) قدرة لكشافات(200)واط", "color": "#fde047"}}, {"type": "Feature", "geometry": {"type": "Point", "coordinates": [39.72350842981952, 21.4104876416153]}, "properties": {"layer": "lighting", "name": "علامة موضعية بلا عنوان", "kind": "عمود", "description": "ارتفاع العامود (12) متر عدد الفوانيس(2) الحالة الفنية (جيد) قدرة لكشافات(200)واط", "color": "#fde047"}}, {"type": "Feature", "geometry": {"type": "Point", "coordinates": [39.72381941865709, 21.41067990737059]}, "properties": {"layer": "lighting", "name": "علامة موضعية بلا عنوان", "kind": "عمود", "description": "ارتفاع العامود (12) متر عدد الفوانيس(2) الحالة الفنية (جيد) قدرة لكشافات(200)واط", "color": "#fde047"}}, {"type": "Feature", "geometry": {"type": "Point", "coordinates": [39.72414393514207, 21.41087621446344]}, "properties": {"layer": "lighting", "name": "علامة موضعية بلا عنوان", "kind": "عمود", "description": "ارتفاع العامود (12) متر عدد الفوانيس(2) الحالة الفنية (جيد) قدرة لكشافات(200)واط", "color": "#fde047"}}, {"type": "Feature", "geometry": {"type": "Point", "coordinates": [39.72447351464064, 21.41105628020844]}, "properties": {"layer": "lighting", "name": "علامة موضعية بلا عنوان", "kind": "عمود", "description": "ارتفاع العامود (12) متر عدد الفوانيس(2) الحالة الفنية (جيد) قدرة لكشافات(200)واط", "color": "#fde047"}}, {"type": "Feature", "geometry": {"type": "Point", "coordinates": [39.72482637607252, 21.41122676853522]}, "properties": {"layer": "lighting", "name": "علامة موضعية بلا عنوان", "kind": "عمود", "description": "ارتفاع العامود (12) متر عدد الفوانيس(2) الحالة الفنية (جيد) قدرة لكشافات(200)واط", "color": "#fde047"}}, {"type": "Feature", "geometry": {"type": "Point", "coordinates": [39.72517687831599, 21.4113782797054]}, "properties": {"layer": "lighting", "name": "علامة موضعية بلا عنوان", "kind": "عمود", "description": "ارتفاع العامود (12) متر عدد الفوانيس(2) الحالة الفنية (جيد) قدرة لكشافات(200)واط", "color": "#fde047"}}, {"type": "Feature", "geometry": {"type": "Point", "coordinates": [39.62180887973599, 21.35389161649195]}, "properties": {"layer": "lighting", "name": "عمود", "kind": "عمود", "description": "ارتفاع العامود (10) متر عدد الفوانيس(2) الحالة الفنية (جيد)", "color": "#fde047"}}, {"type": "Feature", "geometry": {"type": "Point", "coordinates": [39.62161440463464, 21.35387450041014]}, "properties": {"layer": "lighting", "name": "عمود", "kind": "عمود", "description": "ارتفاع العامود (10) متر عدد الفوانيس(2) الحالة الفنية (جيد)", "color": "#fde047"}}, {"type": "Feature", "geometry": {"type": "Point", "coordinates": [39.62177828288243, 21.35428804048853]}, "properties": {"layer": "lighting", "name": "عمود", "kind": "عمود", "description": "ارتفاع العامود (10) متر عدد الفوانيس(2) الحالة الفنية (جيد)", "color": "#fde047"}}, {"type": "Feature", "geometry": {"type": "Point", "coordinates": [39.62156846931765, 21.35463648742754]}, "properties": {"layer": "lighting", "name": "عمود", "kind": "عمود", "description": "ارتفاع العامود (10) متر عدد الفوانيس(2) الحالة الفنية (جيد)", "color": "#fde047"}}, {"type": "Feature", "geometry": {"type": "Point", "coordinates": [39.62174822321194, 21.35463889838226]}, "properties": {"layer": "lighting", "name": "عمود", "kind": "عمود", "description": "ارتفاع العامود (10) متر عدد الفوانيس(2) الحالة الفنية (جيد)", "color": "#fde047"}}, {"type": "Feature", "geometry": {"type": "Point", "coordinates": [39.62172462503547, 21.35500522874397]}, "properties": {"layer": "lighting", "name": "عمود", "kind": "عمود", "description": "ارتفاع العامود (10) متر عدد الفوانيس(2) الحالة الفنية (جيد)", "color": "#fde047"}}, {"type": "Feature", "geometry": {"type": "Point", "coordinates": [39.62154801125469, 21.35500170713599]}, "properties": {"layer": "lighting", "name": "عمود", "kind": "عمود", "description": "ارتفاع العامود (10) متر عدد الفوانيس(2) الحالة الفنية (جيد)", "color": "#fde047"}}, {"type": "Feature", "geometry": {"type": "Point", "coordinates": [39.62154780221428, 21.35535767772052]}, "properties": {"layer": "lighting", "name": "عمود", "kind": "عمود", "description": "ارتفاع العامود (10) متر عدد الفوانيس(2) الحالة الفنية (جيد)", "color": "#fde047"}}, {"type": "Feature", "geometry": {"type": "Point", "coordinates": [39.62170544141028, 21.35535549961963]}, "properties": {"layer": "lighting", "name": "عمود", "kind": "عمود", "description": "ارتفاع العامود (10) متر عدد الفوانيس(2) الحالة الفنية (جيد)", "color": "#fde047"}}, {"type": "Feature", "geometry": {"type": "Point", "coordinates": [39.62154890179597, 21.3557268375588]}, "properties": {"layer": "lighting", "name": "عمود", "kind": "عمود", "description": "ارتفاع العامود (10) متر عدد الفوانيس(2) الحالة الفنية (جيد)", "color": "#fde047"}}, {"type": "Feature", "geometry": {"type": "Point", "coordinates": [39.62169530199913, 21.35571302701029]}, "properties": {"layer": "lighting", "name": "عمود", "kind": "عمود", "description": "ارتفاع العامود (10) متر عدد الفوانيس(2) الحالة الفنية (جيد)", "color": "#fde047"}}, {"type": "Feature", "geometry": {"type": "Point", "coordinates": [39.62365238657003, 21.3504395524998]}, "properties": {"layer": "lighting", "name": "عمود", "kind": "عمود", "description": "ارتفاع العامود (10) متر عدد الفوانيس(2) الحالة الفنية (جيد)", "color": "#fde047"}}, {"type": "Feature", "geometry": {"type": "Point", "coordinates": [39.62325588986182, 21.35044480669225]}, "properties": {"layer": "lighting", "name": "عمود", "kind": "عمود", "description": "ارتفاع العامود (10) متر عدد الفوانيس(2) الحالة الفنية (جيد)", "color": "#fde047"}}, {"type": "Feature", "geometry": {"type": "Point", "coordinates": [39.62392910825442, 21.35064314907576]}, "properties": {"layer": "lighting", "name": "عمود", "kind": "عمود", "description": "ارتفاع العامود (10) متر عدد الفوانيس(2) الحالة الفنية (جيد)", "color": "#fde047"}}, {"type": "Feature", "geometry": {"type": "Point", "coordinates": [39.62245804429214, 21.3492417957341]}, "properties": {"layer": "lighting", "name": "عمود", "kind": "عمود", "description": "ارتفاع العامود (10) متر عدد الفوانيس(2) الحالة الفنية (جيد)", "color": "#fde047"}}, {"type": "Feature", "geometry": {"type": "Point", "coordinates": [39.62229404032273, 21.34923360572301]}, "properties": {"layer": "lighting", "name": "عمود", "kind": "عمود", "description": "ارتفاع العامود (10) متر عدد الفوانيس(2) الحالة الفنية (جيد)", "color": "#fde047"}}, {"type": "Feature", "geometry": {"type": "Point", "coordinates": [39.62237938398972, 21.34886926978166]}, "properties": {"layer": "lighting", "name": "عمود", "kind": "عمود", "description": "ارتفاع العامود (10) متر عدد الفوانيس(2) الحالة الفنية (جيد)", "color": "#fde047"}}, {"type": "Feature", "geometry": {"type": "Point", "coordinates": [39.62254923193038, 21.34892932850653]}, "properties": {"layer": "lighting", "name": "عمود", "kind": "عمود", "description": "ارتفاع العامود (10) متر عدد الفوانيس(2) الحالة الفنية (جيد)", "color": "#fde047"}}, {"type": "Feature", "geometry": {"type": "Point", "coordinates": [39.62262007504947, 21.34859306075381]}, "properties": {"layer": "lighting", "name": "علامة موضعية بلا عنوان", "kind": "عمود", "description": "ارتفاع العامود (10) متر عدد الفوانيس(2) الحالة الفنية (جيد)", "color": "#fde047"}}, {"type": "Feature", "geometry": {"type": "Point", "coordinates": [39.62245215863187, 21.34855833088927]}, "properties": {"layer": "lighting", "name": "عمود", "kind": "عمود", "description": "ارتفاع العامود (10) متر عدد الفوانيس(2) الحالة الفنية (جيد)", "color": "#fde047"}}, {"type": "Feature", "geometry": {"type": "Point", "coordinates": [39.55618105535849, 21.35367027853547]}, "properties": {"layer": "lighting", "name": "عمود", "kind": "عمود", "description": "ارتفاع العامود (8) متر عدد الفوانيس(1) الحالة الفنية (جيد)", "color": "#fde047"}}, {"type": "Feature", "geometry": {"type": "Point", "coordinates": [39.55604807789503, 21.35345485432346]}, "properties": {"layer": "lighting", "name": "عمود", "kind": "عمود", "description": "ارتفاع العامود (8) متر عدد الفوانيس(1) الحالة الفنية (جيد)", "color": "#fde047"}}, {"type": "Feature", "geometry": {"type": "Point", "coordinates": [39.55585691268677, 21.35322777835194]}, "properties": {"layer": "lighting", "name": "عمود", "kind": "عمود", "description": "ارتفاع العامود (8) متر عدد الفوانيس(1) الحالة الفنية (جيد)", "color": "#fde047"}}, {"type": "Feature", "geometry": {"type": "Point", "coordinates": [39.55565684923192, 21.35308621846524]}, "properties": {"layer": "lighting", "name": "عمود", "kind": "عمود", "description": "ارتفاع العامود (8) متر عدد الفوانيس(1) الحالة الفنية (جيد)", "color": "#fde047"}}, {"type": "Feature", "geometry": {"type": "Point", "coordinates": [39.556656050912, 21.35371299727723]}, "properties": {"layer": "lighting", "name": "عمود", "kind": "عمود", "description": "ارتفاع العامود (8) متر عدد الفوانيس(1) الحالة الفنية (جيد)", "color": "#fde047"}}, {"type": "Feature", "geometry": {"type": "Point", "coordinates": [39.55683919978313, 21.35350036992321]}, "properties": {"layer": "lighting", "name": "عمود", "kind": "عمود", "description": "ارتفاع العامود (8) متر عدد الفوانيس(1) الحالة الفنية (جيد)", "color": "#fde047"}}, {"type": "Feature", "geometry": {"type": "Point", "coordinates": [39.5569767622867, 21.35337333395267]}, "properties": {"layer": "lighting", "name": "عمود", "kind": "عمود", "description": "ارتفاع العامود (8) متر عدد الفوانيس(1) الحالة الفنية (جيد)", "color": "#fde047"}}, {"type": "Feature", "geometry": {"type": "Point", "coordinates": [39.5571317724352, 21.35327634436271]}, "properties": {"layer": "lighting", "name": "عمود", "kind": "عمود", "description": "ارتفاع العامود (8) متر عدد الفوانيس(1) الحالة الفنية (جيد)", "color": "#fde047"}}, {"type": "Feature", "geometry": {"type": "Point", "coordinates": [39.55739274719782, 21.35317469231303]}, "properties": {"layer": "lighting", "name": "عمود", "kind": "عمود", "description": "ارتفاع العامود (8) متر عدد الفوانيس(1) الحالة الفنية (جيد)", "color": "#fde047"}}, {"type": "Feature", "geometry": {"type": "Point", "coordinates": [39.55605478554791, 21.35308611646865]}, "properties": {"layer": "lighting", "name": "عمود", "kind": "عمود", "description": "ارتفاع العامود (8) متر عدد الفوانيس(1) الحالة الفنية (جيد)", "color": "#fde047"}}, {"type": "Feature", "geometry": {"type": "Point", "coordinates": [39.5562831418487, 21.35338675068547]}, "properties": {"layer": "lighting", "name": "عمود", "kind": "عمود", "description": "ارتفاع العامود (8) متر عدد الفوانيس(1) الحالة الفنية (جيد)", "color": "#fde047"}}, {"type": "Feature", "geometry": {"type": "Point", "coordinates": [39.55700950821451, 21.35010235815475]}, "properties": {"layer": "lighting", "name": "عمود", "kind": "عمود", "description": "ارتفاع العامود (8) متر عدد الفوانيس(1) الحالة الفنية (جيد)", "color": "#fde047"}}, {"type": "Feature", "geometry": {"type": "Point", "coordinates": [39.55695584843137, 21.34973654320054]}, "properties": {"layer": "lighting", "name": "علامة موضعية بلا عنوان", "kind": "عمود", "description": "ارتفاع العامود (8) متر عدد الفوانيس(1) الحالة الفنية (جيد)", "color": "#fde047"}}, {"type": "Feature", "geometry": {"type": "Point", "coordinates": [39.55700444531315, 21.34934389496279]}, "properties": {"layer": "lighting", "name": "علامة موضعية بلا عنوان", "kind": "عمود", "description": "ارتفاع العامود (8) متر عدد الفوانيس(1) الحالة الفنية (جيد)", "color": "#fde047"}}, {"type": "Feature", "geometry": {"type": "Point", "coordinates": [39.55713788553356, 21.34948062755415]}, "properties": {"layer": "lighting", "name": "علامة موضعية بلا عنوان", "kind": "عمود", "description": "ارتفاع العامود (8) متر عدد الفوانيس(1) الحالة الفنية (جيد)", "color": "#fde047"}}, {"type": "Feature", "geometry": {"type": "Point", "coordinates": [39.55726223069557, 21.34965707739967]}, "properties": {"layer": "lighting", "name": "علامة موضعية بلا عنوان", "kind": "عمود", "description": "ارتفاع العامود (8) متر عدد الفوانيس(1) الحالة الفنية (جيد)", "color": "#fde047"}}, {"type": "Feature", "geometry": {"type": "Point", "coordinates": [39.5574280775254, 21.34982298305841]}, "properties": {"layer": "lighting", "name": "علامة موضعية بلا عنوان", "kind": "عمود", "description": "ارتفاع العامود (8) متر عدد الفوانيس(1) الحالة الفنية (جيد)", "color": "#fde047"}}, {"type": "Feature", "geometry": {"type": "Point", "coordinates": [39.55738323411654, 21.34993860323276]}, "properties": {"layer": "lighting", "name": "علامة موضعية بلا عنوان", "kind": "نقطة إنارة", "description": "", "color": "#fde047"}}, {"type": "Feature", "geometry": {"type": "Point", "coordinates": [39.55756574776811, 21.34993030846419]}, "properties": {"layer": "lighting", "name": "عمود", "kind": "عمود", "description": "ارتفاع العامود (8) متر عدد الفوانيس(1) الحالة الفنية (جيد)", "color": "#fde047"}}, {"type": "Feature", "geometry": {"type": "Point", "coordinates": [39.55700427543306, 21.3491393434502]}, "properties": {"layer": "lighting", "name": "علامة موضعية بلا عنوان", "kind": "عمود", "description": "ارتفاع العامود (8) متر عدد الفوانيس(1) الحالة الفنية (جيد)", "color": "#fde047"}}, {"type": "Feature", "geometry": {"type": "Point", "coordinates": [39.55614733699395, 21.34972228576019]}, "properties": {"layer": "lighting", "name": "عمود", "kind": "عمود", "description": "ارتفاع العامود (8) متر عدد الفوانيس(1) الحالة الفنية (جيد)", "color": "#fde047"}}, {"type": "Feature", "geometry": {"type": "Point", "coordinates": [39.55635364472945, 21.34956947565754]}, "properties": {"layer": "lighting", "name": "عمود", "kind": "عمود", "description": "ارتفاع العامود (8) متر عدد الفوانيس(1) الحالة الفنية (جيد)", "color": "#fde047"}}, {"type": "Feature", "geometry": {"type": "Point", "coordinates": [39.55648112245163, 21.34943896366119]}, "properties": {"layer": "lighting", "name": "عمود", "kind": "عمود", "description": "ارتفاع العامود (8) متر عدد الفوانيس(1) الحالة الفنية (جيد)", "color": "#fde047"}}, {"type": "Feature", "geometry": {"type": "Point", "coordinates": [39.55665574036637, 21.34917201414498]}, "properties": {"layer": "lighting", "name": "عمود", "kind": "عمود", "description": "ارتفاع العامود (8) متر عدد الفوانيس(1) الحالة الفنية (جيد)", "color": "#fde047"}}, {"type": "Feature", "geometry": {"type": "Point", "coordinates": [39.5564622508619, 21.35002987183783]}, "properties": {"layer": "lighting", "name": "عمود", "kind": "عمود", "description": "ارتفاع العامود (8) متر عدد الفوانيس(1) الحالة الفنية (جيد)", "color": "#fde047"}}, {"type": "Feature", "geometry": {"type": "Point", "coordinates": [39.55655542727602, 21.35004412844464]}, "properties": {"layer": "lighting", "name": "عمود", "kind": "عمود", "description": "ارتفاع العامود (8) متر عدد الفوانيس(1) الحالة الفنية (جيد)", "color": "#fde047"}}, {"type": "Feature", "geometry": {"type": "Point", "coordinates": [39.55653821184138, 21.35016489908927]}, "properties": {"layer": "lighting", "name": "عمود", "kind": "عمود", "description": "ارتفاع العامود (8) متر عدد الفوانيس(1) الحالة الفنية (جيد)", "color": "#fde047"}}, {"type": "Feature", "geometry": {"type": "Point", "coordinates": [39.55655855855272, 21.3502358612625]}, "properties": {"layer": "lighting", "name": "عمود", "kind": "عمود", "description": "ارتفاع العامود (8) متر عدد الفوانيس(1) الحالة الفنية (جيد)", "color": "#fde047"}}, {"type": "Feature", "geometry": {"type": "Point", "coordinates": [39.4268761144251, 21.38656884086096]}, "properties": {"layer": "lighting", "name": "علامة موضعية بلا عنوان", "kind": "عمود", "description": "ارتفاع العامود (12) متر عدد الفوانيس(2) الحالة الفنية (جيد)", "color": "#fde047"}}, {"type": "Feature", "geometry": {"type": "Point", "coordinates": [39.42687534368281, 21.38692261359644]}, "properties": {"layer": "lighting", "name": "علامة موضعية بلا عنوان", "kind": "عمود", "description": "ارتفاع العامود (12) متر عدد الفوانيس(2) الحالة الفنية (جيد)", "color": "#fde047"}}, {"type": "Feature", "geometry": {"type": "Point", "coordinates": [39.42686181715208, 21.38728824536183]}, "properties": {"layer": "lighting", "name": "علامة موضعية بلا عنوان", "kind": "نقطة إنارة", "description": "", "color": "#fde047"}}, {"type": "Feature", "geometry": {"type": "Point", "coordinates": [39.42685369138706, 21.38764338181727]}, "properties": {"layer": "lighting", "name": "علامة موضعية بلا عنوان", "kind": "عمود", "description": "ارتفاع العامود (12) متر عدد الفوانيس(2) الحالة الفنية (جيد)", "color": "#fde047"}}, {"type": "Feature", "geometry": {"type": "Point", "coordinates": [39.42686884109386, 21.38832172231671]}, "properties": {"layer": "lighting", "name": "علامة موضعية بلا عنوان", "kind": "عمود", "description": "ارتفاع العامود (12) متر عدد الفوانيس(2) الحالة الفنية (جيد)", "color": "#fde047"}}, {"type": "Feature", "geometry": {"type": "Point", "coordinates": [39.42686432918616, 21.3896824967259]}, "properties": {"layer": "lighting", "name": "عمود", "kind": "عمود", "description": "ارتفاع العامود (12) متر عدد الفوانيس(2) الحالة الفنية (جيد)", "color": "#fde047"}}, {"type": "Feature", "geometry": {"type": "Point", "coordinates": [39.42685623165695, 21.39000202751331]}, "properties": {"layer": "lighting", "name": "عمود", "kind": "عمود", "description": "ارتفاع العامود (12) متر عدد الفوانيس(2) الحالة الفنية (جيد)", "color": "#fde047"}}, {"type": "Feature", "geometry": {"type": "Point", "coordinates": [39.42685694481202, 21.39033891055842]}, "properties": {"layer": "lighting", "name": "علامة موضعية بلا عنوان", "kind": "عمود", "description": "ارتفاع العامود (12) متر عدد الفوانيس(2) الحالة الفنية (جيد)", "color": "#fde047"}}, {"type": "Feature", "geometry": {"type": "Point", "coordinates": [39.42686106752332, 21.39070364173037]}, "properties": {"layer": "lighting", "name": "علامة موضعية بلا عنوان", "kind": "برج", "description": "ارتفاع البرج (12) متر عدد الفوانيس(2) الحالة الفنية (جيد)", "color": "#fde047"}}, {"type": "Feature", "geometry": {"type": "Point", "coordinates": [39.79342642582819, 21.42469178259391]}, "properties": {"layer": "lighting", "name": "برج", "kind": "برج", "description": "ارتفاع البرج (16) متر عدد الفوانيس(4) الحالة الفنية (جيد) القدرة (249) واط", "color": "#fde047"}}, {"type": "Feature", "geometry": {"type": "Point", "coordinates": [39.7930527837919, 21.4247043073002]}, "properties": {"layer": "lighting", "name": "علامة موضعية بلا عنوان", "kind": "برج", "description": "ارتفاع البرج (16) متر عدد الفوانيس(4) الحالة الفنية (جيد) القدرة (249) واط", "color": "#fde047"}}, {"type": "Feature", "geometry": {"type": "Point", "coordinates": [39.79272491406044, 21.42440085192078]}, "properties": {"layer": "lighting", "name": "علامة موضعية بلا عنوان", "kind": "برج", "description": "ارتفاع البرج (16) متر عدد الفوانيس(2) الحالة الفنية (جيد) القدرة (214.9) واط", "color": "#fde047"}}, {"type": "Feature", "geometry": {"type": "Point", "coordinates": [39.79234156576359, 21.42434707622235]}, "properties": {"layer": "lighting", "name": "علامة موضعية بلا عنوان", "kind": "برج", "description": "ارتفاع البرج (16) متر عدد الفوانيس(2) الحالة الفنية (جيد) القدرة (214.9) واط", "color": "#fde047"}}, {"type": "Feature", "geometry": {"type": "Point", "coordinates": [39.79196830458059, 21.42428708382538]}, "properties": {"layer": "lighting", "name": "علامة موضعية بلا عنوان", "kind": "برج", "description": "ارتفاع البرج (16) متر عدد الفوانيس(2) الحالة الفنية (جيد) القدرة (214.9) واط", "color": "#fde047"}}, {"type": "Feature", "geometry": {"type": "Point", "coordinates": [39.79073274306634, 21.4251910558218]}, "properties": {"layer": "lighting", "name": "علامة موضعية بلا عنوان", "kind": "برج", "description": "ارتفاع البرج (16) متر عدد الفوانيس(1) الحالة الفنية (جيد) القدرة (214.9) واط", "color": "#fde047"}}, {"type": "Feature", "geometry": {"type": "Point", "coordinates": [39.79042275932139, 21.42539029784878]}, "properties": {"layer": "lighting", "name": "علامة موضعية بلا عنوان", "kind": "برج", "description": "ارتفاع البرج (16) متر عدد الفوانيس(1) الحالة الفنية (جيد) القدرة (214.9) واط", "color": "#fde047"}}, {"type": "Feature", "geometry": {"type": "Point", "coordinates": [39.79011274831903, 21.4256157932205]}, "properties": {"layer": "lighting", "name": "علامة موضعية بلا عنوان", "kind": "برج", "description": "ارتفاع البرج (16) متر عدد الفوانيس(1) الحالة الفنية (جيد) القدرة (214.9) واط", "color": "#fde047"}}, {"type": "Feature", "geometry": {"type": "Point", "coordinates": [39.76444062959754, 21.41457473074293]}, "properties": {"layer": "lighting", "name": "علامة موضعية بلا عنوان", "kind": "عمود", "description": "ارتفاع العامود (10) متر عدد الفوانيس(1) الحالة الفنية (جيد)", "color": "#fde047"}}, {"type": "Feature", "geometry": {"type": "Point", "coordinates": [39.76494930226033, 21.41462741483727]}, "properties": {"layer": "lighting", "name": "علامة موضعية بلا عنوان", "kind": "عمود", "description": "ارتفاع العامود (10) متر عدد الفوانيس(1) الحالة الفنية (جيد)", "color": "#fde047"}}, {"type": "Feature", "geometry": {"type": "Point", "coordinates": [39.76535787876332, 21.41473982847341]}, "properties": {"layer": "lighting", "name": "علامة موضعية بلا عنوان", "kind": "نقطة إنارة", "description": "", "color": "#fde047"}}, {"type": "Feature", "geometry": {"type": "Point", "coordinates": [39.7656346754121, 21.41474619995749]}, "properties": {"layer": "lighting", "name": "علامة موضعية بلا عنوان", "kind": "عمود", "description": "ارتفاع العامود (10) متر عدد الفوانيس(1) الحالة الفنية (جيد)", "color": "#fde047"}}, {"type": "Feature", "geometry": {"type": "Point", "coordinates": [39.76602447852311, 21.41476187150987]}, "properties": {"layer": "lighting", "name": "علامة موضعية بلا عنوان", "kind": "عمود", "description": "ارتفاع العامود (10) متر عدد الفوانيس(1) الحالة الفنية (جيد)", "color": "#fde047"}}, {"type": "Feature", "geometry": {"type": "Point", "coordinates": [39.76640412404965, 21.41477262752087]}, "properties": {"layer": "lighting", "name": "علامة موضعية بلا عنوان", "kind": "عمود", "description": "ارتفاع العامود (10) متر عدد الفوانيس(1) الحالة الفنية (جيد)", "color": "#fde047"}}, {"type": "Feature", "geometry": {"type": "Point", "coordinates": [39.76678474446967, 21.41478912299142]}, "properties": {"layer": "lighting", "name": "علامة موضعية بلا عنوان", "kind": "عمود", "description": "ارتفاع العامود (10) متر عدد الفوانيس(1) الحالة الفنية (جيد)", "color": "#fde047"}}, {"type": "Feature", "geometry": {"type": "Point", "coordinates": [39.76715770468634, 21.41483074971133]}, "properties": {"layer": "lighting", "name": "علامة موضعية بلا عنوان", "kind": "عمود", "description": "ارتفاع العامود (10) متر عدد الفوانيس(1) الحالة الفنية (جيد)", "color": "#fde047"}}, {"type": "Feature", "geometry": {"type": "Point", "coordinates": [39.76754860497056, 21.41488645929542]}, "properties": {"layer": "lighting", "name": "علامة موضعية بلا عنوان", "kind": "عمود", "description": "ارتفاع العامود (10) متر عدد الفوانيس(1) الحالة الفنية (جيد)", "color": "#fde047"}}, {"type": "Feature", "geometry": {"type": "Point", "coordinates": [39.76794756086196, 21.41495973136135]}, "properties": {"layer": "lighting", "name": "علامة موضعية بلا عنوان", "kind": "عمود", "description": "ارتفاع العامود (10) متر عدد الفوانيس(1) الحالة الفنية (جيد)", "color": "#fde047"}}, {"type": "Feature", "geometry": {"type": "Point", "coordinates": [39.7698024644393, 21.41538590220279]}, "properties": {"layer": "lighting", "name": "علامة موضعية بلا عنوان", "kind": "عمود", "description": "ارتفاع العامود (10) متر عدد الفوانيس(1) الحالة الفنية (جيد)", "color": "#fde047"}}, {"type": "Feature", "geometry": {"type": "Point", "coordinates": [39.77016922231913, 21.41551477355614]}, "properties": {"layer": "lighting", "name": "ارتفاع العامود (10) متر عدد الفوانيس(1) الحالة الفنية (جيد)", "kind": "نقطة إنارة", "description": "", "color": "#fde047"}}, {"type": "Feature", "geometry": {"type": "Point", "coordinates": [39.7705309317176, 21.41563893401626]}, "properties": {"layer": "lighting", "name": "علامة موضعية بلا عنوان", "kind": "عمود", "description": "ارتفاع العامود (10) متر عدد الفوانيس(1) الحالة الفنية (جيد)", "color": "#fde047"}}, {"type": "Feature", "geometry": {"type": "Point", "coordinates": [39.77088609140885, 21.41576222695989]}, "properties": {"layer": "lighting", "name": "علامة موضعية بلا عنوان", "kind": "عمود", "description": "ارتفاع العامود (10) متر عدد الفوانيس(1) الحالة الفنية (جيد)", "color": "#fde047"}}, {"type": "Feature", "geometry": {"type": "Point", "coordinates": [39.77135378049042, 21.41597311721508]}, "properties": {"layer": "lighting", "name": "علامة موضعية بلا عنوان", "kind": "عمود", "description": "ارتفاع العامود (10) متر عدد الفوانيس(1) الحالة الفنية (جيد)", "color": "#fde047"}}, {"type": "Feature", "geometry": {"type": "Point", "coordinates": [39.77167041093754, 21.41611467548881]}, "properties": {"layer": "lighting", "name": "علامة موضعية بلا عنوان", "kind": "عمود", "description": "ارتفاع العامود (10) متر عدد الفوانيس(1) الحالة الفنية (جيد)", "color": "#fde047"}}, {"type": "Feature", "geometry": {"type": "Point", "coordinates": [39.77206333400513, 21.41630475050473]}, "properties": {"layer": "lighting", "name": "علامة موضعية بلا عنوان", "kind": "نقطة إنارة", "description": "", "color": "#fde047"}}, {"type": "Feature", "geometry": {"type": "Point", "coordinates": [39.77240632399366, 21.41648005384805]}, "properties": {"layer": "lighting", "name": "علامة موضعية بلا عنوان", "kind": "عمود", "description": "ارتفاع العامود (10) متر عدد الفوانيس(1) الحالة الفنية (جيد)", "color": "#fde047"}}, {"type": "Feature", "geometry": {"type": "Point", "coordinates": [39.77274669024917, 21.41666919411095]}, "properties": {"layer": "lighting", "name": "علامة موضعية بلا عنوان", "kind": "عمود", "description": "ارتفاع العامود (10) متر عدد الفوانيس(1) الحالة الفنية (جيد)", "color": "#fde047"}}, {"type": "Feature", "geometry": {"type": "Point", "coordinates": [39.77306957709004, 21.41686216924471]}, "properties": {"layer": "lighting", "name": "علامة موضعية بلا عنوان", "kind": "عمود", "description": "ارتفاع العامود (10) متر عدد الفوانيس(1) الحالة الفنية (جيد)", "color": "#fde047"}}, {"type": "Feature", "geometry": {"type": "Point", "coordinates": [39.77361173100364, 21.41720437614918]}, "properties": {"layer": "lighting", "name": "علامة موضعية بلا عنوان", "kind": "عمود", "description": "ارتفاع العامود (10) متر عدد الفوانيس(1) الحالة الفنية (جيد)", "color": "#fde047"}}, {"type": "Feature", "geometry": {"type": "Point", "coordinates": [39.77398011611386, 21.41744725302649]}, "properties": {"layer": "lighting", "name": "علامة موضعية بلا عنوان", "kind": "عمود", "description": "ارتفاع العامود (10) متر عدد الفوانيس(1) الحالة الفنية (جيد)", "color": "#fde047"}}, {"type": "Feature", "geometry": {"type": "Point", "coordinates": [39.77430041963031, 21.41766392370543]}, "properties": {"layer": "lighting", "name": "علامة موضعية بلا عنوان", "kind": "عمود", "description": "ارتفاع العامود (10) متر عدد الفوانيس(1) الحالة الفنية (جيد)", "color": "#fde047"}}, {"type": "Feature", "geometry": {"type": "Point", "coordinates": [39.77461980924404, 21.41787123891061]}, "properties": {"layer": "lighting", "name": "علامة موضعية بلا عنوان", "kind": "عمود", "description": "ارتفاع العامود (10) متر عدد الفوانيس(1) الحالة الفنية (جيد)", "color": "#fde047"}}, {"type": "Feature", "geometry": {"type": "Point", "coordinates": [39.77492700691093, 21.41808406423467]}, "properties": {"layer": "lighting", "name": "علامة موضعية بلا عنوان", "kind": "عمود", "description": "ارتفاع العامود (10) متر عدد الفوانيس(1) الحالة الفنية (جيد)", "color": "#fde047"}}, {"type": "Feature", "geometry": {"type": "Point", "coordinates": [39.77516452761955, 21.41824254847084]}, "properties": {"layer": "lighting", "name": "علامة موضعية بلا عنوان", "kind": "عمود", "description": "ارتفاع العامود (10) متر عدد الفوانيس(1) الحالة الفنية (جيد)", "color": "#fde047"}}, {"type": "Feature", "geometry": {"type": "Point", "coordinates": [39.77554673877867, 21.41850463820426]}, "properties": {"layer": "lighting", "name": "علامة موضعية بلا عنوان", "kind": "عمود", "description": "ارتفاع العامود (10) متر عدد الفوانيس(1) الحالة الفنية (جيد)", "color": "#fde047"}}, {"type": "Feature", "geometry": {"type": "Point", "coordinates": [39.77585721051969, 21.41872026045774]}, "properties": {"layer": "lighting", "name": "علامة موضعية بلا عنوان", "kind": "عمود", "description": "ارتفاع العامود (10) متر عدد الفوانيس(1) الحالة الفنية (جيد)", "color": "#fde047"}}, {"type": "Feature", "geometry": {"type": "Point", "coordinates": [39.77609238663603, 21.41899543958827]}, "properties": {"layer": "lighting", "name": "علامة موضعية بلا عنوان", "kind": "عمود", "description": "ارتفاع العامود (10) متر عدد الفوانيس(1) الحالة الفنية (جيد)", "color": "#fde047"}}, {"type": "Feature", "geometry": {"type": "Point", "coordinates": [39.77627797153757, 21.41930615851121]}, "properties": {"layer": "lighting", "name": "علامة موضعية بلا عنوان", "kind": "عمود", "description": "ارتفاع العامود (10) متر عدد الفوانيس(1) الحالة الفنية (جيد)", "color": "#fde047"}}, {"type": "Feature", "geometry": {"type": "Point", "coordinates": [39.77642825793252, 21.41964916364218]}, "properties": {"layer": "lighting", "name": "علامة موضعية بلا عنوان", "kind": "عمود", "description": "ارتفاع العامود (10) متر عدد الفوانيس(1) الحالة الفنية (جيد)", "color": "#fde047"}}, {"type": "Feature", "geometry": {"type": "Point", "coordinates": [39.77651473944238, 21.41992065099202]}, "properties": {"layer": "lighting", "name": "عمود", "kind": "عمود", "description": "ارتفاع العامود (10) متر عدد الفوانيس(1) الحالة الفنية (جيد)", "color": "#fde047"}}, {"type": "Feature", "geometry": {"type": "Point", "coordinates": [39.77183109713161, 21.41509377582537]}, "properties": {"layer": "lighting", "name": "علامة موضعية بلا عنوان", "kind": "عمود", "description": "ارتفاع العامود (14) متر عدد الفوانيس(2) الحالة الفنية (جيد)", "color": "#fde047"}}, {"type": "Feature", "geometry": {"type": "Point", "coordinates": [39.77122076347282, 21.41483825077463]}, "properties": {"layer": "lighting", "name": "علامة موضعية بلا عنوان", "kind": "عمود", "description": "ارتفاع العامود (14) متر عدد الفوانيس(2) الحالة الفنية (جيد)", "color": "#fde047"}}, {"type": "Feature", "geometry": {"type": "Point", "coordinates": [39.77074481728538, 21.41467783161578]}, "properties": {"layer": "lighting", "name": "علامة موضعية بلا عنوان", "kind": "عمود", "description": "ارتفاع العامود (14) متر عدد الفوانيس(2) الحالة الفنية (جيد)", "color": "#fde047"}}, {"type": "Feature", "geometry": {"type": "Point", "coordinates": [39.77022050557449, 21.41447936785787]}, "properties": {"layer": "lighting", "name": "علامة موضعية بلا عنوان", "kind": "عمود", "description": "ارتفاع العامود (14) متر عدد الفوانيس(2) الحالة الفنية (جيد)", "color": "#fde047"}}, {"type": "Feature", "geometry": {"type": "Point", "coordinates": [39.76970614613936, 21.41434970973805]}, "properties": {"layer": "lighting", "name": "علامة موضعية بلا عنوان", "kind": "عمود", "description": "ارتفاع العامود (14) متر عدد الفوانيس(2) الحالة الفنية (جيد)", "color": "#fde047"}}, {"type": "Feature", "geometry": {"type": "Point", "coordinates": [39.76921578453582, 21.4142204459935]}, "properties": {"layer": "lighting", "name": "علامة موضعية بلا عنوان", "kind": "عمود", "description": "ارتفاع العامود (14) متر عدد الفوانيس(2) الحالة الفنية (جيد)", "color": "#fde047"}}, {"type": "Feature", "geometry": {"type": "Point", "coordinates": [39.76866187194675, 21.41410727564879]}, "properties": {"layer": "lighting", "name": "علامة موضعية بلا عنوان", "kind": "عمود", "description": "ارتفاع العامود (14) متر عدد الفوانيس(2) الحالة الفنية (جيد)", "color": "#fde047"}}, {"type": "Feature", "geometry": {"type": "Point", "coordinates": [39.7681586301067, 21.41401984726624]}, "properties": {"layer": "lighting", "name": "علامة موضعية بلا عنوان", "kind": "عمود", "description": "ارتفاع العامود (14) متر عدد الفوانيس(2) الحالة الفنية (جيد)", "color": "#fde047"}}, {"type": "Feature", "geometry": {"type": "Point", "coordinates": [39.76768050458531, 21.41397844652311]}, "properties": {"layer": "lighting", "name": "علامة موضعية بلا عنوان", "kind": "عمود", "description": "ارتفاع العامود (14) متر عدد الفوانيس(2) الحالة الفنية (جيد)", "color": "#fde047"}}, {"type": "Feature", "geometry": {"type": "Point", "coordinates": [39.76735363930529, 21.41380103085216]}, "properties": {"layer": "lighting", "name": "علامة موضعية بلا عنوان", "kind": "عمود", "description": "ارتفاع العامود (12) متر عدد الفوانيس(1) الحالة الفنية (جيد)", "color": "#fde047"}}, {"type": "Feature", "geometry": {"type": "Point", "coordinates": [39.76701653687066, 21.41371905593692]}, "properties": {"layer": "lighting", "name": "علامة موضعية بلا عنوان", "kind": "عمود", "description": "ارتفاع العامود (12) متر عدد الفوانيس(1) الحالة الفنية (جيد)", "color": "#fde047"}}, {"type": "Feature", "geometry": {"type": "Point", "coordinates": [39.76662843026407, 21.41368441105733]}, "properties": {"layer": "lighting", "name": "علامة موضعية بلا عنوان", "kind": "عمود", "description": "ارتفاع العامود (12) متر عدد الفوانيس(1) الحالة الفنية (جيد)", "color": "#fde047"}}, {"type": "Feature", "geometry": {"type": "Point", "coordinates": [39.76634162821252, 21.41366895188249]}, "properties": {"layer": "lighting", "name": "علامة موضعية بلا عنوان", "kind": "عمود", "description": "ارتفاع العامود (12) متر عدد الفوانيس(1) الحالة الفنية (جيد)", "color": "#fde047"}}, {"type": "Feature", "geometry": {"type": "Point", "coordinates": [39.76615316494571, 21.41362770312097]}, "properties": {"layer": "lighting", "name": "علامة موضعية بلا عنوان", "kind": "نقطة إنارة", "description": "", "color": "#fde047"}}, {"type": "Feature", "geometry": {"type": "Point", "coordinates": [39.76599803013119, 21.41369735848387]}, "properties": {"layer": "lighting", "name": "علامة موضعية بلا عنوان", "kind": "عمود", "description": "ارتفاع العامود (12) متر عدد الفوانيس(1) الحالة الفنية (جيد)", "color": "#fde047"}}, {"type": "Feature", "geometry": {"type": "Point", "coordinates": [39.76566698342813, 21.41368723807108]}, "properties": {"layer": "lighting", "name": "علامة موضعية بلا عنوان", "kind": "عمود", "description": "ارتفاع العامود (12) متر عدد الفوانيس(1) الحالة الفنية (جيد)", "color": "#fde047"}}, {"type": "Feature", "geometry": {"type": "Point", "coordinates": [39.76513044111003, 21.4136878145164]}, "properties": {"layer": "lighting", "name": "علامة موضعية بلا عنوان", "kind": "عمود", "description": "ارتفاع العامود (12) متر عدد الفوانيس(1) الحالة الفنية (جيد)", "color": "#fde047"}}, {"type": "Feature", "geometry": {"type": "Point", "coordinates": [39.76475706916359, 21.41363320757333]}, "properties": {"layer": "lighting", "name": "علامة موضعية بلا عنوان", "kind": "عمود", "description": "ارتفاع العامود (12) متر عدد الفوانيس(1) الحالة الفنية (جيد)", "color": "#fde047"}}, {"type": "Feature", "geometry": {"type": "Point", "coordinates": [39.72554088444433, 21.41151160390139]}, "properties": {"layer": "lighting", "name": "علامة موضعية بلا عنوان", "kind": "عمود", "description": "ارتفاع العامود (12) متر عدد الفوانيس(2) الحالة الفنية (جيد) قدرة لكشافات(200)واط", "color": "#fde047"}}, {"type": "Feature", "geometry": {"type": "Point", "coordinates": [39.7258979449367, 21.41161499087303]}, "properties": {"layer": "lighting", "name": "علامة موضعية بلا عنوان", "kind": "عمود", "description": "ارتفاع العامود (12) متر عدد الفوانيس(2) الحالة الفنية (جيد) قدرة لكشافات(200)واط", "color": "#fde047"}}, {"type": "Feature", "geometry": {"type": "Point", "coordinates": [39.72630076655149, 21.41173476013943]}, "properties": {"layer": "lighting", "name": "علامة موضعية بلا عنوان", "kind": "عمود", "description": "ارتفاع العامود (12) متر عدد الفوانيس(2) الحالة الفنية (جيد) قدرة لكشافات(200)واط", "color": "#fde047"}}, {"type": "Feature", "geometry": {"type": "Point", "coordinates": [39.72666470447341, 21.41182614706007]}, "properties": {"layer": "lighting", "name": "علامة موضعية بلا عنوان", "kind": "عمود", "description": "ارتفاع العامود (12) متر عدد الفوانيس(2) الحالة الفنية (جيد) قدرة لكشافات(200)واط", "color": "#fde047"}}, {"type": "Feature", "geometry": {"type": "Point", "coordinates": [39.72701385347656, 21.41189466262615]}, "properties": {"layer": "lighting", "name": "علامة موضعية بلا عنوان", "kind": "عمود", "description": "ارتفاع العامود (12) متر عدد الفوانيس(2) الحالة الفنية (جيد) قدرة لكشافات(200)واط", "color": "#fde047"}}, {"type": "Feature", "geometry": {"type": "Point", "coordinates": [39.72740371401515, 21.41195598738158]}, "properties": {"layer": "lighting", "name": "علامة موضعية بلا عنوان", "kind": "عمود", "description": "ارتفاع العامود (12) متر عدد الفوانيس(2) الحالة الفنية (جيد) قدرة لكشافات(200)واط", "color": "#fde047"}}, {"type": "Feature", "geometry": {"type": "Point", "coordinates": [39.72776495225387, 21.41201102657098]}, "properties": {"layer": "lighting", "name": "علامة موضعية بلا عنوان", "kind": "عمود", "description": "ارتفاع العامود (12) متر عدد الفوانيس(2) الحالة الفنية (جيد) قدرة لكشافات(200)واط", "color": "#fde047"}}, {"type": "Feature", "geometry": {"type": "Point", "coordinates": [39.72816263007216, 21.41203488472314]}, "properties": {"layer": "lighting", "name": "علامة موضعية بلا عنوان", "kind": "عمود", "description": "ارتفاع العامود (12) متر عدد الفوانيس(2) الحالة الفنية (جيد) قدرة لكشافات(200)واط", "color": "#fde047"}}, {"type": "Feature", "geometry": {"type": "Point", "coordinates": [39.72852707556628, 21.412073384113]}, "properties": {"layer": "lighting", "name": "علامة موضعية بلا عنوان", "kind": "عمود", "description": "ارتفاع العامود (12) متر عدد الفوانيس(2) الحالة الفنية (جيد) قدرة لكشافات(200)واط", "color": "#fde047"}}, {"type": "Feature", "geometry": {"type": "Point", "coordinates": [39.72892363071133, 21.41206750878532]}, "properties": {"layer": "lighting", "name": "علامة موضعية بلا عنوان", "kind": "عمود", "description": "ارتفاع العامود (12) متر عدد الفوانيس(2) الحالة الفنية (جيد) قدرة لكشافات(200)واط", "color": "#fde047"}}, {"type": "Feature", "geometry": {"type": "Point", "coordinates": [39.72930377632276, 21.41205408552574]}, "properties": {"layer": "lighting", "name": "علامة موضعية بلا عنوان", "kind": "عمود", "description": "ارتفاع العامود (12) متر عدد الفوانيس(2) الحالة الفنية (جيد) قدرة لكشافات(200)واط", "color": "#fde047"}}, {"type": "Feature", "geometry": {"type": "Point", "coordinates": [39.72968337644097, 21.41204746888646]}, "properties": {"layer": "lighting", "name": "علامة موضعية بلا عنوان", "kind": "عمود", "description": "ارتفاع العامود (12) متر عدد الفوانيس(2) الحالة الفنية (جيد) قدرة لكشافات(200)واط", "color": "#fde047"}}, {"type": "Feature", "geometry": {"type": "Point", "coordinates": [39.73006979825742, 21.41201718003523]}, "properties": {"layer": "lighting", "name": "علامة موضعية بلا عنوان", "kind": "عمود", "description": "ارتفاع العامود (12) متر عدد الفوانيس(2) الحالة الفنية (جيد) قدرة لكشافات(200)واط", "color": "#fde047"}}, {"type": "Feature", "geometry": {"type": "Point", "coordinates": [39.76935477990418, 21.41526663920413]}, "properties": {"layer": "lighting", "name": "علامة موضعية بلا عنوان", "kind": "عمود", "description": "ارتفاع العامود (10) متر عدد الفوانيس(1) الحالة الفنية (جيد)", "color": "#fde047"}}, {"type": "Feature", "geometry": {"type": "Point", "coordinates": [39.76908050737924, 21.41520652697759]}, "properties": {"layer": "lighting", "name": "علامة موضعية بلا عنوان", "kind": "نقطة إنارة", "description": "", "color": "#fde047"}}, {"type": "Feature", "geometry": {"type": "Point", "coordinates": [39.76885098552846, 21.415146797504]}, "properties": {"layer": "lighting", "name": "علامة موضعية بلا عنوان", "kind": "عمود", "description": "ارتفاع العامود (10) متر عدد الفوانيس(1) الحالة الفنية (جيد)", "color": "#fde047"}}, {"type": "Feature", "geometry": {"type": "Point", "coordinates": [39.76851228133648, 21.41506539059281]}, "properties": {"layer": "lighting", "name": "علامة موضعية بلا عنوان", "kind": "عمود", "description": "ارتفاع العامود (10) متر عدد الفوانيس(1) الحالة الفنية (جيد)", "color": "#fde047"}}, {"type": "Feature", "geometry": {"type": "Point", "coordinates": [39.76821430729591, 21.41501087830778]}, "properties": {"layer": "lighting", "name": "علامة موضعية بلا عنوان", "kind": "عمود", "description": "ارتفاع العامود (10) متر عدد الفوانيس(1) الحالة الفنية (جيد)", "color": "#fde047"}}, {"type": "Feature", "geometry": {"type": "Point", "coordinates": [39.71939455757123, 21.40741163751868]}, "properties": {"layer": "lighting", "name": "علامة موضعية بلا عنوان", "kind": "عمود", "description": "ارتفاع العامود (12) متر عدد الفوانيس(2) الحالة الفنية (جيد) قدرة لكشافات(200)واط", "color": "#fde047"}}, {"type": "Feature", "geometry": {"type": "Point", "coordinates": [39.62159880645309, 21.35427271187584]}, "properties": {"layer": "lighting", "name": "علامة موضعية بلا عنوان", "kind": "عمود", "description": "ارتفاع العامود (10) متر عدد الفوانيس(2) الحالة الفنية (جيد)", "color": "#fde047"}}, {"type": "Feature", "geometry": {"type": "Point", "coordinates": [39.71547054449662, 21.39641535341746]}, "properties": {"layer": "lighting", "name": "عمود", "kind": "عمود", "description": "ارتفاع العامود (16) متر عدد الفوانيس(4) الحالة الفنية (جيد)", "color": "#fde047"}}, {"type": "Feature", "geometry": {"type": "Point", "coordinates": [39.71494336181189, 21.39677540239261]}, "properties": {"layer": "lighting", "name": "عمود", "kind": "عمود", "description": "ارتفاع العامود (16) متر عدد الفوانيس(4) الحالة الفنية (جيد)", "color": "#fde047"}}, {"type": "Feature", "geometry": {"type": "Point", "coordinates": [39.7146620394319, 21.39696404471787]}, "properties": {"layer": "lighting", "name": "عمود", "kind": "عمود", "description": "ارتفاع العامود (16) متر عدد الفوانيس(4) الحالة الفنية (جيد)", "color": "#fde047"}}, {"type": "Feature", "geometry": {"type": "Point", "coordinates": [39.71438861923642, 21.39715450315625]}, "properties": {"layer": "lighting", "name": "عمود", "kind": "عمود", "description": "ارتفاع العامود (16) متر عدد الفوانيس(4) الحالة الفنية (جيد)", "color": "#fde047"}}, {"type": "Feature", "geometry": {"type": "Point", "coordinates": [39.71410671159652, 21.39734789546145]}, "properties": {"layer": "lighting", "name": "عمود", "kind": "عمود", "description": "ارتفاع العامود (16) متر عدد الفوانيس(4) الحالة الفنية (جيد)", "color": "#fde047"}}, {"type": "Feature", "geometry": {"type": "Point", "coordinates": [39.71384002075997, 21.39752983725771]}, "properties": {"layer": "lighting", "name": "عمود", "kind": "عمود", "description": "ارتفاع العامود (16) متر عدد الفوانيس(4) الحالة الفنية (جيد)", "color": "#fde047"}}, {"type": "Feature", "geometry": {"type": "Point", "coordinates": [39.71356641231436, 21.39771815923936]}, "properties": {"layer": "lighting", "name": "عمود", "kind": "عمود", "description": "ارتفاع العامود (16) متر عدد الفوانيس(4) الحالة الفنية (جيد)", "color": "#fde047"}}, {"type": "Feature", "geometry": {"type": "Point", "coordinates": [39.71211228835013, 21.39871304487999]}, "properties": {"layer": "lighting", "name": "عمود", "kind": "عمود", "description": "ارتفاع العامود (16) متر عدد الفوانيس(4) الحالة الفنية (جيد)", "color": "#fde047"}}, {"type": "Feature", "geometry": {"type": "Point", "coordinates": [39.71177453264107, 21.39894136170817]}, "properties": {"layer": "lighting", "name": "عمود", "kind": "عمود", "description": "ارتفاع العامود (16) متر عدد الفوانيس(4) الحالة الفنية (جيد)", "color": "#fde047"}}, {"type": "Feature", "geometry": {"type": "Point", "coordinates": [39.71140451306057, 21.39919395238645]}, "properties": {"layer": "lighting", "name": "عمود", "kind": "عمود", "description": "ارتفاع العامود (16) متر عدد الفوانيس(4) الحالة الفنية (جيد)", "color": "#fde047"}}, {"type": "Feature", "geometry": {"type": "Point", "coordinates": [39.71106146630991, 21.39940601148799]}, "properties": {"layer": "lighting", "name": "عمود", "kind": "عمود", "description": "ارتفاع العامود (16) متر عدد الفوانيس(4) الحالة الفنية (جيد)", "color": "#fde047"}}, {"type": "Feature", "geometry": {"type": "Point", "coordinates": [39.71069747483628, 21.39963969535826]}, "properties": {"layer": "lighting", "name": "عمود", "kind": "عمود", "description": "ارتفاع العامود (16) متر عدد الفوانيس(4) الحالة الفنية (جيد)", "color": "#fde047"}}, {"type": "Feature", "geometry": {"type": "Point", "coordinates": [39.71033764014564, 21.3998781911777]}, "properties": {"layer": "lighting", "name": "عمود", "kind": "عمود", "description": "ارتفاع العامود (16) متر عدد الفوانيس(4) الحالة الفنية (جيد)", "color": "#fde047"}}, {"type": "Feature", "geometry": {"type": "Point", "coordinates": [39.78079471714519, 21.41759307248476]}, "properties": {"layer": "lighting", "name": "ال/116", "kind": "نقطة إنارة", "description": "مكتب الجعيب رقم لوحة التوزيع ال/116 رقم لوحة التوزيع الجديد ب/319 رقم اشتراك العداد1 توصيل مباشر من المحطة تصنيف حسب قدرة التيار 400A التجمع القروي اسم الحى حي الرصيفة كود البلدية المسفلة حالة القاطع الرئيسى جيد دهان لوحة التوزيع جديد تثبيت لوحة التوزيع قاعدة التاريض لايوجد الساعة الفلكية جيده الخلية الضوئية لايوجد عدد الكونتكتورز 2 عدد الكونتكتورز المتهالكة 0 عدد القواطع الفرعية 4 عدد القاطع الفرعية المتهالكة 0 عدد القواطع الاحتياطية 0 عدد مفاتيح التسريب الارضى 0 عدد مفاتيح التسريب الارضى غير موجودة 0 عدد مفاتيح التسريب الارضى المتهالكة 0 حالة لوحة التوزيع جيد حالة القاعدة او البترة جيده X 39.780795 Y 21.417593 ]]>", "color": "#fde047"}}, {"type": "Feature", "geometry": {"type": "Point", "coordinates": [39.78079273942146, 21.41759692230197]}, "properties": {"layer": "lighting", "name": "محطة 8", "kind": "نقطة إنارة", "description": "مكتب الجعيب رقم لوحة التوزيع محطة 8 رقم لوحة التوزيع الجديد ب/320 رقم اشتراك العداد1 توصيل مباشر من المحطة تصنيف حسب قدرة التيار 400A التجمع القروي اسم الحى حي الرصيفة كود البلدية المسفلة حالة القاطع الرئيسى جيد دهان لوحة التوزيع تحتاج دهان وترقيم تثبيت لوحة التوزيع قاعدة التاريض لايوجد الساعة الفلكية جيده الخلية الضوئية لايوجد عدد الكونتكتورز 1 عدد الكونتكتورز المتهالكة 0 عدد القواطع الفرعية 6 عدد القاطع الفرعية المتهالكة 0 عدد القواطع الاحتياطية 0 عدد مفاتيح التسريب الارضى 0 عدد مفاتيح التسريب الارضى غير موجودة 0 عدد مفاتيح التسريب الارضى المتهالكة 0 حالة لوحة التوزيع متهالكه حالة القاعدة او البترة متهالكه X 39.780793 Y 21.417597 ]]>", "color": "#fde047"}}, {"type": "Feature", "geometry": {"type": "Point", "coordinates": [39.78188887395071, 21.4184302853025]}, "properties": {"layer": "lighting", "name": "علامة موضعية بلا عنوان", "kind": "برج", "description": "ارتفاع البرج (30) متر عدد الفوانيس(6) الحالة الفنية (جيد) قدرة لكشافات(265.9)واط", "color": "#fde047"}}, {"type": "Feature", "geometry": {"type": "Point", "coordinates": [39.78127834547403, 21.41883981968073]}, "properties": {"layer": "lighting", "name": "علامة موضعية بلا عنوان", "kind": "برج", "description": "ارتفاع البرج (30) متر عدد الفوانيس(6) الحالة الفنية (جيد) قدرة لكشافات(265.9)واط", "color": "#fde047"}}, {"type": "Feature", "geometry": {"type": "Point", "coordinates": [39.78227909755638, 21.41948549337712]}, "properties": {"layer": "lighting", "name": "علامة موضعية بلا عنوان", "kind": "برج", "description": "ارتفاع البرج (30) متر عدد الفوانيس(6) الحالة الفنية (جيد) قدرة لكشافات(265.9)واط", "color": "#fde047"}}, {"type": "Feature", "geometry": {"type": "Point", "coordinates": [39.78231154318104, 21.42058707518331]}, "properties": {"layer": "lighting", "name": "علامة موضعية بلا عنوان", "kind": "برج", "description": "ارتفاع البرج (30) متر عدد الفوانيس(6) الحالة الفنية (جيد) قدرة لكشافات(265.9)واط", "color": "#fde047"}}, {"type": "Feature", "geometry": {"type": "Point", "coordinates": [39.7813769958984, 21.41996709247531]}, "properties": {"layer": "lighting", "name": "علامة موضعية بلا عنوان", "kind": "برج", "description": "ارتفاع البرج (30) متر عدد الفوانيس(6) الحالة الفنية (جيد) قدرة لكشافات(265.9)واط", "color": "#fde047"}}, {"type": "Feature", "geometry": {"type": "Point", "coordinates": [39.78141651527529, 21.42070787854961]}, "properties": {"layer": "lighting", "name": "علامة موضعية بلا عنوان", "kind": "برج", "description": "ارتفاع البرج (30) متر عدد الفوانيس(6) الحالة الفنية (جيد) قدرة لكشافات(265.9)واط", "color": "#fde047"}}, {"type": "Feature", "geometry": {"type": "Point", "coordinates": [39.78224485901699, 21.42165132632069]}, "properties": {"layer": "lighting", "name": "علامة موضعية بلا عنوان", "kind": "برج", "description": "ارتفاع البرج (30) متر عدد الفوانيس(6) الحالة الفنية (جيد) قدرة لكشافات(265.9)واط", "color": "#fde047"}}, {"type": "Feature", "geometry": {"type": "Point", "coordinates": [39.78137545095918, 21.42142209422657]}, "properties": {"layer": "lighting", "name": "علامة موضعية بلا عنوان", "kind": "برج", "description": "ارتفاع البرج (30) متر عدد الفوانيس(6) الحالة الفنية (جيد) قدرة لكشافات(265.9)واط", "color": "#fde047"}}, {"type": "Feature", "geometry": {"type": "Point", "coordinates": [39.7799462298016, 21.42033475060068]}, "properties": {"layer": "lighting", "name": "علامة موضعية بلا عنوان", "kind": "برج", "description": "ارتفاع البرج (30) متر عدد الفوانيس(6) الحالة الفنية (جيد) قدرة لكشافات(265.9)واط", "color": "#fde047"}}, {"type": "Feature", "geometry": {"type": "Point", "coordinates": [39.77962601000343, 21.41883536030695]}, "properties": {"layer": "lighting", "name": "علامة موضعية بلا عنوان", "kind": "برج", "description": "ارتفاع البرج (30) متر عدد الفوانيس(6) الحالة الفنية (جيد) قدرة لكشافات(265.9)واط", "color": "#fde047"}}, {"type": "Feature", "geometry": {"type": "Point", "coordinates": [39.77882020574351, 21.41876114226902]}, "properties": {"layer": "lighting", "name": "علامة موضعية بلا عنوان", "kind": "برج", "description": "ارتفاع البرج (30) متر عدد الفوانيس(6) الحالة الفنية (جيد) قدرة لكشافات(265.9)واط", "color": "#fde047"}}, {"type": "Feature", "geometry": {"type": "Point", "coordinates": [39.77931003693162, 21.41767836696801]}, "properties": {"layer": "lighting", "name": "علامة موضعية بلا عنوان", "kind": "برج", "description": "ارتفاع البرج (30) متر عدد الفوانيس(6) الحالة الفنية (جيد) قدرة لكشافات(265.9)واط", "color": "#fde047"}}, {"type": "Feature", "geometry": {"type": "Point", "coordinates": [39.78116149156229, 21.41776241260122]}, "properties": {"layer": "lighting", "name": "علامة موضعية بلا عنوان", "kind": "برج", "description": "ارتفاع البرج (30) متر عدد الفوانيس(6) الحالة الفنية (جيد) قدرة لكشافات(265.9)واط", "color": "#fde047"}}, {"type": "Feature", "geometry": {"type": "Point", "coordinates": [39.77823129055463, 21.41801233480255]}, "properties": {"layer": "lighting", "name": "علامة موضعية بلا عنوان", "kind": "برج", "description": "ارتفاع البرج (30) متر عدد الفوانيس(6) الحالة الفنية (جيد) قدرة لكشافات(265.9)واط", "color": "#fde047"}}, {"type": "Feature", "geometry": {"type": "Point", "coordinates": [39.77689392402421, 21.4195299084407]}, "properties": {"layer": "lighting", "name": "علامة موضعية بلا عنوان", "kind": "برج", "description": "ارتفاع البرج (30) متر عدد الفوانيس(6) الحالة الفنية (جيد) قدرة لكشافات(265.9)واط", "color": "#fde047"}}, {"type": "Feature", "geometry": {"type": "Point", "coordinates": [39.77945053639228, 21.42230225292933]}, "properties": {"layer": "lighting", "name": "علامة موضعية بلا عنوان", "kind": "برج", "description": "ارتفاع البرج (30) متر عدد الفوانيس(6) الحالة الفنية (جيد) قدرة لكشافات(265.9)واط", "color": "#fde047"}}, {"type": "Feature", "geometry": {"type": "Point", "coordinates": [39.77973085349853, 21.42122537242478]}, "properties": {"layer": "lighting", "name": "علامة موضعية بلا عنوان", "kind": "برج", "description": "ارتفاع البرج (30) متر عدد الفوانيس(6) الحالة الفنية (جيد) قدرة لكشافات(265.9)واط", "color": "#fde047"}}, {"type": "Feature", "geometry": {"type": "Point", "coordinates": [39.78142030281987, 21.42261202968472]}, "properties": {"layer": "lighting", "name": "علامة موضعية بلا عنوان", "kind": "برج", "description": "ارتفاع البرج (30) متر عدد الفوانيس(6) الحالة الفنية (جيد) قدرة لكشافات(265.9)واط", "color": "#fde047"}}, {"type": "Feature", "geometry": {"type": "Point", "coordinates": [39.77973461901639, 21.4233723181125]}, "properties": {"layer": "lighting", "name": "علامة موضعية بلا عنوان", "kind": "برج", "description": "ارتفاع البرج (30) متر عدد الفوانيس(6) الحالة الفنية (جيد) قدرة لكشافات(265.9)واط", "color": "#fde047"}}, {"type": "Feature", "geometry": {"type": "Point", "coordinates": [39.77916140673764, 21.42329788012207]}, "properties": {"layer": "lighting", "name": "برج", "kind": "برج", "description": "ارتفاع البرج (30) متر عدد الفوانيس(6) الحالة الفنية (جيد) قدرة لكشافات(265.9)واط", "color": "#fde047"}}, {"type": "Feature", "geometry": {"type": "Point", "coordinates": [39.77895090407474, 21.424001560864]}, "properties": {"layer": "lighting", "name": "علامة موضعية بلا عنوان", "kind": "برج", "description": "ارتفاع البرج (30) متر عدد الفوانيس(6) الحالة الفنية (جيد) قدرة لكشافات(265.9)واط", "color": "#fde047"}}, {"type": "Feature", "geometry": {"type": "Point", "coordinates": [39.77867852889995, 21.4233940577398]}, "properties": {"layer": "lighting", "name": "علامة موضعية بلا عنوان", "kind": "برج", "description": "ارتفاع البرج (30) متر عدد الفوانيس(6) الحالة الفنية (جيد) قدرة لكشافات(265.9)واط", "color": "#fde047"}}, {"type": "Feature", "geometry": {"type": "Point", "coordinates": [39.77825216884934, 21.4237924481439]}, "properties": {"layer": "lighting", "name": "علامة موضعية بلا عنوان", "kind": "برج", "description": "ارتفاع البرج (30) متر عدد الفوانيس(6) الحالة الفنية (جيد) قدرة لكشافات(265.9)واط", "color": "#fde047"}}, {"type": "Feature", "geometry": {"type": "Point", "coordinates": [39.77782138364348, 21.42235837813082]}, "properties": {"layer": "lighting", "name": "علامة موضعية بلا عنوان", "kind": "برج", "description": "ارتفاع البرج (30) متر عدد الفوانيس(6) الحالة الفنية (جيد) قدرة لكشافات(265.9)واط", "color": "#fde047"}}, {"type": "Feature", "geometry": {"type": "Point", "coordinates": [39.77735531798427, 21.42151908516858]}, "properties": {"layer": "lighting", "name": "علامة موضعية بلا عنوان", "kind": "برج", "description": "ارتفاع البرج (30) متر عدد الفوانيس(6) الحالة الفنية (جيد) قدرة لكشافات(265.9)واط", "color": "#fde047"}}, {"type": "Feature", "geometry": {"type": "Point", "coordinates": [39.77719156215793, 21.4205281366346]}, "properties": {"layer": "lighting", "name": "علامة موضعية بلا عنوان", "kind": "برج", "description": "ارتفاع البرج (30) متر عدد الفوانيس(6) الحالة الفنية (جيد) قدرة لكشافات(265.9)واط", "color": "#fde047"}}, {"type": "Feature", "geometry": {"type": "Point", "coordinates": [39.77706559247125, 21.41806057631194]}, "properties": {"layer": "lighting", "name": "علامة موضعية بلا عنوان", "kind": "برج", "description": "ارتفاع البرج (30) متر عدد الفوانيس(6) الحالة الفنية (جيد) قدرة لكشافات(265.9)واط", "color": "#fde047"}}, {"type": "Feature", "geometry": {"type": "Point", "coordinates": [39.78136257285276, 21.41697158189574]}, "properties": {"layer": "lighting", "name": "علامة موضعية بلا عنوان", "kind": "برج", "description": "ارتفاع البرج (30) متر عدد الفوانيس(6) الحالة الفنية (جيد) قدرة لكشافات(265.9)واط", "color": "#fde047"}}, {"type": "Feature", "geometry": {"type": "Point", "coordinates": [39.78042133563977, 21.41837679783218]}, "properties": {"layer": "lighting", "name": "علامة موضعية بلا عنوان", "kind": "برج", "description": "ارتفاع البرج (30) متر عدد الفوانيس(6) الحالة الفنية (جيد) قدرة لكشافات(265.9)واط", "color": "#fde047"}}, {"type": "Feature", "geometry": {"type": "Point", "coordinates": [39.78018100346058, 21.41933408868219]}, "properties": {"layer": "lighting", "name": "علامة موضعية بلا عنوان", "kind": "برج", "description": "ارتفاع البرج (30) متر عدد الفوانيس(6) الحالة الفنية (جيد) قدرة لكشافات(265.9)واط", "color": "#fde047"}}, {"type": "Feature", "geometry": {"type": "LineString", "coordinates": [[39.78078789860695, 21.41763087877897], [39.78118289204899, 21.4177919535956], [39.78116533300283, 21.41701382259836], [39.78138012878667, 21.41697094076569]]}, "properties": {"layer": "lighting", "name": "مسار بلا عنوان", "kind": "نقطة إنارة", "description": "", "color": "#fbbf24"}}, {"type": "Feature", "geometry": {"type": "LineString", "coordinates": [[39.78140205903073, 21.42073605266863], [39.78136094134467, 21.42148476001965], [39.78222700250866, 21.42168961291465], [39.78233700162849, 21.42061001262979], [39.78228748399138, 21.41952710519011], [39.78216319634025, 21.4190787532931], [39.78189358058517, 21.41846608069732], [39.78078862016345, 21.41762378111938]]}, "properties": {"layer": "lighting", "name": "مسار بلا عنوان", "kind": "نقطة إنارة", "description": "", "color": "#fbbf24"}}, {"type": "Feature", "geometry": {"type": "LineString", "coordinates": [[39.78078447786493, 21.41760724518933], [39.78058756130752, 21.41844146457547], [39.78040930679477, 21.41839850048827], [39.78018816121307, 21.41935238623004], [39.77992216872028, 21.42037417664733]]}, "properties": {"layer": "lighting", "name": "مسار بلا عنوان", "kind": "نقطة إنارة", "description": "", "color": "#fbbf24"}}, {"type": "Feature", "geometry": {"type": "LineString", "coordinates": [[39.77877768731675, 21.41878108813212], [39.77965191020017, 21.41887909917736], [39.77965015685081, 21.41868427337226]]}, "properties": {"layer": "lighting", "name": "مسار بلا عنوان", "kind": "نقطة إنارة", "description": "", "color": "#fbbf24"}}, {"type": "Feature", "geometry": {"type": "LineString", "coordinates": [[39.77931315419752, 21.4176630267952], [39.78038701885929, 21.41759293701007], [39.78078223936868, 21.41762870273207], [39.78100108272292, 21.41658495084182], [39.78088231533479, 21.4165458456032], [39.78110084987843, 21.41560660155395]]}, "properties": {"layer": "lighting", "name": "مسار بلا عنوان", "kind": "نقطة إنارة", "description": "", "color": "#fbbf24"}}, {"type": "Feature", "geometry": {"type": "LineString", "coordinates": [[39.77703251743984, 21.41809398537118], [39.77822456063075, 21.4180243771839]]}, "properties": {"layer": "lighting", "name": "مسار بلا عنوان", "kind": "نقطة إنارة", "description": "", "color": "#fbbf24"}}]}